nome,descricao,linguagem_principal,estrelas,forks,criado_em,atualizado_em
.github,,não informado,45,139,2021-05-18T15:13:12Z,2026-09-03T09:07:11Z
abdera,Mirror of Apache Abdera,Java,20,25,2009-05-21T03:21:27Z,2026-05-12T07:04:32Z
accumulo,Apache Accumulo,Java,1169,487,2011-10-06T07:00:09Z,2026-09-12T15:39:59Z
accumulo-access,Apache Accumulo Access Control Library,Java,8,17,2023-09-07T16:07:02Z,2026-07-22T03:07:32Z
accumulo-bsp,Apache Accumulo BSP,Java,5,6,2016-11-28T08:00:06Z,2026-08-11T09:41:14Z
accumulo-bytes,Apache Fluo Bytes,não informado,4,5,2017-08-04T19:01:26Z,2026-08-12T19:48:06Z
accumulo-classloaders,Apache Accumulo Classloader Extras,Java,4,15,2020-09-23T13:16:14Z,2026-07-22T02:54:31Z
accumulo-docker,Apache Accumulo Docker,Dockerfile,18,24,2017-10-25T18:05:09Z,2026-07-22T02:32:24Z
accumulo-examples,Apache Accumulo Examples,Java,37,38,2016-12-06T08:00:06Z,2026-08-15T21:30:37Z
accumulo-fluo,Apache Fluo,Java,200,73,2013-06-19T20:14:05Z,2026-09-01T04:01:30Z
accumulo-fluo-docker,Apache Fluo Docker,Dockerfile,4,4,2017-09-06T14:38:16Z,2026-07-22T02:22:56Z
accumulo-fluo-examples,Apache Fluo Examples,Java,2,7,2018-04-16T19:46:46Z,2026-07-22T02:37:04Z
accumulo-fluo-recipes,Apache Fluo Recipes,Java,19,19,2015-09-04T01:24:21Z,2026-07-22T02:14:46Z
accumulo-fluo-website,Apache Fluo Website,HTML,7,27,2016-06-24T07:00:05Z,2026-07-22T02:17:12Z
accumulo-fluo-yarn,Apache Fluo Yarn,Shell,5,10,2017-08-04T15:35:16Z,2026-07-22T02:22:16Z
accumulo-instamo-archetype,Apache Accumulo Instamo Archetype,Java,2,4,2016-11-28T08:00:07Z,2026-08-11T09:41:22Z
accumulo-maven-plugin,Apache Accumulo Maven Plugin for Accumulo 2.x,Shell,5,6,2018-10-09T14:51:13Z,2026-07-22T02:40:38Z
accumulo-muchos,Apache Fluo Muchos,Python,27,33,2015-01-21T13:23:09Z,2026-08-11T09:40:57Z
accumulo-pig,Apache Accumulo Pig,Java,2,3,2016-11-28T08:00:07Z,2026-08-11T09:41:31Z
accumulo-proxy,Apache Accumulo Proxy,Java,11,21,2018-10-12T16:11:04Z,2026-07-22T02:40:52Z
accumulo-testing,Apache Accumulo Testing,Java,19,40,2016-12-17T08:00:06Z,2026-09-02T16:02:14Z
accumulo-uno,Apache Accumulo Uno,Shell,40,40,2014-12-17T21:39:31Z,2026-08-14T15:11:13Z
accumulo-website,Apache Accumulo Website,HTML,18,133,2016-11-28T08:00:07Z,2026-09-11T03:36:41Z
accumulo-wikisearch,Apache Accumulo Wikisearch,Java,18,10,2016-11-28T08:00:07Z,2026-08-11T09:41:36Z
ace,Mirror of Apache ACE (incubating),Java,30,22,2010-05-26T23:38:08Z,2026-09-04T11:39:09Z
activemq,Apache ActiveMQ,Java,2458,1498,2009-05-21T01:33:45Z,2026-09-11T17:04:51Z
activemq-activeio,Mirror of Apache ActiveMQ ActiveIO,Java,14,8,2009-09-07T08:03:01Z,2026-03-10T04:54:27Z
activemq-apollo,Mirror of Apache ActiveMQ Apollo,Java,157,70,2011-01-28T08:00:12Z,2026-09-04T19:32:40Z
activemq-cli-tools,Mirror of Apache ActiveMQ CLI Tools,Java,11,9,2017-02-03T08:00:07Z,2026-07-22T02:19:41Z
activemq-cpp,Apache ActiveMQ CPP,C++,113,65,2009-09-07T08:00:40Z,2026-07-24T07:39:10Z
activemq-nms-amqp,Apache ActiveMQ NMS API,C#,63,34,2017-03-04T08:00:06Z,2026-07-22T02:19:54Z
activemq-nms-api,Apache ActiveMQ NMS API,C#,35,32,2017-03-05T08:00:06Z,2026-07-22T02:19:55Z
activemq-nms-ems,Mirror of Apache ActiveMQ NMS.EMS Client Library,C#,2,4,2017-03-07T08:00:06Z,2026-03-10T04:56:20Z
activemq-nms-msmq,Mirror of Apache ActiveMQ NMS.MSMQ Client Library,C#,4,3,2017-03-07T08:00:06Z,2026-03-10T04:55:40Z
activemq-nms-openwire,Apache ActiveMQ NMS OpenWire client library,C#,17,35,2017-03-07T08:00:07Z,2026-08-03T23:34:59Z
activemq-nms-openwire-generator,Mirror of Apache ActiveMQ NMS OpenWire protocol generator tool,Java,3,3,2017-03-07T08:00:07Z,2026-07-22T02:19:59Z
activemq-nms-stomp,Mirror of Apache ActiveMQ NMS.Stomp Client,C#,8,5,2017-03-07T08:00:07Z,2026-07-22T02:20:03Z
activemq-nms-xms,Mirror of Apache ActiveMQ NMS.XMS Client Library,C#,3,2,2017-03-07T08:00:07Z,2026-03-10T04:56:08Z
activemq-nms-zmq,Mirror of Apache ActiveMQ NMS.ZMQ Client Library,C#,1,2,2017-03-07T08:00:07Z,2026-03-10T04:56:34Z
activemq-openwire,Mirror of Apache ActiveMQ OpenWire,Java,18,8,2014-07-23T07:00:06Z,2026-07-22T02:12:11Z
activemq-protobuf,Mirror of Apache ActiveMQ Protobuf,Java,21,9,2009-09-07T08:03:51Z,2026-07-22T02:11:31Z
activemq-stomp,Mirror of Apache ActiveMQ STOMP,Ruby,2,2,2009-09-07T08:00:23Z,2026-03-10T04:56:21Z
activemq-web,Mirror of Apache ActiveMQ,HTML,2,8,2017-12-08T08:00:09Z,2026-03-10T04:56:20Z
activemq-website,Apache ActiveMQ Website,HTML,26,66,2018-10-09T22:53:50Z,2026-09-11T21:16:13Z
age,Graph database optimized for fast analysis and real-time data processing. It is provided as an extension to PostgreSQL.,C,4818,523,2020-07-01T06:15:47Z,2026-09-12T18:14:16Z
age-viewer,Graph database optimized for fast analysis and real-time data processing. It is provided as an extension to PostgreSQL.,JavaScript,387,269,2021-08-19T15:49:10Z,2026-09-12T03:07:39Z
age-website,AGE Project,Shell,42,69,2020-07-01T06:20:58Z,2026-07-22T02:52:53Z
airavata,A general purpose Distributed Systems Framework,Java,154,146,2014-01-29T08:00:06Z,2026-09-09T17:04:35Z
airavata-admin-user-docs,Apache airavata,não informado,0,1,2022-06-23T14:54:53Z,2026-07-22T03:02:22Z
airavata-cerebrum,Apache Airavata Cerebrum,Python,5,9,2023-11-28T13:08:57Z,2026-09-08T15:10:56Z
airavata-cookiecutter-django-app,Apache airavata,Python,0,1,2023-09-27T18:48:19Z,2026-07-22T03:07:44Z
airavata-cookiecutter-django-output-view,Apache airavata,Python,0,0,2023-09-27T18:49:00Z,2026-07-22T03:07:46Z
airavata-custos,Apache Airavata Custos Security,Go,21,39,2019-02-14T18:41:17Z,2026-09-11T19:48:34Z
airavata-custos-docs,Apache airavata,não informado,0,0,2022-04-26T21:30:51Z,2026-07-22T03:01:45Z
airavata-custos-portal,Portal Interface for Apache Airavata Custos Security,Vue,0,10,2020-04-02T19:53:20Z,2026-07-22T02:50:49Z
airavata-data-catalog,Apache Airavata Data Catalog,Java,10,6,2023-01-31T14:59:29Z,2026-07-22T03:05:07Z
airavata-data-lake,Apache Airavata Data Lake,Java,9,5,2020-11-10T13:49:14Z,2026-07-22T02:54:53Z
airavata-django-portal,Apache Airavata Django Portal Framework,Python,36,49,2017-09-02T07:00:08Z,2026-07-22T02:22:47Z
airavata-django-portal-commons,Apache airavata,Python,0,0,2022-11-01T16:11:18Z,2026-07-22T03:04:02Z
airavata-django-portal-sdk,Apache Airavata Django Portal SDK,Python,0,2,2020-08-10T16:52:17Z,2026-07-22T02:53:28Z
airavata-docs,Mirror of Apache Aravata Docs,não informado,6,8,2016-03-03T08:00:06Z,2026-07-22T17:51:06Z
airavata-jupyter-kernel,Apache Airavata Jupyter Kernels,não informado,0,0,2022-01-17T01:49:32Z,2026-07-22T03:00:38Z
airavata-labs,Mirror of Apache Airavata Labs,não informado,2,1,2015-03-10T19:06:28Z,2026-07-22T02:13:10Z
airavata-mft,Apache Airavata Managed File Transfer Services,Java,41,37,2019-06-21T19:36:26Z,2026-07-22T02:45:34Z
airavata-mft-portal,Portal for Apache Airavata Managed File Transfer Services,Python,3,4,2020-04-04T11:33:54Z,2026-07-22T02:50:53Z
airavata-php-gateway,Mirror of Apache Airavata PHP Gateway,PHP,20,34,2015-03-10T19:06:29Z,2026-07-22T02:13:12Z
airavata-portals,Apache airavata,JavaScript,5,9,2025-06-21T14:36:43Z,2026-07-22T06:10:52Z
airavata-sandbox,Sanbox repository for explaratory Apache Airavata features,JavaScript,1,23,2014-06-04T07:00:07Z,2026-07-22T02:11:47Z
airavata-site,Apache Airavata Website,HTML,6,13,2016-04-02T07:00:06Z,2026-07-22T02:16:40Z
airavata-user-docs,Apache Airavata User Documentation,não informado,0,0,2022-04-01T15:02:36Z,2026-07-22T03:01:35Z
airflow,"Apache Airflow - A platform to programmatically author, schedule, and monitor workflows",Python,46839,17817,2015-04-13T18:04:58Z,2026-09-12T21:01:52Z
airflow-cancel-workflow-runs,Fork of potiukcancel-workflow-runs action,TypeScript,0,1,2020-12-27T13:18:16Z,2023-07-25T14:42:00Z
airflow-checks-action,Fork of LouisBrunnerchecks-action action,TypeScript,1,1,2020-12-27T13:19:19Z,2023-07-25T14:42:00Z
airflow-ci,Apache Airflow CI pipeline,Dockerfile,19,8,2018-08-19T17:55:59Z,2025-01-19T12:44:01Z
airflow-ci-infra,Automation around CI infrastructure for Apache Airflow,Python,5,8,2020-12-15T14:24:05Z,2026-07-22T02:55:15Z
airflow-client-go,Apache Airflow - OpenApi Client for Go,Go,220,26,2020-06-28T11:19:52Z,2026-08-05T02:41:54Z
airflow-client-java,Apache Airflow - OpenApi Client for Java,não informado,2,7,2020-06-28T11:20:12Z,2026-07-22T02:52:43Z
airflow-client-javascript,Apache Airflow - OpenApi Client for Javascript,não informado,2,1,2020-06-28T11:21:07Z,2026-07-22T02:52:47Z
airflow-client-python,Apache Airflow - OpenApi Client for Python,Python,467,74,2020-06-28T11:20:41Z,2026-09-03T12:15:48Z
airflow-codecov-action,Fork of codecovcodecov-action,JavaScript,1,2,2020-12-27T16:25:08Z,2023-01-28T10:58:53Z
airflow-configure-aws-credentials,Apache airflow,JavaScript,0,1,2020-12-27T14:04:55Z,2023-07-25T14:42:01Z
airflow-flask-openid-fork,Flask OpenID fork with setuptools fix,Python,0,1,2021-09-08T10:05:15Z,2023-07-25T14:49:29Z
airflow-get-workflow-origin,Fork of potiukget-workflow-origin action,TypeScript,1,1,2020-12-27T13:17:24Z,2023-11-11T15:13:55Z
airflow-github-push-action,Fork of ad-mgithub-push-action action,JavaScript,1,2,2020-12-27T13:20:24Z,2023-01-28T10:58:57Z
airflow-helm-unittest,Helm unit test used in Apache Airflow,Go,10,2,2020-07-04T12:10:43Z,2023-07-25T14:37:10Z
airflow-JamesIves-github-pages-deploy-action,Fork of JamesIves github-pages-deploy-action,TypeScript,0,1,2020-12-28T11:28:33Z,2023-07-25T14:42:02Z
airflow-label-when-approved,Fork of TobKedlabel-when-approved-action action,TypeScript,0,2,2020-12-27T13:21:57Z,2023-07-25T14:42:01Z
airflow-mssql-migration,Apache airflow,Python,2,1,2023-12-29T17:48:28Z,2026-07-22T03:08:46Z
airflow-on-k8s-operator,Airflow on Kubernetes Operator,Go,86,24,2020-01-15T18:24:19Z,2026-03-14T14:05:00Z
airflow-openldap,Apache Airflow OpenLDAP used for testing,Shell,1,1,2020-07-04T13:32:35Z,2023-04-23T03:28:49Z
airflow-pgbouncer-exporter,Apache airflow,Go,2,2,2020-07-02T15:26:37Z,2023-07-25T14:37:06Z
airflow-pre-commit-action,Fork of pre-commitaction,JavaScript,1,2,2020-12-28T11:25:02Z,2023-01-28T10:58:55Z
airflow-publish,Publishing PyPI packages for Apache Airflow,Python,1,3,2024-12-12T23:29:52Z,2026-07-22T03:12:31Z
airflow-site,Apache Airflow Website,HTML,174,432,2019-01-05T08:59:30Z,2026-09-12T11:33:28Z
airflow-site-archive,Apache Airflow Site Archive - archive of all produced documentation for Apache Airflow,não informado,1,5,2023-04-26T00:40:40Z,2026-08-23T21:57:02Z
airflow-steward-test,Apache airflow,não informado,1,0,2026-04-29T08:26:53Z,2026-07-22T06:09:42Z
airflow-upgrade-check,Apache airflow,não informado,0,0,2020-11-02T16:18:42Z,2023-01-28T10:58:56Z
allura,"Apache Allura - a software forge to manage source code repositories, bug reports, discussions, wiki pages, blogs, and more",Python,148,38,2014-04-05T07:00:06Z,2026-09-10T17:06:01Z
allura-site,Apache Allura Website,não informado,4,4,2019-01-17T20:59:41Z,2026-07-22T02:42:31Z
ambari,"Apache Ambari simplifies provisioning, managing, and monitoring of Apache Hadoop clusters.",Java,2313,1741,2011-09-23T07:00:08Z,2026-09-12T06:08:24Z
ambari-deploy,Apache ambari,Python,2,2,2025-04-21T04:26:55Z,2026-07-22T03:13:29Z
ambari-infra,Apache Ambari Infra is a sub project of Apache Ambari.,Java,22,46,2018-09-25T18:14:33Z,2026-07-22T02:40:29Z
ambari-logsearch,Apache Ambari Logsearch is a sub project of Apache Ambari.,Java,31,53,2018-09-25T18:07:23Z,2026-07-28T03:22:16Z
ambari-metrics,Apache Ambari Metrics is a sub project of Apache Ambari.,Java,54,87,2018-09-25T18:12:23Z,2026-07-22T02:40:27Z
ambari-website,Apache Ambari Site,MDX,4,17,2023-03-15T08:58:09Z,2026-09-09T01:51:11Z
amoro,Apache Amoro(incubating) is a Lakehouse management system built on open data lake formats.,Java,1181,395,2022-07-14T01:54:10Z,2026-09-12T16:19:42Z
amoro-shade,Apache Amoro(incubating) is a Lakehouse management system built on open data lake formats.,Shell,3,4,2024-04-08T02:00:56Z,2026-07-22T03:09:38Z
amoro-site,Apache Amoro Website,SCSS,8,18,2023-08-01T03:34:24Z,2026-07-22T03:07:16Z
answer,"A Q&A platform software for teams at any scales. Whether it's a community forum, help center, or knowledge management platform, you can always count on Apache Answer.",Go,15679,1364,2022-09-29T05:16:19Z,2026-09-12T18:17:32Z
answer-plugins,The Apache Answer plugins repository.,Go,131,75,2023-02-01T08:02:09Z,2026-08-06T07:53:59Z
answer-website,Apache Answer official website.,TypeScript,48,70,2022-10-13T02:58:21Z,2026-09-02T01:30:00Z
ant,Apache Ant is a Java-based build tool.,Java,471,457,2014-05-28T07:00:08Z,2026-09-07T15:07:35Z
ant-antlibs-antunit,Mirror of Apache AntUnit - Unit Test Framework for Ant Tasks,Java,10,11,2014-05-28T07:00:07Z,2026-08-18T07:04:17Z
ant-antlibs-common,Mirror of Apache Antlib common files,XSLT,4,6,2014-05-28T07:00:08Z,2026-08-17T16:51:06Z
ant-antlibs-compress,Mirror of Apache Compress Antlib,Java,7,4,2014-05-28T07:00:08Z,2026-07-22T02:11:39Z
ant-antlibs-cyclonedx,Apache ant,Java,1,2,2026-04-26T09:23:13Z,2026-09-07T06:31:47Z
ant-antlibs-dotnet,Mirror of Apache DotNet Antlib,Java,7,8,2014-05-28T07:00:08Z,2026-06-30T10:50:11Z
ant-antlibs-props,Mirror of Apache Props Antlib,Java,7,9,2014-05-28T07:00:08Z,2026-08-18T07:05:17Z
ant-antlibs-s3,Apache Ant library for S3,Java,0,1,2022-03-01T04:25:20Z,2026-07-22T03:01:13Z
ant-antlibs-svn,Mirror of Apache SVN Antlib,Java,3,1,2014-05-28T07:00:08Z,2023-10-01T06:58:46Z
ant-antlibs-vss,Mirror of Apache VSS Antlib,Java,2,2,2014-05-28T07:00:08Z,2026-06-30T10:49:52Z
ant-easyant-buildtypes,Mirror of Apache EasyAnt build types,Java,3,2,2014-06-17T07:00:06Z,2026-05-17T11:23:11Z
ant-easyant-core,Mirror of Apache EasyAnt core,Java,4,7,2014-06-17T07:00:07Z,2026-05-17T11:24:15Z
ant-easyant-easyant4e,Mirror of Apache EasyAnt for Eclipse,Java,2,2,2014-06-17T07:00:07Z,2026-05-17T11:24:25Z
ant-easyant-plugins,Mirror of Apache EasyAnt plugins,Java,4,2,2014-06-17T07:00:07Z,2026-05-17T11:24:38Z
ant-easyant-skeletons,Mirror of Apache EasyAnt skeletons,Go Template,3,3,2014-06-17T07:00:07Z,2026-05-17T11:24:45Z
ant-easyant-tasks,Mirror of Apache EasyAnt tasks,Java,3,2,2014-06-17T07:00:07Z,2026-05-17T11:24:54Z
ant-ivy,Mirror of Apache Ant Ivy,Java,79,115,2014-05-28T07:00:08Z,2026-08-18T07:04:49Z
ant-ivy-site-styles,Mirror of Apache Ivy (+DE) Site Styles,não informado,1,0,2014-12-02T08:00:05Z,2026-07-22T02:12:47Z
ant-ivyde,Mirror of Apache Ivy Eclipse Plugin,Java,13,16,2014-05-28T07:00:08Z,2025-08-25T12:12:09Z
any23,"Apache Anything To Triples (Any23) is a library, a web service and a command line tool that extracts structured data in RDF format from a variety of Web documents.",HTML,98,53,2012-06-04T07:00:25Z,2025-08-13T11:09:47Z
any23-committers,Apache Any23 - committers repo,Shell,2,0,2019-01-25T13:49:17Z,2023-07-03T13:39:30Z
any23-plugins,Apache Any23 Plugins Project,Java,1,1,2019-10-01T02:50:13Z,2023-07-03T13:39:31Z
any23-server,Apache Any23 Server Project,Java,3,3,2019-10-01T02:49:53Z,2023-07-03T13:39:30Z
apache-boxer-test,Apache apache,não informado,2,0,2025-08-12T18:49:00Z,2026-07-22T06:10:38Z
apache-website-template,Apache Website Template,não informado,39,38,2015-11-19T08:00:05Z,2026-09-09T16:03:41Z
apache.github.io,Top Level Github Pages for the Apache Software Foundation,HTML,2,4,2019-11-15T11:44:46Z,2026-07-22T02:48:05Z
apachecon-acasia,Community Over Code Asia - Asia edition of the flagship ASF conference,HTML,22,95,2021-03-12T16:39:54Z,2026-08-14T10:31:32Z
apachecon-eu,Community Over Code EU - EU edition of the flagship ASF conference,HTML,6,11,2023-08-01T15:42:32Z,2026-07-22T03:07:17Z
apachecon-site,ApacheCon Web Site,não informado,2,0,2019-05-17T15:02:51Z,2026-07-22T02:44:49Z
apex-core,Mirror of Apache Apex core,Java,350,171,2015-08-25T07:00:05Z,2025-11-09T12:19:27Z
apex-malhar,Mirror of Apache Apex malhar,Java,134,142,2015-08-25T07:00:05Z,2026-09-07T07:56:04Z
apex-site,Mirror of Apache Apex site,CSS,10,22,2015-09-09T07:00:05Z,2025-08-20T16:03:06Z
apisix,The Cloud-Native API Gateway and AI Gateway,Lua,17111,2942,2019-04-10T02:02:05Z,2026-09-12T18:56:02Z
apisix-control-plane,The Control-Plane for APISIX,Go,33,15,2020-07-29T03:54:04Z,2026-07-22T02:53:14Z
apisix-dashboard,Dashboard for Apache APISIX,TypeScript,1208,617,2019-07-01T09:50:11Z,2026-09-12T02:20:38Z
apisix-dashboard-built,,CSS,6,4,2019-10-14T04:12:31Z,2026-07-22T02:47:23Z
apisix-docker,the docker for Apache APISIX,Dockerfile,869,498,2019-06-04T01:07:54Z,2026-08-29T12:29:52Z
apisix-go-plugin-runner,Go Plugin Runner for APISIX,Go,198,68,2021-05-30T12:09:55Z,2026-08-06T06:14:11Z
apisix-helm-chart,Apache APISIX Helm Chart,Go Template,289,282,2020-06-19T02:06:59Z,2026-09-08T01:36:22Z
apisix-ingress-controller,APISIX Ingress Controller for Kubernetes,Go,1142,390,2019-11-13T13:41:00Z,2026-09-11T06:18:17Z
apisix-ingress-docker,the docker for Apache APISIX ingress controller,Dockerfile,6,8,2020-12-15T01:41:11Z,2026-07-22T02:55:14Z
apisix-java-plugin-runner,APISIX Plugin Runner in Java,Java,152,100,2021-05-13T05:42:58Z,2026-07-22T02:57:28Z
apisix-profiler,Profiler for API Gateway Apache APISIX,C,21,13,2022-08-05T04:14:04Z,2026-07-22T03:02:48Z
apisix-python-plugin-runner,Apache APISIX Python plugin runner,Python,42,24,2021-08-02T13:53:03Z,2026-09-03T06:20:01Z
apisix-website,Apache APISIX Website,JavaScript,146,204,2019-04-09T02:19:43Z,2026-09-11T10:31:21Z
apr,Mirror of Apache Portable Runtime,C,532,219,2009-03-27T15:41:55Z,2026-08-10T12:38:48Z
apr-iconv,Mirror of Apache Portable Runtime iconv,C,22,16,2009-03-27T15:41:52Z,2026-07-22T02:00:43Z
apr-util,Mirror of Apache Portable Runtime util,C,85,69,2009-03-27T15:41:58Z,2026-08-25T13:03:33Z
apreq,Mirror of Apache HTTP Request Library,C,12,9,2010-09-04T07:00:07Z,2026-05-08T13:21:46Z
archiva,Apache Archiva Repository,Java,334,123,2014-04-10T07:00:07Z,2026-07-18T12:46:43Z
archiva-components,Components used by Apache Archiva and Redback,Java,1,3,2019-10-17T08:11:00Z,2024-04-25T13:25:15Z
archiva-jenkins-lib,Apache Archiva Shared Jenkins Pipeline,Groovy,1,0,2018-12-28T23:44:26Z,2025-08-25T03:03:53Z
archiva-parent,Archiva Parent Pom Project,não informado,0,4,2018-04-18T17:39:09Z,2024-04-25T13:25:17Z
archiva-redback-components,Mirror of Apache Redback components,Java,2,7,2012-04-28T07:00:27Z,2026-07-22T02:10:28Z
archiva-redback-components-expression-evaluator,Apache archiva,não informado,1,0,2018-04-09T07:39:24Z,2024-04-25T13:25:22Z
archiva-redback-components-modello-plugins,Apache archiva,não informado,1,0,2018-04-09T07:39:52Z,2024-04-25T13:25:15Z
archiva-redback-components-parent,Apache archiva,não informado,1,1,2018-04-09T07:37:56Z,2024-04-25T13:25:18Z
archiva-redback-components-redback-features,Apache archiva,não informado,1,0,2018-04-09T07:40:18Z,2024-04-25T13:25:19Z
archiva-redback-components-site,Apache archiva,Shell,1,1,2018-04-09T07:38:23Z,2024-04-25T13:25:16Z
archiva-redback-components-spring-apacheds,Apache archiva,não informado,1,1,2018-04-09T07:40:40Z,2024-04-25T13:25:20Z
archiva-redback-components-spring-cache,Apache archiva,não informado,1,0,2018-04-09T07:40:58Z,2024-04-25T13:25:17Z
archiva-redback-components-spring-quartz,Apache archiva,não informado,2,3,2018-04-09T07:41:16Z,2024-04-25T13:25:21Z
archiva-redback-components-spring-registry,Apache archiva,não informado,1,0,2018-04-09T07:41:33Z,2024-04-25T13:25:19Z
archiva-redback-components-spring-taskqueue,Apache archiva,não informado,1,0,2018-04-09T07:41:54Z,2024-04-25T13:25:21Z
archiva-redback-components-spring-utils,Apache archiva,Java,1,0,2018-04-09T07:42:18Z,2024-04-25T13:25:18Z
archiva-redback-core,Apache Archiva Redback Repository,Java,4,14,2014-04-11T07:00:06Z,2025-02-06T17:41:30Z
archiva-redback-site,Apache Archiva Redback Web Content,Shell,1,0,2018-11-14T20:00:25Z,2024-04-25T13:25:14Z
archiva-sandbox,Apache Archiva sandbox,Java,3,2,2011-10-25T07:00:12Z,2024-04-25T13:25:22Z
archiva-site,Apache Archiva,CSS,0,4,2014-04-10T07:00:06Z,2024-04-25T13:25:20Z
archiva-web-content,Apache Archiva web site content used with gitpubsub,HTML,2,0,2018-11-01T21:27:19Z,2025-10-15T11:27:38Z
aries,Apache Aries,Java,124,159,2009-09-30T08:00:10Z,2026-09-11T17:55:01Z
aries-antora,Apache aries Antora website playbook project,Shell,0,2,2020-08-17T22:49:38Z,2026-07-22T02:53:42Z
aries-antora-site,Apache aries Antora website main content,HTML,1,4,2020-08-17T23:31:28Z,2026-07-22T02:53:44Z
aries-antora-ui,Apache aries Antora website UI project,Handlebars,1,2,2020-08-17T18:50:23Z,2026-07-22T02:53:40Z
aries-cdi,Apache Aries CDI,Java,6,6,2019-03-21T13:58:44Z,2026-07-22T02:43:39Z
aries-component-dsl,Apache Aries component DSL,Java,5,6,2019-03-21T13:58:13Z,2026-07-22T02:43:37Z
aries-containers,Apache Aries Container management subproject,Java,2,2,2017-05-24T07:00:07Z,2026-07-22T02:21:01Z
aries-jax-rs-whiteboard,Apache Aries JAX RS Whiteboard,Java,27,31,2016-11-28T08:00:08Z,2026-07-22T02:18:51Z
aries-journaled-events,Apache aries,Java,1,4,2018-12-30T09:34:20Z,2026-07-22T02:41:57Z
aries-jpa,Apache Aries JPA,Java,12,20,2017-04-14T07:00:06Z,2026-08-25T07:15:12Z
aries-rsa,Apache Aries Remote Services Admin,Java,14,26,2016-03-11T08:00:05Z,2026-08-27T17:43:52Z
aries-site,Apache aries website,HTML,2,1,2019-07-02T17:44:06Z,2026-07-22T02:45:49Z
aries-site-pub,Apache aries published website,HTML,1,2,2020-08-17T23:32:54Z,2026-07-22T02:53:46Z
aries-tx-control,Apache Aries Transaction Control,Java,2,4,2018-01-04T16:03:10Z,2026-07-22T02:35:34Z
aries-typedevent,Apache aries,Java,3,7,2020-09-11T17:00:39Z,2026-07-22T02:54:22Z
arrow,Apache Arrow is the universal columnar format and multi-language toolbox for fast data interchange and in-memory analytics,C++,17099,4296,2016-02-17T08:00:23Z,2026-09-12T16:44:36Z
arrow-adbc,Database connectivity API standard and libraries for Apache Arrow,C#,627,217,2022-06-01T15:08:49Z,2026-09-10T04:57:41Z
arrow-cookbook,Apache Arrow Cookbook,C++,108,49,2021-07-13T12:31:51Z,2026-09-01T20:14:00Z
arrow-dist,Apache Arrow,Shell,4,13,2017-06-20T14:26:14Z,2023-08-22T17:04:59Z
arrow-dotnet,Official .NET implementation of Apache Arrow,C#,39,30,2025-03-31T02:45:50Z,2026-09-07T03:55:49Z
arrow-erlang,Official Erlang implementation of Apache Arrow,Erlang,15,2,2023-03-22T10:59:20Z,2026-09-09T00:46:59Z
arrow-experimental-rs-arrow2,Experimental Rust implementation of Apache Arrow,não informado,2,0,2021-06-27T05:21:27Z,2026-08-10T16:33:33Z
arrow-experimental-rs-parquet2,Experimental Rust implementation of Apache Arrow Parquet,não informado,2,0,2021-06-19T04:46:02Z,2026-07-22T02:57:51Z
arrow-experiments,Apache Arrow Development Experiments,C++,25,19,2021-12-13T19:55:12Z,2026-08-26T14:57:43Z
arrow-flight-sql-postgresql,Apache Arrow Flight SQL adapter for PostgreSQL,C++,116,10,2023-01-25T06:22:32Z,2026-08-26T19:08:02Z
arrow-go,Official Go implementation of Apache Arrow,Assembly,402,145,2024-08-29T03:03:01Z,2026-09-08T19:19:30Z
arrow-java,Official Java implementation of Apache Arrow,Java,94,152,2024-11-25T02:39:25Z,2026-09-12T06:32:50Z
arrow-js,Official JavaScript implementation of Apache Arrow,TypeScript,111,23,2025-05-14T07:32:32Z,2026-09-11T04:01:20Z
arrow-julia,Official Julia implementation of Apache Arrow,Julia,311,78,2020-08-28T12:54:32Z,2026-07-24T19:05:45Z
arrow-nanoarrow,Helpers for Arrow C Data & Arrow C Stream interfaces,C,248,68,2022-07-07T13:08:51Z,2026-09-12T12:21:53Z
arrow-rs,Official Rust implementation of Apache Arrow,Rust,3606,1316,2021-04-17T15:40:05Z,2026-09-11T21:07:27Z
arrow-rs-object-store,Rust object_store crate,Rust,322,209,2025-03-20T18:17:12Z,2026-09-12T10:55:23Z
arrow-site,Apache Arrow Website,HTML,40,133,2016-02-17T08:00:06Z,2026-09-08T21:48:01Z
arrow-skyhook,C++ component that interfaces Arrow with the Ceph distributed filesystem,C++,2,1,2025-06-16T06:55:26Z,2026-07-22T06:10:56Z
arrow-swift,Official Swift implementation of Apache Arrow,Swift,32,18,2025-05-23T07:45:02Z,2026-09-10T06:38:23Z
arrow-testing,Auxiliary testing files for Apache Arrow,Shell,18,45,2018-08-14T17:29:27Z,2026-07-22T02:39:41Z
artemis,Apache Artemis,Java,1044,958,2015-05-22T07:00:05Z,2026-09-11T17:30:55Z
artemis-console,Apache Artemis Console,TypeScript,10,20,2024-04-22T14:42:43Z,2026-08-11T10:09:54Z
artemis-examples,Apache Artemis Examples,Java,42,39,2023-12-14T12:22:20Z,2026-09-09T19:58:48Z
artemis-native,Apache Artemis Native,Java,12,15,2019-02-27T21:27:43Z,2026-08-27T22:20:36Z
artemis-website,Apache Artemis Website,HTML,5,7,2025-11-28T16:10:14Z,2026-09-11T11:26:07Z
asterixdb,Mirror of Apache AsterixDB,Java,318,165,2015-03-10T19:06:29Z,2026-09-12T20:07:51Z
asterixdb-bad,Mirror of BAD project,Java,1,0,2016-09-10T07:00:06Z,2026-07-22T02:17:44Z
asterixdb-clients,Apache AsterixDB Clients,Java,2,1,2021-10-01T22:46:36Z,2026-07-22T02:59:38Z
asterixdb-graph,Apache asterixdb,Java,1,0,2022-05-25T21:26:06Z,2026-07-22T03:02:04Z
asterixdb-hyracks,Apache AsterixDB Hyracks,Java,19,30,2015-03-27T07:00:06Z,2026-07-22T02:13:32Z
asterixdb-mcp,Apache asterixdb,não informado,0,0,2026-07-30T22:30:41Z,2026-07-30T22:30:42Z
asterixdb-site,Mirror of Apache Asterix Site,HTML,1,4,2016-06-10T07:00:05Z,2026-07-22T02:17:08Z
asyncband,This crate provides concurrency control and async coordination primitives that are runtime agnostic.,Rust,265,34,2024-10-25T18:28:30Z,2026-09-12T16:12:45Z
asyncband-site,Apache Asyncband (Incubating) Website,TypeScript,0,0,2026-08-23T16:10:23Z,2026-09-11T15:35:52Z
atlas,Apache Atlas - Open Metadata Management and Governance capabilities across the Hadoop platform and beyond,Java,2141,903,2017-07-22T07:00:08Z,2026-09-10T09:00:57Z
atlas-website,Mirror of Apache Atlas Website,HTML,4,1,2017-07-22T07:00:07Z,2026-07-22T02:22:04Z
attic,Attic,Ruby,3,275,2025-04-13T17:49:19Z,2026-08-22T20:51:44Z
attic-docker,Apache attic,Lua,0,0,2025-01-12T14:27:14Z,2025-10-13T08:55:23Z
attic-site,Read-only Mirror of the Apache Attic Website,Python,2,5,2022-07-05T08:06:46Z,2025-04-26T06:48:46Z
attic-test,Apache Attic Test Repo,Shell,1,0,2018-04-30T16:05:23Z,2026-07-22T02:37:34Z
auron,"Apache Auron(Incubating) is an accelerator for big data engines, leveraging native vectorized execution to accelerate query processing.",Rust,1801,241,2021-06-28T07:29:43Z,2026-09-12T15:30:58Z
auron-sites,Apache Auron (Incubating) Site,TypeScript,4,6,2024-12-03T03:21:21Z,2026-08-31T09:13:04Z
aurora,"Apache Aurora - A Mesos framework for long-running services, cron jobs, and ad-hoc jobs",Java,637,227,2013-11-05T08:00:13Z,2026-09-11T04:24:21Z
aurora-packaging,Mirror of Apache Aurora,Shell,22,25,2015-08-05T07:00:05Z,2023-07-25T13:57:27Z
aurora-website,Apache Aurora's website,HTML,2,1,2019-02-08T09:29:01Z,2025-08-20T16:11:53Z
avro,Apache Avro is a data serialization system.,Java,3306,1772,2009-05-21T02:48:37Z,2026-09-12T12:45:45Z
avro-rs,Rust SDK for Apache Avro - a data serialization system.,Rust,130,62,2024-09-23T11:00:00Z,2026-09-11T02:58:02Z
axis-axis1-c,Apache Axis1 C,C++,1,1,2020-03-20T01:57:25Z,2026-07-22T02:50:23Z
axis-axis1-java,Apache Axis1 Java,Java,15,32,2020-03-20T01:57:50Z,2026-09-07T23:34:15Z
axis-axis1-site-src,Apache axis,não informado,2,0,2020-03-24T18:18:17Z,2026-07-22T02:50:33Z
axis-axis2-c-core,"Apache Axis2/C - JSON/REST and SOAP web services framework in C. Runs as an Apache httpd module, standalone, or embedded; supports HTTP/2, Android and MCP.",C,15,5,2020-03-20T01:26:14Z,2026-09-07T16:32:43Z
axis-axis2-c-rampart,Apache Axis2-C Rampart,C,1,0,2020-03-20T01:46:36Z,2026-07-22T02:50:05Z
axis-axis2-c-sandesha,Apache Axis2-C Sandesha,C,1,1,2020-03-20T01:47:27Z,2026-07-22T02:50:07Z
axis-axis2-c-savan,Apache Axis2-C Savan,C,2,0,2020-03-20T01:47:54Z,2026-07-22T02:50:09Z
axis-axis2-java-core,Apache Axis2-Java Core,Java,49,53,2020-03-20T01:50:14Z,2026-09-09T16:13:39Z
axis-axis2-java-kandula,Apache Axis2-Java Kandula,Java,1,0,2020-03-20T01:50:37Z,2026-07-22T02:50:13Z
axis-axis2-java-rampart,Apache Axis2-Java Rampart,Java,4,7,2020-03-20T01:51:00Z,2026-09-03T02:43:09Z
axis-axis2-java-sandesha,Apache Axis2-Java Sandesha,Java,1,1,2020-03-20T01:51:24Z,2026-07-22T02:50:17Z
axis-axis2-java-savan,Apache Axis2-Java Savan,Java,1,0,2020-03-20T01:51:46Z,2026-07-22T02:50:19Z
axis-axis2-java-transports,Apache Axis2-Java Transports,Java,1,0,2020-03-20T01:52:12Z,2026-07-22T02:50:21Z
axis-site,Apache Axis Website,HTML,5,3,2020-03-20T02:01:54Z,2026-07-22T02:50:27Z
bahir,Mirror of Apache Bahir,Scala,336,193,2016-05-29T07:00:06Z,2026-06-14T20:27:25Z
bahir-flink,Mirror of Apache Bahir Flink,Java,776,414,2016-08-18T07:00:06Z,2026-07-13T20:13:11Z
bahir-website,Mirror of Apache Bahir Website,CSS,19,14,2016-05-29T07:00:05Z,2025-08-20T16:14:43Z
beam,Apache Beam is a unified programming model for Batch and Streaming data processing.,Java,8660,4650,2016-02-02T08:00:06Z,2026-09-12T16:09:03Z
beam-site,Apache Beam Site,não informado,30,124,2016-02-26T08:00:05Z,2026-07-22T02:16:20Z
beam-starter-go,Apache Beam starter repo for Go,Go,11,6,2022-02-07T18:45:24Z,2026-07-22T03:00:51Z
beam-starter-java,Apache Beam starter repo for Java,Java,8,12,2022-02-07T18:44:48Z,2026-09-01T13:48:51Z
beam-starter-java-provider,Apache beam,Java,3,3,2025-01-16T21:23:21Z,2026-09-07T02:09:14Z
beam-starter-kotlin,Apache Beam starter repo for Kotlin,Kotlin,6,4,2022-02-07T18:45:40Z,2026-07-22T03:00:53Z
beam-starter-python,Apache Beam starter repo for Python,Python,22,11,2022-02-07T18:45:07Z,2026-07-22T03:00:50Z
beam-starter-python-provider,Apache beam,Python,0,2,2025-01-16T21:22:28Z,2026-08-04T18:43:30Z
beam-starter-scala,Apache Beam starter repo for Scala,não informado,0,1,2022-02-07T18:46:03Z,2026-07-22T03:00:54Z
beam-starter-typescript,Apache beam,TypeScript,11,4,2023-01-19T00:43:23Z,2026-07-22T03:04:56Z
beam-swift,Apache beam,Swift,1,3,2023-09-29T19:22:39Z,2026-08-04T18:43:36Z
beam-wheels,Apache Beam - Wheels,Shell,7,15,2018-08-13T19:05:26Z,2026-07-22T02:39:37Z
bifromq,"Apache BifroMQ (Incubating) is a high-performance, distributed MQTT broker that natively supports multi-tenancy. It is designed to enable the building of large-scale IoT device connectivity and messaging systems.",Java,791,95,2023-05-29T07:27:30Z,2026-09-12T15:31:11Z
bifromq-sites,Apache BifroMQ (Incubating) Website,HTML,10,9,2023-05-29T07:05:34Z,2026-09-08T15:42:36Z
bigtop,"Bigtop is an Apache Foundation project for Infrastructure Engineers and Data Scientists looking for comprehensive packaging, testing, and configuration of the leading open source big data components.",Groovy,683,529,2011-08-04T16:09:56Z,2026-09-11T11:15:08Z
bigtop-manager,"Bigtop Manager is a modern, AI-driven web application designed to simplify the complexity of bigdata cluster management.",Java,123,50,2024-06-01T05:06:06Z,2026-09-04T14:25:46Z
bloodhound,Mirror of Apache Bloodhound,Python,148,29,2013-04-08T07:20:19Z,2026-07-22T02:10:02Z
bloodhound-core,Apache bloodhound,Python,7,6,2020-09-23T18:20:22Z,2025-10-13T13:45:29Z
bloodhound-site,Apache Bloodhound Website Repository,HTML,2,1,2023-08-25T03:30:49Z,2025-10-13T13:46:39Z
bookkeeper,"Apache BookKeeper - a scalable, fault tolerant and low latency storage service optimized for append-only workloads",Java,2013,976,2011-04-06T07:00:07Z,2026-09-11T23:16:19Z
brooklyn,Apache Brooklyn,Dockerfile,147,65,2015-12-02T08:00:06Z,2026-07-31T03:16:56Z
brooklyn-client,Apache Brooklyn Client,Go,13,28,2015-12-02T08:00:06Z,2026-07-22T02:15:35Z
brooklyn-dist,Apache Brooklyn Dist,Shell,12,30,2015-12-02T08:00:06Z,2026-07-22T02:15:37Z
brooklyn-docs,Mirror of Apache Brooklyn docs,JavaScript,10,36,2015-12-02T08:00:06Z,2026-07-28T08:09:41Z
brooklyn-library,Apache Brooklyn Library,Java,11,35,2015-12-02T08:00:06Z,2026-07-22T02:15:41Z
brooklyn-server,Apache Brooklyn Server,Java,43,53,2015-12-02T08:00:06Z,2026-07-22T02:15:43Z
brooklyn-ui,Apache Brooklyn UI,JavaScript,16,40,2015-12-02T08:00:06Z,2026-07-22T02:15:45Z
brpc,"brpc is an Industrial-grade RPC framework using C++ Language, which is often used in high performance system such as Search, Storage, Machine learning, Advertisement, Recommendation etc. ""brpc"" means ""better RPC"".",C++,17603,4144,2017-09-04T09:28:47Z,2026-09-12T08:20:58Z
brpc-website,Apache bRPC Website,CSS,18,30,2019-08-30T05:30:26Z,2026-07-22T02:46:49Z
buildr,Mirror of Apache Buildr,Ruby,140,87,2009-05-21T03:16:15Z,2026-05-22T00:33:02Z
buildstream,"BuildStream, the software integration tool",Python,140,45,2021-02-02T09:34:19Z,2026-09-12T10:57:24Z
buildstream-plugins,BuildStream plugins,Python,8,16,2022-04-02T18:58:18Z,2026-09-03T02:45:15Z
buildstream-site,Apache buildstream,HTML,3,7,2022-10-18T17:08:10Z,2026-09-04T19:11:07Z
burr,"Build applications that make decisions (chatbots, agents, simulations, etc...). Monitor, trace, persist, and execute on your own infrastructure.",Python,2546,195,2024-01-29T23:27:07Z,2026-09-12T15:31:22Z
bval,Mirror of Apache Bean Validation,Java,53,29,2011-02-02T08:00:07Z,2026-09-03T10:13:14Z
bval-site,Apache Bval Website,HTML,4,1,2021-05-31T18:30:52Z,2026-08-05T05:28:57Z
calcite,Apache Calcite,Java,5184,2517,2014-06-25T07:00:07Z,2026-09-12T13:07:12Z
calcite-avatica,Apache Calcite Avatica,Java,272,245,2017-03-22T07:00:06Z,2026-09-08T15:35:15Z
calcite-avatica-go,Apache Calcite Go,Go,126,35,2017-08-08T07:00:08Z,2026-07-22T02:22:24Z
calcite-site,Apache Calcite Website,HTML,6,9,2019-02-14T21:21:04Z,2026-09-10T16:29:21Z
caldera,Automated Adversary Emulation Platform,Python,7257,1374,2017-11-29T01:25:10Z,2026-09-12T16:49:15Z
caldera-website,,HTML,2,1,2021-02-09T16:14:02Z,2026-07-22T02:55:48Z
camel,"Apache Camel is an open source integration framework with 350+ connectors. Write routes in Java, YAML, or XML. Run on Spring Boot, Quarkus, or standalone. Apache License 2.0.",Java,6318,5163,2009-05-21T00:25:36Z,2026-09-12T13:23:15Z
camel-examples,Apache Camel Examples,Java,484,381,2020-02-05T08:44:11Z,2026-09-11T17:21:56Z
camel-jbang-examples,Apache Camel JBang Examples,HTML,15,14,2024-11-15T10:25:06Z,2026-08-30T19:30:40Z
camel-k,"Apache Camel K is a lightweight integration platform, born on Kubernetes, with serverless superpowers",Go,927,386,2018-08-31T08:38:42Z,2026-09-10T23:36:46Z
camel-k-examples,Apache Camel K Examples,Java,91,63,2020-04-17T09:58:05Z,2026-07-22T02:51:17Z
camel-k-runtime,Apache Camel K runtime,Java,69,50,2019-02-20T09:33:17Z,2026-09-08T12:42:31Z
camel-kafka-connector,Camel Kafka Connector allows you to use all Camel components as Kafka Connect connectors,Java,172,116,2019-12-04T08:39:07Z,2026-09-01T08:28:15Z
camel-kafka-connector-examples,Apache Camel Kafka Connector Examples,Java,69,42,2020-04-28T15:07:18Z,2026-07-22T02:51:29Z
camel-kameleon,Camel Kameleon is a project to scaffold new Camel project.,Java,42,13,2021-07-09T07:15:32Z,2026-07-22T02:58:06Z
camel-kamelets,Apache Camel Kamelets Repository,Java,71,88,2020-11-26T09:11:43Z,2026-09-09T03:20:36Z
camel-kamelets-examples,Apache Camel Kamelets Examples,Java,24,20,2022-03-11T08:52:05Z,2026-08-11T13:13:19Z
camel-karaf,Apache Camel Karaf support,Java,41,67,2020-03-14T09:48:41Z,2026-09-09T08:20:02Z
camel-karaf-examples,Apache Camel Karaf Examples,não informado,6,4,2020-05-22T12:19:44Z,2026-07-22T02:52:09Z
camel-karavan,Apache Camel Karavan a Low-code Data Integration Platform,TypeScript,594,215,2021-10-04T05:33:11Z,2026-09-08T21:14:15Z
camel-performance-tests,Apache Camel Performances Tests Repository,Java,10,9,2021-02-23T14:17:42Z,2026-08-11T13:13:18Z
camel-quarkus,Apache Camel Quarkus,Java,302,232,2019-06-21T08:55:25Z,2026-09-11T14:43:35Z
camel-quarkus-examples,Apache Camel Quarkus Examples,Java,93,138,2020-09-09T11:16:22Z,2026-09-01T12:18:46Z
camel-spring-boot,Runs Camel on Spring Boot and provides starters for Camel components,Java,189,204,2019-12-16T07:40:31Z,2026-09-11T10:25:18Z
camel-spring-boot-examples,Apache Camel Spring Boot Examples,Java,357,377,2020-05-14T06:31:29Z,2026-09-09T12:31:01Z
camel-upgrade-recipes,Apache Camel Upgrade Recipes Repository,Java,8,15,2024-07-02T10:10:34Z,2026-09-11T12:40:11Z
camel-website,Apache Camel Website,CSS,76,202,2018-02-11T07:14:27Z,2026-09-12T17:38:08Z
camel-website-pub,Apache camel,HTML,5,4,2022-02-07T10:06:38Z,2026-09-12T18:12:25Z
carbondata,High performance data store solution,Scala,1451,694,2016-06-28T07:00:06Z,2026-09-07T01:50:50Z
carbondata-site,Mirror of Apache CarbonData Site,HTML,6,26,2016-12-08T08:00:07Z,2026-07-22T02:19:11Z
casbin,"Apache Casbin: an authorization library that supports access control models like ACL, RBAC, ABAC.",Go,20385,1756,2017-04-08T07:51:23Z,2026-09-12T15:31:39Z
casbin-3rd-party-casbin-pg-adapter,PostgreSQL adapter for Casbin,Go,1,0,2021-01-27T15:24:49Z,2026-07-22T02:55:38Z
casbin-actix-casbin-auth,Casbin Actix-web access control middleware,Rust,58,14,2020-04-08T08:56:51Z,2026-07-22T02:50:55Z
casbin-admission-webhook,Kubernetes admission webhook based on Casbin,Go,3,0,2025-12-21T13:37:37Z,2026-07-23T16:47:15Z
casbin-aspnetcore,Casbin.NET integration middleware and sample code for ASP.NET Core,C#,77,19,2020-07-03T00:41:13Z,2026-07-22T02:52:55Z
casbin-async-pycasbin,Async version of PyCasbin (Casbin for Python),não informado,1,0,2022-06-22T09:56:53Z,2026-07-22T03:02:21Z
casbin-auth0-role-manager,Auth0 role manager for Casbin,Go,17,7,2018-02-11T03:24:35Z,2026-07-22T02:36:14Z
casbin-axum-casbin,Axum authorization middleware based on Casbin,Rust,72,9,2022-06-20T02:43:00Z,2026-08-05T17:27:39Z
casbin-beego-authz,Beego's RBAC & ABAC Authorization middleware based on Casbin,Go,1,0,2023-09-23T13:41:38Z,2026-07-22T03:07:41Z
casbin-beego-orm-adapter,Beego ORM adapter for Casbin,Go,23,17,2017-10-13T09:50:38Z,2026-07-22T02:23:38Z
casbin-benchmark-data,,não informado,3,1,2026-01-08T04:00:08Z,2026-07-23T09:29:28Z
casbin-caddy-authz,Caddy-authz is a middleware for Caddy that blocks or allows requests based on access control policies.,Go,252,17,2017-05-27T05:31:36Z,2026-08-13T03:16:55Z
casbin-casbin.io,The GitHub pages (static site) for: https://github.com/casbin/casbin-website-v2,HTML,3,1,2022-06-10T17:41:12Z,2026-07-22T03:02:09Z
casbin-casbin.js,"An authorization library that supports access control models like ACL, RBAC, ABAC in Frontend Javascript",TypeScript,208,40,2019-05-08T13:38:20Z,2026-08-13T01:42:16Z
casbin-Casbin.NET,"An authorization library that supports access control models like ACL, RBAC, ABAC in .NET (C#)",C#,1334,128,2019-05-30T05:36:35Z,2026-09-10T14:42:51Z
casbin-Casbin.NET-casbin-native,Provide firendly support for authorization of a .NET desktop app.,C#,2,1,2023-04-24T10:53:34Z,2026-07-22T03:06:15Z
casbin-Casbin.NET-dotnet-cli,.NET CLI for Casbin,C#,2,1,2025-08-12T02:03:38Z,2026-07-22T06:10:40Z
casbin-Casbin.NET-ef-adapter,Entity Framework Adapter for Casbin.NET,C#,7,4,2019-12-28T02:51:01Z,2026-07-22T02:48:45Z
casbin-Casbin.NET-extensions,"Helpful extensions for Casbin.NET, such as frontend extension to casbin.js.",C#,1,1,2020-11-21T18:54:11Z,2026-07-22T02:55:07Z
casbin-Casbin.NET-redis-adapter,Redis adapter for Casbin.NET,C#,2,1,2022-07-03T09:01:57Z,2026-07-22T03:02:25Z
casbin-Casbin.NET-redis-watcher,Redis watcher for Casbin.NET,C#,2,4,2022-07-03T13:29:43Z,2026-07-22T03:02:28Z
casbin-cassandra-adapter,Cassandra DB adapter for Casbin,Go,5,2,2017-05-05T04:52:44Z,2026-07-22T02:20:47Z
casbin-chi-authz,Chi Authorization Middleware based on Casbin,Go,7,3,2023-09-17T18:35:21Z,2026-07-22T03:07:40Z
casbin-confita,An open-source version of Kaggle written in Go and React,Go,10,9,2021-11-25T16:21:02Z,2026-07-22T03:00:16Z
casbin-core,"An authorization library that supports access control models like ACL, RBAC, ABAC in modern JavaScript platforms",TypeScript,8,2,2022-05-15T07:29:10Z,2026-07-22T03:02:01Z
casbin-cpp,"An authorization library that supports access control models like ACL, RBAC, ABAC in C/C++",C++,253,66,2020-02-26T02:22:05Z,2026-09-05T09:02:55Z
casbin-cpp-casbin-CMake-setup,This project demonstrates the intended way to integrate casbin library,CMake,0,2,2021-08-15T20:45:44Z,2026-07-22T02:58:53Z
casbin-cpp-Cvaluate,Evaluator used by Casbin-CPP,C++,1,0,2021-12-23T11:10:36Z,2026-07-22T03:00:32Z
casbin-cpp-nginx-casbin-module,NGINX RBAC & ABAC authorization module based on Casbin,C++,5,1,2021-10-15T11:52:03Z,2026-07-22T02:59:45Z
casbin-cpp-sqlpp11-adapter,sqlpp11 adapter for casbin-cpp,C++,2,1,2023-01-28T12:51:29Z,2026-07-22T03:05:04Z
casbin-crd-adapter,,Go,2,1,2026-01-09T12:20:29Z,2026-07-22T06:10:08Z
casbin-dart-casbin,"An authorization library that supports access control models like ACL, RBAC, ABAC in Dart/Flutter",Dart,44,12,2020-04-22T14:54:52Z,2026-07-22T02:51:23Z
casbin-dart-dart-casbin-demo-app,Dart Flutter demo app for Casbin,Dart,1,2,2021-07-27T16:37:45Z,2026-07-22T02:58:30Z
casbin-dashboard,The hub for Casbin,JavaScript,88,46,2019-12-20T08:20:53Z,2026-08-13T07:28:19Z
casbin-deno-casbin,"An authorization library that supports access control models like ACL, RBAC, ABAC in Deno.",JavaScript,9,3,2020-06-04T10:05:54Z,2026-07-22T02:52:15Z
casbin-docker-plugin,Docker RBAC and ABAC Authorization Plugin Based on Casbin: https://github.com/casbin/casbin,Go,219,15,2017-04-20T01:59:03Z,2026-07-22T02:20:34Z
casbin-docker_auth,Authentication server for Docker Registry 2,Go,2,0,2017-06-10T09:52:14Z,2026-07-22T02:21:17Z
casbin-editor,Apache Casbin Editor,TypeScript,119,35,2018-02-06T07:20:33Z,2026-09-03T14:48:32Z
casbin-efcore-adapter,Entity Framework Core Adapter for Casbin.NET,C#,60,24,2019-07-12T06:01:32Z,2026-07-22T02:46:10Z
casbin-egg-authz,egg-authz is an authorization middleware for Egg.js based on Casbin,JavaScript,51,3,2018-08-11T12:18:20Z,2026-07-22T02:39:29Z
casbin-enhancements,,não informado,0,1,2020-07-22T14:34:28Z,2026-07-22T02:53:08Z
casbin-ent-adapter,Ent adapter for Casbin,Go,63,21,2021-05-06T14:38:56Z,2026-08-22T15:12:19Z
casbin-envoy-authz,Istio/Envoy RBAC & ABAC authorization middleware based on Casbin,Go,22,4,2021-07-20T12:28:38Z,2026-07-22T02:58:28Z
casbin-etcd-watcher,Etcd watcher for Casbin,Go,172,20,2017-10-28T17:18:02Z,2026-07-22T02:32:36Z
casbin-ex,"An authorization library that supports access control models like ACL, RBAC, ABAC in Elixir",Elixir,89,19,2020-05-05T10:09:19Z,2026-08-07T02:06:02Z
casbin-express-authz,Casbin authorization middleware for Express.js: https://github.com/expressjs/express,TypeScript,61,12,2018-08-11T15:57:52Z,2026-09-09T09:00:08Z
casbin-fasthttp-auth,Authorization middleware for fasthttp based on Casbin,Go,4,1,2025-08-18T14:18:47Z,2026-07-22T06:10:36Z
casbin-gateway,"Casbin AI & MCP security gateway for HTTP, online demo: https://door.caswaf.com",Go,623,68,2017-05-13T02:42:27Z,2026-09-12T12:19:57Z
casbin-go-auth0,A Go client to Auth0 APIs,Go,0,2,2018-02-11T05:19:48Z,2026-07-22T02:36:16Z
casbin-go-cli,Go CLI for Casbin,Go,1,4,2024-07-10T15:38:24Z,2026-07-22T03:10:37Z
casbin-go-client,Go client for Casbin-Server,Go,27,16,2018-09-25T11:01:59Z,2026-07-22T02:40:23Z
casbin-gorm-adapter,"GORM adapter for Casbin, see extended version of GORM Adapter Ex at: https://github.com/casbin/gorm-adapter-ex",Go,753,221,2017-07-29T02:34:31Z,2026-07-28T02:26:24Z
casbin-gorm-adapter-ex,"Extended version of GORM Adapter, see original version of GORM Adapter at: https://github.com/casbin/gorm-adapter",Go,14,2,2022-08-26T14:26:52Z,2026-07-22T03:03:03Z
casbin-govaluate,"Arbitrary expression evaluation for golang, maintained by Casbin",Go,75,12,2023-11-20T13:02:35Z,2026-08-13T09:14:31Z
casbin-gqlgen-authz,,não informado,0,0,2021-06-19T15:27:36Z,2026-07-22T02:57:54Z
casbin-hraft-dispatcher,A dispatcher based on Hashicorp's Raft for Casbin.,Go,17,4,2021-02-21T13:37:23Z,2026-07-22T02:55:55Z
casbin-iam-to-casbin-translator,Translate AWS IAM policy to Casbin policy,Go,9,3,2017-06-27T03:13:34Z,2026-07-22T02:21:44Z
casbin-informer-watcher,,Go,2,1,2026-01-09T12:22:45Z,2026-09-09T14:54:15Z
casbin-iris-authz,,não informado,0,0,2021-06-09T04:49:03Z,2026-07-22T02:57:42Z
casbin-jcasbin,"An authorization library that supports access control models like ACL, RBAC, ABAC in Java",Java,2652,492,2017-09-08T16:54:38Z,2026-09-11T10:39:54Z
casbin-jcasbin-aviatorscript,A high performance scripting language hosted on the JVM.,Java,1,2,2022-12-16T04:02:29Z,2026-07-22T03:04:36Z
casbin-jcasbin-casdoor-spring-boot-example,"Spring Boot example app for Casdoor + Casbin, using https://github.com/jcasbin/casbin-spring-boot-starter and https://github.com/casdoor/casdoor-spring-boot-starter",não informado,0,0,2024-01-14T03:50:18Z,2026-07-22T03:08:51Z
casbin-jcasbin-dynamodb-adapter,DynamoDB adapter for Casbin,Java,1,6,2020-05-06T05:35:50Z,2026-07-22T02:51:37Z
casbin-jcasbin-hibernate-adapter,Hibernete adapter for Casbin,Java,3,8,2020-07-12T01:49:01Z,2026-07-22T02:53:01Z
casbin-jcasbin-java-cli,Java CLI for jCasbin,Java,3,4,2024-07-29T03:06:55Z,2026-07-22T03:10:46Z
casbin-jcasbin-jdbc-adapter,JDBC adapter for Casbin,Java,40,38,2018-08-02T11:50:20Z,2026-08-04T18:17:17Z
casbin-jcasbin-jfinal-authz,Casbin Authorization Plugin for JFinal,Java,7,7,2018-05-24T08:21:10Z,2026-07-22T02:37:58Z
casbin-jcasbin-jfinal-demo,JFinal 3.4 Demo (for Maven),Java,3,5,2018-05-01T12:31:48Z,2026-07-22T02:37:36Z
casbin-jcasbin-kafka-casbin,Kafka authorization plugin based on Casbin,Java,2,3,2021-10-24T11:47:17Z,2026-07-22T02:59:51Z
casbin-jcasbin-kafka-watcher,Kafka Watcher is a kafka watcher for jCasbin.,Java,2,4,2021-06-10T11:58:13Z,2026-07-22T02:57:45Z
casbin-jcasbin-lettuce-redis-watcher,Lettuce-Based Redis watcher for jCasbin,Java,2,2,2023-08-07T04:11:04Z,2026-07-22T03:07:20Z
casbin-jcasbin-menu-permission,Casbin Menu Permission Example (Based on jCasbin),Java,7,2,2024-01-15T13:32:20Z,2026-07-22T03:08:54Z
casbin-jcasbin-mongo-adapter,MongoDB adapter for jCasbin,Java,3,6,2021-03-24T04:27:57Z,2026-07-22T02:56:30Z
casbin-jcasbin-mybatis-adapter,MyBatis 3 adapter for Casbin,Java,13,6,2020-03-19T08:13:32Z,2026-07-22T02:50:01Z
casbin-jcasbin-mybatisplus-adapter,MyBatis Plus adapter for Casbin,Java,1,1,2024-10-06T14:47:50Z,2026-07-22T03:11:19Z
casbin-jcasbin-nutz-authz,Java框架Nutz的基于jCasbin的权限管理插件,Java,1,2,2018-05-24T08:24:00Z,2026-07-22T02:38:00Z
casbin-jcasbin-play-authz,Play Framework's Authorization Middleware based on Casbin,Java,5,8,2022-03-16T00:57:20Z,2026-07-22T03:01:21Z
casbin-jcasbin-postgres-watcher,PostgreSQL adapter for Casbin,Java,3,1,2025-06-20T14:08:41Z,2026-07-22T06:10:53Z
casbin-jcasbin-pulsar-authz,An authorization plugin for Apache Pulsar,Java,4,2,2021-10-14T14:36:21Z,2026-07-22T02:59:44Z
casbin-jcasbin-rabbitmq-watcher,RabbitMQ watcher for jCasbin,Java,2,1,2025-12-19T15:00:56Z,2026-07-22T06:10:17Z
casbin-jcasbin-redis-adapter,Redis adapter for Casbin,Java,6,7,2021-04-01T08:05:00Z,2026-07-22T02:56:39Z
casbin-jcasbin-redis-watcher,Redis watcher for jCasbin,Java,4,12,2021-04-12T10:34:18Z,2026-07-22T02:56:54Z
casbin-jcasbin-redis-watcher-ex,Redis WatcherEx for jCasbin,Java,1,3,2023-06-07T18:25:18Z,2026-07-22T03:06:50Z
casbin-jcasbin-shiro-casbin,Apache Shiro's authorization middleware based on Casbin,Java,7,3,2018-04-27T15:15:42Z,2026-07-22T02:37:28Z
casbin-jcasbin-spring-boot-example,Example for casbin-spring-boot-starter,Java,15,8,2022-09-16T14:51:07Z,2026-07-22T03:03:13Z
casbin-jcasbin-spring-security-example,,não informado,0,0,2025-02-22T16:17:31Z,2026-07-22T03:13:06Z
casbin-jcasbin-spring-security-starter,Spring Security example for jCasbin,Java,0,3,2022-09-16T14:51:48Z,2026-07-22T03:03:14Z
casbin-jcasbin-string-adapter,String adapter for jCasbin,Java,0,1,2022-04-10T02:35:56Z,2026-07-22T03:01:39Z
casbin-jcasbin-vertx-auth,,Java,1,1,2018-05-17T11:45:55Z,2026-07-22T02:37:54Z
casbin-jcasbin-vertx-authz,Vertx RBAC authorization middleware based on jCasbin,Java,0,2,2018-05-09T08:49:03Z,2026-07-22T02:37:42Z
casbin-jcasbin-zookeeper-watcher,ZooKeeper watcher for jCasbin,Java,1,0,2024-10-08T11:33:45Z,2026-07-22T03:11:22Z
casbin-js-angular-authz,Angular wrapper for Casbin.js,não informado,1,1,2021-03-12T01:42:50Z,2026-07-22T02:56:18Z
casbin-js-go-utils,,Go,0,0,2020-08-03T16:36:06Z,2026-07-22T02:53:20Z
casbin-js-node-utils,,TypeScript,0,0,2020-08-03T02:55:22Z,2026-07-22T02:53:18Z
casbin-js-react-authz,React wrapper for Casbin.js,TypeScript,6,3,2021-03-09T05:39:23Z,2026-07-22T02:56:15Z
casbin-js-vue-authz,Vue 2 & 3 wrapper for Casbin.js,TypeScript,30,10,2021-03-07T09:52:19Z,2026-09-08T20:19:12Z
casbin-js-vue-casbin,"Apache Casbin: an authorization library that supports access control models like ACL, RBAC, ABAC.",TypeScript,2,3,2022-03-17T05:59:30Z,2026-07-22T03:01:24Z
casbin-json-adapter,JSON adapter for Casbin,Go,19,7,2017-12-20T00:55:12Z,2026-07-22T02:35:22Z
casbin-k8s-authz,Kubernetes (k8s) RBAC & ABAC authorization middleware based on Casbin,Go,29,9,2020-07-14T02:48:19Z,2026-07-17T13:57:55Z
casbin-k8s-gatekeeper,Kubernetes (k8s) admission controller webhook based on Casbin,Go,34,3,2022-06-19T13:26:59Z,2026-07-22T03:02:16Z
casbin-kubesphere-authz,"ACL, RBAC, ABAC authorization middleware for KubeSphere",Go,6,4,2021-08-01T09:00:03Z,2026-07-22T02:58:35Z
casbin-laravel-rbac,"An authorization library that supports access control models like ACL, RBAC, ABAC in Laravel",PHP,7,2,2021-03-13T03:01:20Z,2026-07-22T02:56:22Z
casbin-ldap-role-manager,LDAP role manager for Casbin,Go,2,2,2022-07-13T12:39:27Z,2026-07-22T03:02:37Z
casbin-lego,Let's Encrypt client and ACME library written in Go,Go,3,1,2021-10-31T13:09:01Z,2026-07-22T02:59:59Z
casbin-lua-4daysorm-adapter,4DaysORM adapter for Lua-Casbin,Lua,0,3,2021-08-13T02:42:49Z,2026-07-22T02:58:51Z
casbin-lua-apisix-authz,Casbin authorization plugin for APISIX,Lua,0,1,2021-07-18T02:26:22Z,2026-08-07T08:49:29Z
casbin-lua-casbin,"An authorization library that supports access control models like ACL, RBAC, ABAC in Lua (Kong, APISIX, OpenResty)",Lua,67,18,2017-06-18T12:51:47Z,2026-08-21T02:22:37Z
casbin-lua-kong-authz,Casbin authorization plugin for Kong,Lua,6,4,2021-07-15T11:48:07Z,2026-07-22T02:58:22Z
casbin-lua-luasql-adapter,LuaSQL adapter for Lua-Casbin,Lua,5,4,2021-08-02T12:03:56Z,2026-07-22T02:58:40Z
casbin-mcp-gateway,"🧩 MCP Gateway - A lightweight gateway service that instantly transforms existing MCP Servers and APIs into MCP servers with zero code changes. Features Docker deployment and management UI, requiring no infrastructure modifications.",Go,4,1,2025-12-13T16:21:45Z,2026-08-22T16:23:23Z
casbin-mesh,A scalable authorization layer built on Casbin (The experimental project is currently unstable),Go,24,13,2021-03-08T11:47:19Z,2026-07-22T02:56:13Z
casbin-mesh-website,Casbin-mesh website,JavaScript,1,1,2024-08-09T07:09:39Z,2026-07-22T03:10:52Z
casbin-minio-adapter,Casbin adapter implementation for Minio/AWS S3 storage,Go,2,0,2018-08-02T11:14:00Z,2026-07-22T02:39:17Z
casbin-mongodb-adapter,MongoDB adapter for Casbin,Go,267,53,2017-08-09T06:24:39Z,2026-08-05T15:42:15Z
casbin-mp,Casbin MP Materials,Python,0,2,2021-09-18T16:11:19Z,2026-07-22T02:59:32Z
casbin-mux-authz,gorilla/mux's RBAC & ABAC Authorization middleware based on Casbin,Go,7,2,2020-08-06T20:39:13Z,2026-07-22T02:53:22Z
casbin-mysql-adapter,MySQL adapter for Casbin,Go,12,2,2017-06-12T12:55:36Z,2026-07-22T02:21:19Z
casbin-nats-watcher,Casbin watcher implementation with Nats.io,Go,0,0,2018-08-02T11:12:44Z,2026-07-22T02:39:15Z
casbin-negroni-authz,negroni-authz is an authorization middleware for Negroni,Go,157,2,2017-06-17T02:02:22Z,2026-07-22T02:21:23Z
casbin-nest-authz,"Nest.js RBAC & ABAC authorization module based on Node-Casbin, see example at: https://github.com/node-casbin/nest-authz-example",TypeScript,190,27,2019-02-26T01:08:24Z,2026-08-12T16:26:39Z
casbin-node-casbin,"An authorization library that supports access control models like ACL, RBAC, ABAC in Node.js and Browser",TypeScript,2915,231,2018-07-15T03:55:31Z,2026-09-09T14:57:51Z
casbin-node-casbin-basic-adapter,"Basic adapter for Node-Casbin supporting pg, sqlite3, mysql, mysql2, oracledb and mssql",TypeScript,13,10,2020-07-04T08:42:45Z,2026-07-22T02:52:57Z
casbin-node-casbin-blitz-authz,blitz-authz is an authorization middleware for Blitz based on Casbin,não informado,0,1,2021-04-05T02:25:06Z,2026-07-22T02:56:42Z
casbin-node-casbin-couchdb-adapter,CouchDB adapter for Casbin,TypeScript,3,3,2023-02-07T10:39:42Z,2026-07-22T03:05:11Z
casbin-node-casbin-data-permission,Data Permissions Example for Casbin,TypeScript,1,1,2023-05-02T09:31:04Z,2026-07-22T03:06:21Z
casbin-node-casbin-drizzle-adapter,Drizzle adapter for Node-Casbin,TypeScript,8,1,2025-11-25T15:15:03Z,2026-08-24T08:54:47Z
casbin-node-casbin-elysia-casbin,,não informado,2,0,2026-01-04T16:05:17Z,2026-07-23T10:32:05Z
casbin-node-casbin-etcd-watcher,Etcd watcher for Node-Casbin,TypeScript,3,3,2019-12-24T08:46:58Z,2026-07-22T02:48:39Z
casbin-node-casbin-examples,,TypeScript,1,1,2023-04-15T15:12:17Z,2026-07-22T03:06:07Z
casbin-node-casbin-expression-eval,"JavaScript expression parsing and evaluation, maintained by Casbin team. A hard fork from the unmaintained: https://github.com/donmccurdy/expression-eval",TypeScript,5,2,2024-10-20T01:20:18Z,2026-07-22T03:11:28Z
casbin-node-casbin-file-adapter,File adapter for Casbin,TypeScript,1,1,2021-04-28T06:31:42Z,2026-07-22T02:57:12Z
casbin-node-casbin-graphql-authz,graphql-authz is an authorization middleware for graphql-go,Go,6,1,2021-06-19T15:26:35Z,2026-07-22T02:57:52Z
casbin-node-casbin-hapi-authz,hapi-authz is an authorization middleware for Hapi.js based on Casbin,TypeScript,4,2,2020-03-20T15:22:41Z,2026-07-22T02:50:31Z
casbin-node-casbin-koa-authz,koa-authz is an authorization middleware for Koa2 based on Casbin,JavaScript,43,14,2018-08-09T03:18:48Z,2026-07-22T02:39:25Z
casbin-node-casbin-mercurius-authz,,não informado,0,0,2021-06-11T12:18:26Z,2026-07-22T02:57:46Z
casbin-node-casbin-meteor-authz,,não informado,2,1,2021-06-12T12:07:29Z,2026-07-22T02:57:48Z
casbin-node-casbin-mongo-changestream-watcher,Casbin Watcher based on MongoDB Change Streams,TypeScript,2,5,2022-08-22T14:03:13Z,2026-07-22T03:03:00Z
casbin-node-casbin-mongodb-watcher,,não informado,2,1,2021-05-27T08:42:37Z,2026-07-22T02:57:31Z
casbin-node-casbin-mongoose-adapter,Mongoose adapter for Casbin,JavaScript,37,32,2019-10-28T10:58:19Z,2026-07-22T02:47:39Z
casbin-node-casbin-nest-authz-example,Node-Casbin authorization example for Nest.js via auth middleware: https://github.com/node-casbin/nest-authz,TypeScript,23,6,2020-05-17T10:11:10Z,2026-07-22T02:51:59Z
casbin-node-casbin-nestjs-casbin-module,NestJS Casbin Module (https://casbin.org and https://nestjs.com),não informado,1,0,2021-02-12T12:07:33Z,2026-07-22T02:55:49Z
casbin-node-casbin-next-authz,,não informado,1,0,2026-01-04T16:25:48Z,2026-07-22T06:10:14Z
casbin-node-casbin-nextjs-casbin-example,,não informado,2,0,2026-01-14T03:12:10Z,2026-07-24T08:10:21Z
casbin-node-casbin-node-pubsub-watcher,Google Cloud Pub/Sub watcher for Node-Casbin,JavaScript,3,1,2020-08-17T09:41:08Z,2026-07-22T02:53:38Z
casbin-node-casbin-node-redis-adapter,Redis adapter for Casbin,TypeScript,3,9,2021-02-24T15:00:41Z,2026-07-22T02:56:03Z
casbin-node-casbin-prisma-adapter,Prisma adapter for Casbin,TypeScript,47,24,2020-06-23T08:30:23Z,2026-08-11T11:13:13Z
casbin-node-casbin-qwik-authz,,não informado,2,0,2026-01-04T16:34:56Z,2026-07-23T22:30:51Z
casbin-node-casbin-redis-watcher,Redis watcher for Node-Casbin,TypeScript,8,9,2019-07-07T08:09:19Z,2026-07-22T02:45:54Z
casbin-node-casbin-session-role-manager,Session based role manager for node-casbin,TypeScript,3,1,2020-05-14T07:39:59Z,2026-07-22T02:51:53Z
casbin-okta-role-manager,Okta role manager for Casbin,Go,6,4,2018-02-10T07:06:11Z,2026-07-22T02:36:12Z
casbin-openstack-policy-editor,A Casbin Policy Editor for OpenStack,JavaScript,33,5,2018-06-21T01:15:40Z,2026-07-22T02:38:28Z
casbin-opentelemetry-logger,Casbin OpenTelemetry logger,Go,4,2,2026-01-09T15:52:43Z,2026-07-23T11:34:35Z
casbin-pg-adapter,A go-pg adapter for casbin,Go,45,28,2019-12-28T00:58:04Z,2026-07-22T02:48:43Z
casbin-policyguard,,JavaScript,2,3,2026-01-11T14:15:48Z,2026-07-22T06:10:05Z
casbin-prometheus-logger,Casbin Prometheus logger,Go,1,1,2026-01-03T16:25:35Z,2026-07-22T06:10:15Z
casbin-protobuf-adapter,Google Protocol Buffers adapter for Casbin,Go,192,1,2017-06-28T05:02:09Z,2026-07-22T02:21:48Z
casbin-pycasbin,"An authorization library that supports access control models like ACL, RBAC, ABAC in Python",Python,1767,217,2018-09-20T15:28:56Z,2026-09-09T06:30:56Z
casbin-pycasbin-on-cpp,"An authorization library that supports access control models like ACL, RBAC, ABAC in Python, based on C/C++ (Casbin-CPP)",não informado,1,0,2021-02-26T05:18:31Z,2026-07-22T02:56:07Z
casbin-python-async-django-orm-adapter,Async Django ORM Adapter for PyCasbin,Python,0,1,2024-10-26T15:07:17Z,2026-07-22T03:11:34Z
casbin-python-async-postgres-watcher,Async PostgreSQL adapter for PyCasbin,Python,0,1,2024-11-12T02:51:54Z,2026-07-22T03:12:08Z
casbin-python-async-redis-adapter,Async Redis adapter for PyCasbin,não informado,0,0,2024-10-26T16:50:14Z,2026-07-22T03:11:42Z
casbin-python-async-sqlalchemy-adapter,Async SQLAlchemy Adapter for PyCasbin,Python,6,4,2024-11-12T02:34:02Z,2026-08-06T13:20:42Z
casbin-python-casbin-databases-adapter,Async Databases Adapter for PyCasbin,Python,2,1,2024-10-26T16:17:54Z,2026-07-22T03:11:39Z
casbin-python-cli,Python CLI for Casbin,Python,1,2,2025-07-03T09:19:30Z,2026-07-22T06:10:49Z
casbin-python-django-authorization-example,Example for django-authorization middleware,Python,0,1,2024-11-12T03:19:35Z,2026-07-22T03:12:11Z
casbin-python-django-casbin,Django authorization middleware based on PyCasbin,Python,0,1,2024-11-12T03:16:08Z,2026-07-22T03:12:09Z
casbin-python-django-casbin-auth,"Django Casbin auth middleware, see example at: https://github.com/officialpycasbin/django-authorization-example",Python,4,1,2024-10-26T15:24:56Z,2026-07-22T03:11:37Z
casbin-python-django-orm-adapter,Django ORM Adapter for PyCasbin,Python,3,3,2024-10-25T12:51:11Z,2026-08-06T07:09:58Z
casbin-python-etcd-watcher,etcd watcher for PyCasbin,Python,0,1,2024-11-12T01:17:41Z,2026-07-22T03:11:58Z
casbin-python-fastapi-casbin-auth,FastAPI authorization middleware based on PyCasbin,Python,26,3,2024-11-12T02:16:22Z,2026-08-30T20:30:35Z
casbin-python-flask-authz,Flask authorization middleware based on PyCasbin,Python,1,1,2024-11-12T02:43:48Z,2026-07-22T03:12:06Z
casbin-python-graphql-authz,GraphQL authorization middleware based on PyCasbin,Python,0,1,2024-11-12T00:43:24Z,2026-07-22T03:11:55Z
casbin-python-litestar-authz,,não informado,1,0,2026-01-04T17:16:52Z,2026-07-22T06:10:12Z
casbin-python-postgresql-watcher,PostgreSQL Watcher for PyCasbin,Python,1,2,2024-10-25T10:02:34Z,2026-07-22T03:11:30Z
casbin-python-pymongo-adapter,PyMongo Adapter for PyCasbin,Python,1,2,2024-11-11T17:24:24Z,2026-07-22T03:11:54Z
casbin-python-rabbitmq-watcher,RabbitMQ Watcher for PyCasbin,Python,0,2,2024-11-12T01:04:14Z,2026-07-22T03:11:57Z
casbin-python-redis-adapter,Redis adapter for PyCasbin,Python,1,1,2024-11-12T02:00:14Z,2026-07-22T03:12:00Z
casbin-python-redis-watcher,Redis watcher for PyCasbin,Python,0,3,2024-11-12T02:07:28Z,2026-07-22T03:12:02Z
casbin-python-sanic-authz,Sanic authorization middleware based on Casbin,Python,4,1,2025-06-04T15:48:55Z,2026-07-22T06:10:58Z
casbin-python-sqlalchemy-adapter,SQLAlchemy Adapter for PyCasbin,Python,7,2,2024-10-26T13:34:52Z,2026-07-22T03:11:33Z
casbin-python-sqlobject-adapter,SQLObject Adapter for PyCasbin,Python,0,1,2024-10-26T16:33:42Z,2026-07-22T03:11:40Z
casbin-python-tornado-authz,Tornado authorization middleware based on PyCasbin,Python,0,1,2024-10-26T15:09:52Z,2026-07-22T03:11:36Z
casbin-raft,Etcd Raft Dispatcher for Casbin,Go,14,4,2020-07-07T15:57:32Z,2026-07-22T02:52:59Z
casbin-redis-adapter,Redis adapter for Casbin,Go,200,25,2017-09-22T15:50:16Z,2026-09-01T04:01:07Z
casbin-redis-watcher,Redis WatcherEx for Casbin,Go,48,42,2021-04-14T14:18:14Z,2026-09-02T17:32:30Z
casbin-revel-authz,revel-authz is an authorization middleware for Revel,Go,4,0,2017-05-29T02:44:18Z,2026-07-22T02:21:05Z
casbin-rs,"An authorization library that supports access control models like ACL, RBAC, ABAC in Rust",Rust,1136,94,2019-08-14T04:42:36Z,2026-09-07T03:04:01Z
casbin-rust-actix-casbin,casbin as an actor,Rust,35,8,2020-04-04T08:23:41Z,2026-07-22T02:50:51Z
casbin-rust-actix-file-adapter-rbac,,Rust,1,1,2022-08-21T12:41:49Z,2026-07-22T03:02:51Z
casbin-rust-actix-middleware-example,,Rust,2,1,2022-08-21T12:43:53Z,2026-07-22T03:02:53Z
casbin-rust-actix-postgresql-simple,,Rust,2,2,2022-08-21T12:45:40Z,2026-07-22T03:02:54Z
casbin-rust-axum-middleware-example,,Rust,8,2,2022-08-22T08:10:18Z,2026-07-22T03:02:57Z
casbin-rust-casbin-grpc,Casbin-gRPC provides gRPC interface for Casbin authorization which is implemented with Rust.,Rust,7,4,2020-10-06T13:55:44Z,2026-07-22T02:54:34Z
casbin-rust-casbin-rust-cli,Rust CLI for Casbin-RS,Rust,3,3,2025-01-17T14:43:53Z,2026-08-05T17:27:07Z
casbin-rust-diesel-adapter,Diesel adapter for Casbin-RS,Rust,35,23,2019-08-21T03:15:18Z,2026-08-21T01:56:35Z
casbin-rust-dufs-with-casbin,"A file server that supports static serving, uploading, searching, accessing control, webdav...",não informado,1,0,2022-07-03T12:18:26Z,2026-07-22T03:02:27Z
casbin-rust-json-adapter,JSON Adapter for Casbin-RS,Rust,3,1,2021-04-06T00:44:19Z,2026-07-22T02:56:46Z
casbin-rust-ntex-file-adapter-acl,,Rust,1,1,2022-08-21T12:46:26Z,2026-07-22T03:02:56Z
casbin-rust-poem-casbin,Casbin Poem access control middleware,Rust,9,3,2022-06-13T12:42:39Z,2026-07-22T03:02:10Z
casbin-rust-poem-todo,,Rust,1,1,2022-08-22T08:11:01Z,2026-07-22T03:02:58Z
casbin-rust-postgres-adapter,Asynchronous Casbin-RS Adapter for PostgreSQL based on tokio-postgres,Rust,0,2,2020-02-10T07:21:43Z,2026-07-22T02:49:17Z
casbin-rust-redis-cache,Shared redis cache for multiple CachedEnforcer instances,Rust,1,0,2020-02-10T07:22:46Z,2026-07-22T02:49:21Z
casbin-rust-redis-watcher,Redis watcher for Casbin-RS,Rust,1,1,2025-09-24T16:19:57Z,2026-07-22T06:10:30Z
casbin-rust-rocket-authz,Casbin Rocket access control middleware,Rust,4,8,2020-05-19T15:40:31Z,2026-07-22T02:52:05Z
casbin-rust-salvo-casbin,Salvo authorization middleware based on Casbin-RS,Rust,13,0,2024-10-15T08:37:55Z,2026-07-22T03:11:24Z
casbin-rust-semantic-release-action-rust,Reusable GitHub Actions for Rust projects,Nix,2,1,2025-02-02T09:13:56Z,2026-07-22T03:12:57Z
casbin-rust-string-adapter,String adapter for Casbin-RS (Rust),Rust,1,1,2024-12-28T01:37:57Z,2026-07-22T03:12:38Z
casbin-rust-yaml-adapter,YAML Adapter for Casbin-RS,Rust,2,3,2020-12-17T01:16:38Z,2026-07-22T02:55:21Z
casbin-SeasonOfDocs2022,Google Season of Docs 2022 Proposal for Casbin,não informado,2,1,2020-04-14T03:49:22Z,2026-03-10T14:07:38Z
casbin-SeasonOfDocs2023,Google Season of Docs 2023 Proposal for Casbin,não informado,0,0,2023-03-22T02:28:18Z,2026-07-22T03:05:48Z
casbin-sequelize-adapter,Sequelize adapter for Casbin,TypeScript,63,34,2018-08-17T04:52:02Z,2026-07-22T02:39:49Z
casbin-server,Casbin as a Service (CaaS),Go,336,104,2018-08-07T14:34:42Z,2026-09-04T19:48:22Z
casbin-server-deprecated,Casbin as a Service via RESTful,Go,16,3,2017-06-14T04:26:04Z,2026-07-22T02:21:21Z
casbin-session-role-manager,Session based role manager for Casbin,Go,16,4,2018-02-09T04:24:28Z,2026-07-22T02:36:10Z
casbin-spring-boot-starter,"Spring Boot 2.x & 3.x Starter for Casbin, see example at: https://github.com/jcasbin/casbin-spring-boot-example",Java,239,69,2019-04-06T15:27:18Z,2026-07-30T09:57:21Z
casbin-sqlx-adapter,"Asynchronous casbin adapter for mysql, postgres, sqlite based on sqlx-rs",Rust,61,32,2020-02-10T07:21:58Z,2026-08-06T05:49:58Z
casbin-Summer2021,开源软件供应链点亮计划-暑期2021 for Casbin 【学生报名请加QQ群：540163681】,não informado,7,2,2021-03-07T12:34:47Z,2026-07-22T02:56:12Z
casbin-Summer2022,开源软件供应链点亮计划-暑期2022 for Casbin 【学生报名请加QQ群：540163681】,não informado,3,3,2022-04-28T14:19:07Z,2026-07-22T03:01:47Z
casbin-Summer2023,开源软件供应链点亮计划-暑期2023 for Casbin 【学生报名请加QQ群：540163681】,não informado,2,5,2023-04-17T03:41:20Z,2026-07-22T03:06:10Z
casbin-SummerOfCode2021,GSoC 2021 Idea List for Casbin,não informado,9,10,2021-01-08T04:12:02Z,2026-03-10T14:16:20Z
casbin-SummerOfCode2022,GSoC 2022 Idea List for Casbin,não informado,24,10,2022-02-20T07:05:36Z,2026-03-10T14:29:39Z
casbin-SummerOfCode2023,GSoC 2023 Idea List for Casbin,não informado,0,0,2023-02-02T06:48:45Z,2026-07-22T03:05:10Z
casbin-swift-fluent-adapter,Fluent adapter for SwiftCasbin,Swift,1,0,2021-07-10T06:24:26Z,2026-07-22T02:58:08Z
casbin-swift-vapor-authz,Casbin authorization middleware for Vapor,Swift,4,0,2021-07-10T06:30:39Z,2026-08-21T15:36:28Z
casbin-SwiftCasbin,"An authorization library that supports access control models like ACL, RBAC, ABAC in Apple Swift / Objective-C",Swift,23,8,2021-04-05T07:42:44Z,2026-08-21T15:36:12Z
casbin-Talent2026,Casbin明日之星预选生计划-Talents for Casbin 2026 【学生报名请加QQ群：540163681】,não informado,53,4,2023-11-27T09:10:19Z,2026-09-09T11:35:04Z
casbin-tikv-watcher,TiKV watcher for Casbin,Go,3,1,2021-07-04T14:10:43Z,2026-07-22T02:58:01Z
casbin-tyk-authz,Casbin authorization plugin for tyk API gateway,Go,3,1,2022-07-10T07:09:55Z,2026-07-22T03:02:36Z
casbin-typeorm-adapter,TypeORM adapter for Casbin,TypeScript,73,37,2018-10-15T14:11:07Z,2026-08-24T08:54:37Z
casbin-ucon,"A UCON (Usage Control) extension for Casbin that provides session-based access control with conditions, obligations, and continuous monitoring",Go,4,1,2025-08-11T11:55:25Z,2026-07-22T06:10:41Z
casbin-vscode-plugin,VSCode plugin for working with Casbin Models,JavaScript,27,7,2021-03-09T11:42:25Z,2026-07-22T02:56:16Z
casbin-website,Apache Casbin Website,JavaScript,23,92,2022-05-03T06:47:41Z,2026-08-20T17:06:36Z
casbin-website-standalone,,Go,0,0,2020-09-14T12:43:30Z,2026-07-22T02:54:23Z
casbin-website-v1-deprecated,Deprecated! Please use v2 docs site: https://github.com/casbin/casbin-website-v2 | The v1 docs website for Casbin,JavaScript,40,129,2018-08-12T03:03:57Z,2026-07-22T02:39:33Z
casbin-website-v3,The new docs website for Casbin based on Fumadocs,MDX,5,5,2026-01-06T02:59:36Z,2026-07-22T06:10:11Z
casbin-website-v3.github.io,,não informado,1,0,2026-02-05T09:46:42Z,2026-07-22T06:09:55Z
casbin-xacml-to-casbin-translator,Translate XACML policy to Casbin policy,HTML,4,2,2017-06-25T13:00:32Z,2026-07-22T02:21:42Z
casbin-xorm-adapter,Xorm adapter for Casbin,Go,382,57,2017-07-11T10:38:28Z,2026-07-22T02:21:54Z
casbin-zap-logger,Zap logger for Casbin,Go,5,6,2020-10-21T08:18:02Z,2026-07-22T02:54:47Z
cassandra,Open source transactional distributed database. Linear scalability and proven fault-tolerance on commodity hardware or cloud infrastructure without compromising performance.,Java,10088,4115,2009-05-21T02:10:09Z,2026-09-11T12:38:05Z
cassandra-accord,Accord library for Apache Cassandra®,Java,94,28,2021-10-17T23:01:13Z,2026-09-07T11:49:23Z
cassandra-analytics,Apache cassandra,Java,43,34,2023-05-08T18:58:56Z,2026-09-08T08:51:49Z
cassandra-builds,Infrastructure build scripts for Apache Cassandra®,Shell,8,51,2016-11-28T08:00:08Z,2026-09-06T10:43:26Z
cassandra-ccm,Apache Cassandra® Cluster Manager (CCM) – easily create and destroy clusters on localhost,Python,1234,309,2011-03-01T09:42:18Z,2026-08-20T20:50:54Z
cassandra-cpp-driver,C/C++ Driver for Apache Cassandra®,C++,423,303,2013-11-04T22:47:57Z,2026-09-08T23:10:59Z
cassandra-diff,Apache cassandra diff,Java,12,13,2019-08-27T08:32:03Z,2026-07-22T02:46:45Z
cassandra-dtest,Distributed tests for Apache Cassandra®,Python,55,138,2017-06-24T07:00:07Z,2026-08-31T13:27:03Z
cassandra-easy-stress,,Kotlin,31,21,2020-03-27T17:55:26Z,2026-09-06T23:38:41Z
cassandra-ecosystem,Apache cassandra,Java,1,1,2026-07-27T18:43:02Z,2026-08-06T05:32:37Z
cassandra-gocql-driver,GoCQL Driver for Apache Cassandra®,Go,2692,658,2012-08-26T15:42:42Z,2026-09-08T18:40:36Z
cassandra-harry,Harry for Apache Cassandra®,Java,57,19,2020-09-03T16:47:57Z,2026-07-22T02:54:19Z
cassandra-in-jvm-dtest-api,In-JVM API for distributed tests for Apache Cassandra®,Java,4,20,2020-02-24T15:31:19Z,2026-07-22T02:49:33Z
cassandra-java-driver,Java Driver for Apache Cassandra®,Java,1382,890,2012-11-19T18:44:41Z,2026-09-09T22:12:21Z
cassandra-nodejs-driver,Node.js Driver for Apache Cassandra,JavaScript,1269,206,2014-09-05T14:46:37Z,2026-09-02T00:54:29Z
cassandra-python-driver,Python Driver for Apache Cassandra®,Python,1427,585,2013-07-08T19:02:31Z,2026-07-22T02:09:10Z
cassandra-sidecar,Sidecar for Apache Cassandra®,Java,63,64,2018-12-18T14:07:06Z,2026-09-02T18:10:55Z
cassandra-simulator,Apache cassandra,Java,1,0,2026-05-25T18:05:09Z,2026-07-22T06:09:27Z
cassandra-spark-connector,Apache Spark to Apache Cassandra connector,Scala,1956,930,2014-06-27T15:45:54Z,2026-09-09T14:13:05Z
cassandra-website,Website for Apache Cassandra®,CSS,28,90,2019-10-02T23:17:45Z,2026-09-12T07:05:21Z
causeway,"Use Apache Causeway™ to rapidly develop domain-driven apps or modular monoliths in Java, on top of the Spring Boot platform. Write your business logic in entities, domain services or view models, and the framework dynamically generates a representation of that domain model as a webapp, GraphQL or RESTful API. For prototyping or production.",Java,907,314,2012-11-30T08:00:24Z,2026-09-07T13:35:37Z
causeway-antora,"Customised version of Antora UI default, used for the Apache Causeway documentation.",CSS,1,3,2019-07-08T10:44:41Z,2026-07-22T02:46:02Z
causeway-app-helloworld,Apache Causeway™ software is a framework for rapidly developing domain-driven apps in Java. This repo contains a sample app to help you quickly learn the essentials of the framework.,Java,12,8,2019-07-08T10:40:28Z,2026-07-22T02:45:58Z
causeway-app-petclinic,Apache Causeway™ software is a framework for rapidly developing domain-driven apps in Java. This repo contains a sample app to use as a template for getting you started.,Java,9,4,2019-07-08T10:39:04Z,2026-08-27T08:36:26Z
causeway-app-referenceapp,Apache causeway,Java,2,3,2023-06-16T18:25:20Z,2026-09-03T08:29:34Z
causeway-app-simpleapp,Apache Causeway™ software is a framework for rapidly developing domain-driven apps in Java. This repo contains a sample app to use as a template for getting you started.,Java,21,17,2019-07-08T10:43:43Z,2026-08-27T08:36:27Z
causeway-blog,Apache causeway,não informado,1,0,2023-05-01T12:52:24Z,2026-07-22T03:06:20Z
causeway-site,Apache Isis Website,HTML,2,1,2019-01-23T10:51:35Z,2026-07-22T02:42:35Z
cayenne,Mirror of Apache Cayenne,Java,345,138,2009-05-21T01:05:37Z,2026-09-12T21:07:40Z
cayenne-examples,Apache Cayenne examples and tutorials,Java,5,4,2019-04-15T09:06:51Z,2026-07-24T12:13:47Z
cayenne-modeler,Mirror of Apache Cayenne Modeler UI,Java,12,4,2017-01-04T08:00:07Z,2026-07-22T02:19:27Z
cayenne-website,Mirror of Apache cayenne website,HTML,6,9,2017-05-30T07:00:07Z,2026-09-07T17:26:58Z
celeborn,Apache Celeborn is an elastic and high-performance service for shuffle and spilled data.,Java,1062,457,2021-12-10T08:57:16Z,2026-09-11T10:48:51Z
celeborn-website,Apache Celeborn Site,Shell,9,41,2022-11-14T15:46:33Z,2026-08-30T05:45:45Z
celix,Apache Celix is a framework for C and C++14 to develop dynamic modular software applications using component and in-process service-oriented programming.,C,193,99,2014-08-09T07:00:07Z,2026-08-27T17:27:22Z
celix-site,Website sources for the Apache Celix website,JavaScript,15,16,2017-10-13T07:00:09Z,2026-08-28T02:20:45Z
chainsaw,Mirror of Apache Chainsaw,Java,19,18,2009-05-20T02:00:33Z,2026-07-01T17:15:40Z
chemistry,Mirror of Apache Chemistry (incubating),Java,7,4,2009-05-21T02:28:25Z,2023-06-23T05:04:37Z
chemistry-cmislib,Mirror of Apache Chemistry CMISLib,Python,10,21,2012-01-24T08:00:10Z,2024-08-03T08:25:20Z
chemistry-dotcmis,Mirror of Apache Chemistry DotCMIS,C#,3,14,2012-01-19T08:00:12Z,2023-07-25T13:44:06Z
chemistry-objectivecmis,Mirror of Apache Chemistry ObjectiveCMIS,Objective-C,12,2,2013-10-24T07:00:12Z,2026-03-09T09:58:48Z
chemistry-opencmis,Mirror of Apache Chemistry OpenCMIS,Java,58,75,2012-01-19T08:00:11Z,2026-07-01T16:56:31Z
chemistry-phpclient,Mirror of Apache Chemistry PHPClient,PHP,5,12,2012-01-24T08:00:11Z,2023-07-25T13:44:08Z
chemistry-portcmis,Mirror of Apache Chemistry PortCMIS,C#,4,9,2016-07-06T07:00:05Z,2024-12-06T13:52:19Z
chemistry-site,Apache Chemistry Website,HTML,3,0,2021-06-14T08:18:47Z,2025-11-20T15:39:04Z
chukwa,Mirror of Apache Chukwa,Java,85,40,2012-04-07T07:00:24Z,2026-02-12T16:47:51Z
clerezza,Mirror of Apache Clerezza,Java,39,27,2011-02-12T08:00:07Z,2026-04-16T08:54:02Z
clerezza-contribs,Apache Clerezza Contribs,Java,1,0,2019-01-11T07:03:40Z,2023-01-27T23:00:45Z
clerezza-rdf-core,Mirror of Apache Clerezza rdf.core,Java,3,4,2015-03-17T07:00:05Z,2023-02-22T10:12:25Z
click,Mirror of Apache Click,Java,17,10,2013-11-08T08:00:11Z,2026-08-19T06:47:20Z
climate,Mirror of Apache Open Climate Workbench,Jupyter Notebook,140,108,2014-03-08T08:00:06Z,2026-08-10T20:06:58Z
cloudberry,One advanced and mature open-source MPP (Massively Parallel Processing) database. Open source alternative to Greenplum Database.,C,1401,247,2023-05-24T06:58:16Z,2026-09-12T19:57:25Z
cloudberry-backup,Backup Utility for Apache Cloudberry (Incubating),Go,17,21,2023-11-15T08:59:42Z,2026-09-09T03:12:15Z
cloudberry-bootcamp,Try out Apache Cloudberry (Incubating) via the Docker-based Sandbox,Shell,20,9,2023-07-13T07:21:14Z,2026-01-25T22:37:59Z
cloudberry-command-center,Apache cloudberry,não informado,2,0,2026-05-21T15:41:35Z,2026-07-24T16:55:30Z
cloudberry-devops-release,DevOps and Release for Apache Cloudberry (Incubating),Shell,2,5,2024-09-03T07:51:50Z,2025-10-08T19:51:27Z
cloudberry-go-libs,go-libs for Apache Cloudberry (Incubating),Go,3,7,2023-11-16T06:39:29Z,2026-07-22T03:08:16Z
cloudberry-gpbackup-s3-plugin,S3 plugin for Apache Cloudberry (Incubating) backup utility,Go,5,5,2024-06-25T05:55:10Z,2026-03-31T07:21:36Z
cloudberry-pxf,Platform Extension Framework (PXF) for Apache Cloudberry (Incubating),Java,12,14,2023-11-29T03:42:40Z,2026-09-11T20:55:31Z
cloudberry-site,Website sources for Apache Cloudberry™️ (Incubating),TypeScript,26,42,2023-05-12T04:05:16Z,2026-09-11T07:52:36Z
cloudstack,Apache CloudStack is an opensource Infrastructure as a Service (IaaS) cloud computing platform,Java,3054,1383,2013-04-29T22:27:12Z,2026-09-12T15:33:51Z
cloudstack-cloudmonkey,Apache Cloudstack Cloudmonkey,Go,120,79,2013-10-17T07:00:46Z,2026-09-10T08:53:17Z
cloudstack-csbench,`csbench` is a benchmarking tool for Apache CloudStack,Go,6,9,2023-11-08T09:39:58Z,2026-07-22T03:08:07Z
cloudstack-docs,Apache Cloudstack Docs,HTML,15,55,2013-10-17T07:00:47Z,2026-07-28T04:19:01Z
cloudstack-docs-admin,Apache Cloudstack,HTML,16,36,2014-02-06T08:00:08Z,2026-07-28T04:19:03Z
cloudstack-docs-install,Apache Cloudstack,HTML,11,39,2014-02-06T08:00:09Z,2026-07-28T04:19:07Z
cloudstack-docs-rn,Apache Cloudstack,Python,3,17,2014-02-06T08:00:09Z,2026-07-28T04:19:10Z
cloudstack-documentation,Apache CloudStack is an opensource Infrastructure as a Service (IaaS) cloud computing platform,Python,54,129,2018-07-26T17:27:15Z,2026-09-04T12:26:45Z
cloudstack-ec2stack,Apache CloudStack EC2 Stack,Python,15,13,2015-05-06T07:00:05Z,2026-07-28T04:18:52Z
cloudstack-extensions,Extensions for Apache CloudStack,não informado,4,4,2025-09-23T08:58:24Z,2026-09-10T18:24:11Z
cloudstack-gcestack,Apache Cloudstack GCE Stack,Python,4,6,2015-05-06T07:00:05Z,2024-04-24T14:26:19Z
cloudstack-go,CloudStack Go SDK,Go,39,47,2021-06-21T15:56:14Z,2026-08-26T17:49:59Z
cloudstack-installer,Script based installer for new users trying out Apache CloudStack,Shell,25,14,2024-12-31T16:03:00Z,2026-08-28T11:19:41Z
cloudstack-kubernetes-provider,Apache Cloudstack Kubernetes Provider,Go,52,34,2019-07-11T09:02:20Z,2026-09-01T16:46:40Z
cloudstack-primate,Primate - modern role-base progressive UI for Apache CloudStack,Vue,40,34,2019-10-15T05:10:31Z,2026-08-26T20:57:21Z
cloudstack-terraform-provider,CloudStack Terraform Provider,Go,53,67,2021-04-22T07:31:38Z,2026-09-08T03:54:51Z
cloudstack-www,Apache CloudStack Website,HTML,19,65,2015-05-12T07:00:05Z,2026-09-03T14:10:45Z
cocoon,Mirror of Apache Cocoon,Java,30,25,2009-05-21T02:12:25Z,2026-07-22T02:02:29Z
comdev,Apache comdev,JavaScript,4,7,2026-03-28T19:12:59Z,2026-09-08T15:29:05Z
comdev-calendar,Apache comdev,Python,0,0,2026-09-09T15:22:04Z,2026-09-11T10:10:18Z
comdev-events-site,Website sources for the Apache Events website,CSS,46,39,2020-08-10T14:16:22Z,2026-09-12T11:54:36Z
comdev-fosdem-content,Apache Comdev FOSDEM Booth General Content,HTML,3,5,2021-01-31T12:06:28Z,2026-07-22T02:55:42Z
comdev-fosdem-static,Apache Comdev FOSDEM Booth Static Content,não informado,2,2,2021-01-31T12:05:41Z,2026-07-22T02:55:41Z
comdev-metrics,Apache comdev,Python,0,0,2026-09-09T14:05:54Z,2026-09-12T10:13:15Z
comdev-people,Apache Comdev source for 'PhoneBook' website,JavaScript,9,10,2024-10-07T16:00:07Z,2026-08-04T18:43:33Z
comdev-projects,Mirror of SVN Apache Comdev - Projects,Python,20,29,2018-04-21T10:51:27Z,2026-09-12T04:20:15Z
comdev-reporter,ASF board report helper for top-level projects,não informado,3,1,2023-06-29T09:01:00Z,2026-08-06T01:53:25Z
comdev-site,Website sources for the Apache Community Development Website,HTML,293,207,2018-04-21T10:02:14Z,2026-09-11T04:35:13Z
comdev-working-groups,Working Groups Documents for the Apache Community Development,não informado,59,29,2024-02-12T15:21:20Z,2026-09-06T05:56:04Z
comdev-wwwsite,Apache community website,Python,2,1,2019-04-26T16:47:15Z,2025-07-01T03:57:02Z
commons-bcel,Apache Commons BCEL,Java,274,135,2013-07-13T07:00:12Z,2026-09-11T07:35:18Z
commons-beanutils,Apache Commons Beanutils,Java,325,231,2013-06-12T07:00:16Z,2026-09-07T13:10:51Z
commons-bsf,Apache Commons BSF,Java,32,24,2013-07-12T07:00:16Z,2026-09-07T13:02:18Z
commons-build-plugin,Apache Commons Build Plugin,não informado,8,17,2016-12-06T08:00:07Z,2026-09-07T13:14:50Z
commons-chain,Apache Commons Chain (Dormant),Java,82,54,2013-07-12T07:00:17Z,2026-09-09T07:04:40Z
commons-cli,Apache Commons CLI,Java,392,254,2009-05-28T08:00:15Z,2026-09-07T13:15:10Z
commons-codec,Apache Commons Codec,Java,490,277,2009-05-21T01:20:25Z,2026-09-12T18:20:47Z
commons-collections,Apache Commons Collections,Java,726,528,2009-05-21T01:12:20Z,2026-09-09T18:56:31Z
commons-compress,Apache Commons Compress,Java,406,318,2011-10-15T07:00:08Z,2026-09-07T13:29:30Z
commons-configuration,Apache Commons Configuration,Java,215,155,2013-02-26T08:00:12Z,2026-09-07T13:30:16Z
commons-crypto,Apache Commons Crypto,Java,138,99,2016-04-13T07:00:07Z,2026-08-31T11:25:23Z
commons-csv,Apache Commons CSV,Java,416,305,2013-06-12T07:00:17Z,2026-09-11T12:22:23Z
commons-daemon,Apache Commons Daemon,C,106,72,2013-07-12T07:00:18Z,2026-09-07T13:31:16Z
commons-dbcp,Apache Commons DBCP,Java,369,251,2013-07-10T07:00:11Z,2026-09-10T08:15:23Z
commons-dbutils,Apache Commons DbUtils,Java,392,181,2013-07-12T07:00:18Z,2026-09-07T13:35:18Z
commons-digester,Apache Commons Digester,Java,62,49,2013-07-12T07:00:18Z,2026-09-08T21:07:45Z
commons-el,Mirror of Apache Commons EL,não informado,1,0,2016-10-05T07:00:07Z,2026-07-22T02:17:54Z
commons-email,Apache Commons Email,Java,178,125,2013-07-11T07:00:16Z,2026-09-07T13:39:55Z
commons-exec,Apache Commons Exec,Java,163,90,2011-10-15T07:00:08Z,2026-09-07T13:41:20Z
commons-fileupload,"Apache Commons FileUpload is a robust, high-performance, file upload capability to your servlets and web applications",Java,262,199,2011-10-15T07:00:07Z,2026-09-07T13:42:44Z
commons-functor,Apache Commons Functor (Dormant),Java,27,26,2013-07-11T07:00:16Z,2026-07-22T02:09:35Z
commons-geometry,Apache Commons Geometry,Java,67,33,2018-04-02T10:19:46Z,2026-09-06T13:22:03Z
commons-graph,Apache Commons Graph (Sandbox),Java,45,13,2020-06-07T03:47:18Z,2026-09-07T13:56:25Z
commons-imaging,Apache Commons Imaging (previously Sanselan) is a pure-Java image library,Java,486,209,2013-07-11T07:00:17Z,2026-09-07T13:57:06Z
commons-io,Apache Commons IO,Java,1081,734,2009-05-21T01:38:37Z,2026-09-10T17:49:31Z
commons-jci,Apache Commons JCI,Java,22,18,2013-07-11T07:00:17Z,2026-09-07T14:31:35Z
commons-jcs,Apache Commons JCS,Java,108,56,2013-07-10T07:00:13Z,2026-09-08T19:40:10Z
commons-jelly,Apache Commons Jelly,Java,26,28,2013-07-10T07:00:13Z,2026-09-08T21:12:10Z
commons-jexl,Apache Commons JEXL,Java,242,100,2013-07-10T07:00:14Z,2026-09-07T14:37:50Z
commons-jxpath,Apache Commons JXPath,Java,43,69,2013-07-10T07:00:14Z,2026-09-07T20:11:40Z
commons-lang,Apache Commons Lang,Java,3002,2020,2009-05-21T01:24:46Z,2026-09-12T18:23:09Z
commons-logging,Apache Commons Logging,Java,171,138,2009-05-21T08:42:09Z,2026-09-07T14:45:08Z
commons-math,Apache Commons Math,Java,655,393,2014-10-08T07:00:06Z,2026-08-31T11:20:24Z
commons-net,Apache Commons Net,Java,297,209,2012-12-11T08:00:16Z,2026-09-09T07:05:17Z
commons-numbers,Apache Commons Numbers,Java,87,64,2016-10-26T07:00:06Z,2026-09-07T22:40:25Z
commons-ognl,Apache Commons OGNL (Dormant),Java,92,42,2013-07-10T07:00:15Z,2026-08-31T11:21:48Z
commons-parent,Apache Commons Parent,JavaScript,37,35,2017-08-29T07:00:08Z,2026-09-10T14:39:19Z
commons-pool,Apache Commons Pool,Java,555,301,2013-07-08T07:00:28Z,2026-09-05T15:32:51Z
commons-proxy,Apache Commons Proxy (Dormant),Java,30,22,2013-07-10T07:00:15Z,2026-07-27T15:28:32Z
commons-rdf,Apache Commons RDF,Java,59,43,2015-03-19T07:00:05Z,2026-09-07T15:01:06Z
commons-release-plugin,Apache Commons Release Plugin,Java,19,13,2018-01-08T08:00:08Z,2026-09-07T15:01:11Z
commons-rng,Apache Commons RNG (Pseudo-random number generators),Java,66,43,2016-08-13T07:00:06Z,2026-09-09T13:42:46Z
commons-scxml,Apache Commons SCXML,Java,68,60,2015-07-10T07:00:05Z,2026-09-11T15:17:22Z
commons-secure-xml,Apache Commons Secure XML,Java,4,4,2026-06-18T11:20:44Z,2026-09-07T15:04:09Z
commons-signing,Project Retired - Apache Commons Code Signing,Java,1,2,2018-04-19T09:33:12Z,2025-08-13T11:18:34Z
commons-skin,Apache Commons SKIN,JavaScript,8,12,2019-01-29T03:51:11Z,2026-09-07T15:06:10Z
commons-statistics,Apache Commons Statistics,Java,68,31,2018-01-03T08:00:08Z,2026-09-09T13:44:18Z
commons-testing,Apache Commons Testing,Java,9,5,2017-11-06T08:00:09Z,2026-07-22T02:32:52Z
commons-testrepo,Apache Commons test gitbox bootstrap repository,não informado,1,0,2018-01-25T06:48:39Z,2026-07-22T02:35:58Z
commons-text,Apache Commons Text,Java,378,294,2014-11-10T08:00:07Z,2026-09-09T13:50:54Z
commons-validator,Apache Commons Validator,Java,232,179,2010-09-26T07:00:19Z,2026-09-12T07:05:28Z
commons-vfs,Apache Commons VFS,Java,251,221,2013-07-13T07:00:13Z,2026-09-07T19:42:46Z
commons-weaver,Apache Commons Weaver,Java,29,17,2013-10-25T07:00:33Z,2026-09-08T10:23:00Z
conferences-cc-website,CommunityOverCode Website,HTML,2,5,2026-07-07T18:19:35Z,2026-09-11T13:59:05Z
continuum,Mirror of Apache Continuum,Java,8,9,2009-05-21T02:05:27Z,2026-07-22T02:02:17Z
cordova,Apache Cordova,não informado,709,74,2018-02-13T10:02:11Z,2026-08-25T18:06:40Z
cordova-amazon-fireos,[DEPRECATED] Apache Cordova,Java,21,22,2014-01-06T17:23:03Z,2023-01-28T18:32:38Z
cordova-android,Apache Cordova Android,JavaScript,3788,1575,2012-11-28T08:00:22Z,2026-09-09T11:49:28Z
cordova-apache-board-reports,Apache Cordova - Board Reports,não informado,9,9,2012-02-19T03:08:40Z,2026-09-08T15:34:28Z
cordova-app-harness,[DEPRECATED] Apache Cordova app harness,JavaScript,53,45,2013-04-08T07:20:19Z,2024-10-07T22:04:07Z
cordova-app-hello-world,Apache Cordova Template App,CSS,201,219,2012-11-28T08:00:29Z,2026-08-26T17:09:27Z
cordova-bada,[DEPRECATED] Apache Cordova bada,C++,3,7,2012-11-28T08:00:23Z,2026-06-11T12:03:47Z
cordova-bada-wac,[DEPRECATED] Apache Cordova bada wac,JavaScript,2,4,2012-11-28T08:00:20Z,2026-06-11T12:03:53Z
cordova-blackberry,[DEPRECATED] Apache Cordova blackberry,JavaScript,29,57,2012-12-12T08:00:27Z,2026-04-10T17:33:10Z
cordova-browser,Apache Cordova Browser,JavaScript,174,86,2014-01-06T17:23:03Z,2026-09-03T07:11:42Z
cordova-cli,Apache Cordova CLI,JavaScript,967,344,2012-12-12T08:00:28Z,2026-09-10T04:43:00Z
cordova-coho,Apache Cordova coho,JavaScript,32,62,2012-11-28T08:00:17Z,2026-09-03T07:18:08Z
cordova-common,Apache Cordova Common Tooling Library,JavaScript,42,45,2016-11-28T08:00:08Z,2026-09-01T19:07:59Z
cordova-contribute,Apache Cordova Contributor Documentation,não informado,4,4,2018-08-22T12:50:40Z,2026-07-22T02:39:53Z
cordova-create,Apache Cordova Create,JavaScript,11,17,2016-07-31T07:00:06Z,2026-09-03T07:18:25Z
cordova-discuss,Discussions on features and the future,não informado,19,25,2015-04-10T19:28:59Z,2026-07-22T02:13:42Z
cordova-docs,Apache Cordova Documentation,JavaScript,353,565,2012-11-28T08:00:26Z,2026-09-01T19:14:01Z
cordova-electron,Apache Cordova Electron,JavaScript,135,60,2016-08-31T07:00:06Z,2026-09-08T15:45:14Z
cordova-eslint,Apache Cordova - ESLint,JavaScript,8,6,2019-10-21T17:34:10Z,2026-09-07T16:36:05Z
cordova-fetch,Apache Cordova Fetch Library,JavaScript,29,29,2016-11-28T08:00:09Z,2026-09-03T07:08:45Z
cordova-firefoxos,[DEPRECATED] Apache Cordova firefoxos,JavaScript,45,31,2013-04-08T07:20:20Z,2023-10-19T09:20:06Z
cordova-ios,Apache Cordova iOS,JavaScript,2222,1000,2012-11-28T08:00:23Z,2026-09-09T05:45:25Z
cordova-js,Apache Cordova JavaScript Bridge,JavaScript,642,811,2012-11-28T08:00:22Z,2026-09-08T20:12:23Z
cordova-labs,Apache Cordova labs,não informado,50,49,2012-11-28T08:00:28Z,2026-07-22T02:10:08Z
cordova-lib,Apache Cordova Tooling Library,JavaScript,231,242,2014-05-07T07:00:06Z,2026-09-04T08:08:03Z
cordova-medic,[DEPRECATED] Apache Cordova Medic,JavaScript,16,23,2013-10-17T07:00:47Z,2026-06-11T12:03:20Z
cordova-mobile-spec,Apache Cordova mobile-spec,JavaScript,65,102,2012-11-28T08:00:19Z,2026-09-03T10:34:14Z
cordova-new-committer-and-pmc,Apache Cordova New Committer and PMC Member Process. File a new issue for the checklist. Don't use real names since an invitation can be rejected or the Apache Board can veto pmc inclusion.,não informado,2,0,2016-09-20T07:36:48Z,2026-07-22T02:17:52Z
cordova-node-xcode,Apache Cordova - Xcode Node,JavaScript,217,102,2017-04-08T07:00:06Z,2026-09-08T10:39:28Z
cordova-osx,[DEPRECATED] Apache Cordova OSX,Objective-C,231,78,2012-12-12T08:00:28Z,2026-09-09T06:59:19Z
cordova-paramedic,Apache Cordova - Paramedic,JavaScript,38,56,2016-03-04T08:00:05Z,2026-09-03T07:07:24Z
cordova-plugin-battery-status,Apache Cordova Battery Status Plugin,JavaScript,105,143,2013-06-22T07:00:13Z,2026-08-11T05:18:17Z
cordova-plugin-camera,Apache Cordova Plugin camera,Objective-C,976,1559,2013-06-22T07:00:13Z,2026-09-12T09:00:07Z
cordova-plugin-compat,[DEPRECATED] Apache Cordova Plugin Compatibility,Java,36,38,2016-04-05T07:00:06Z,2026-06-11T12:03:05Z
cordova-plugin-console,[DEPRECATED] Apache Cordova Plugin console,JavaScript,146,84,2013-06-22T07:00:14Z,2024-04-17T21:18:36Z
cordova-plugin-contacts,[DEPRECATED] Apache Cordova Plugin contacts,JavaScript,206,369,2013-06-22T07:00:14Z,2026-09-12T09:00:08Z
cordova-plugin-device,Apache Cordova Device Plugin,JavaScript,393,423,2013-06-22T07:00:15Z,2026-09-12T09:00:08Z
cordova-plugin-device-motion,Apache Cordova Device Motion Plugin,JavaScript,75,128,2013-06-22T07:00:15Z,2026-08-13T10:56:17Z
cordova-plugin-device-orientation,Apache Cordova Device Orientation Plugin,JavaScript,63,80,2013-06-22T07:00:15Z,2026-09-12T19:20:51Z
cordova-plugin-dialogs,Apache Cordova Dialogs Plugin,JavaScript,294,352,2013-06-22T07:00:15Z,2026-09-02T15:25:04Z
cordova-plugin-file,Apache Cordova File Plugin,JavaScript,744,754,2013-06-22T07:00:16Z,2026-09-09T09:50:05Z
cordova-plugin-file-transfer,Apache Cordova File Transfer Plugin,JavaScript,606,874,2013-06-22T07:00:16Z,2026-09-12T09:00:08Z
cordova-plugin-geolocation,Apache Cordova Geolocation Plugin,JavaScript,646,654,2013-06-22T07:00:16Z,2026-09-05T03:45:47Z
cordova-plugin-globalization,[DEPRECATED] Apache Cordova Plugin globalization,JavaScript,142,110,2013-06-22T07:00:16Z,2026-07-20T10:16:01Z
cordova-plugin-inappbrowser,Apache Cordova InAppBrowser Plugin,Java,1139,2201,2013-06-22T07:00:17Z,2026-09-12T09:00:08Z
cordova-plugin-legacy-whitelist,[DEPRECATED] Apache Cordova plugin legacy whitelist,Objective-C,4,9,2015-03-10T19:06:29Z,2026-06-11T12:03:15Z
cordova-plugin-media,Apache Cordova Media Plugin,JavaScript,391,762,2013-06-22T07:00:17Z,2026-07-29T03:16:50Z
cordova-plugin-media-capture,Apache Cordova Media Capture Plugin,JavaScript,312,492,2013-06-22T07:00:17Z,2026-07-27T16:07:16Z
cordova-plugin-network-information,Apache Cordova Network Information Plugin,Objective-C,464,338,2013-06-22T07:00:18Z,2026-08-13T10:46:36Z
cordova-plugin-screen-orientation,Apache Cordova Screen Orientation Plugin,JavaScript,219,234,2016-06-02T07:00:06Z,2026-07-27T16:06:21Z
cordova-plugin-splashscreen,Apache Cordova Plugin splashscreen,JavaScript,640,626,2013-06-22T07:00:18Z,2026-07-29T03:17:58Z
cordova-plugin-statusbar,Apache Cordova Status Bar Plugin,Objective-C,615,485,2014-03-15T07:00:07Z,2026-09-12T09:00:12Z
cordova-plugin-test-framework,Apache Cordova,JavaScript,74,31,2014-07-09T07:00:07Z,2026-08-13T14:59:19Z
cordova-plugin-vibration,Apache Cordova Vibration Plugin,JavaScript,129,129,2013-06-22T07:00:18Z,2026-07-27T16:08:07Z
cordova-plugin-whitelist,[DEPRECATED] Apache Cordova - Whitelist Plugin,JavaScript,440,193,2015-03-10T19:06:29Z,2026-09-05T06:30:36Z
cordova-plugin-wkwebview-engine,[DEPRECATED] Apache Cordova wkwebview engine plugin,Objective-C,608,344,2015-09-09T07:00:05Z,2026-08-23T05:14:54Z
cordova-plugins,Apache Cordova,não informado,244,214,2013-11-05T08:00:12Z,2026-08-18T13:39:18Z
cordova-plugman,Apache Cordova Plugman,JavaScript,404,150,2013-04-08T07:20:20Z,2026-09-03T07:08:17Z
cordova-qt,[DEPRECATED] Apache Cordova Qt,C++,57,20,2012-11-28T08:00:20Z,2026-06-11T12:03:52Z
cordova-registry,[DEPRECATED] Apache Cordova Registry,JavaScript,5,10,2013-10-24T07:00:13Z,2026-06-11T12:03:17Z
cordova-registry-web,[DEPRECATED] Apache Cordova Registry Web,JavaScript,9,20,2013-10-24T07:00:12Z,2026-06-11T12:03:19Z
cordova-serve,Apache Cordova Serve Library,JavaScript,21,29,2016-11-28T08:00:09Z,2026-09-02T11:54:30Z
cordova-status,Badges to show all the status badges of the Apache Cordova core platforms and plugins,não informado,11,5,2016-06-13T17:14:04Z,2026-08-20T20:26:49Z
cordova-template-reference,[DEPRECATED] Apache cordova template reference repo,CSS,6,9,2016-08-26T07:00:06Z,2026-06-11T12:03:00Z
cordova-test-platform,Apache cordova,JavaScript,5,7,2017-04-08T07:00:07Z,2026-07-22T02:20:23Z
cordova-tizen,[DEPRECATED] Apache Cordova Tizen,JavaScript,29,24,2012-11-28T08:00:22Z,2026-06-11T12:03:48Z
cordova-ubuntu,[DEPRECATED] Apache Cordova,C++,25,34,2013-11-27T08:00:14Z,2026-06-11T12:03:13Z
cordova-webos,[DEPRECATED] Apache Cordova webos,JavaScript,20,15,2012-11-28T08:00:23Z,2026-06-11T12:03:46Z
cordova-weinre,Mirror of Apache Weinre,JavaScript,534,132,2012-11-28T08:00:19Z,2026-08-07T21:00:22Z
cordova-windows,[DEPRECATED] Apache Cordova Windows,JavaScript,202,170,2012-11-28T08:00:28Z,2026-06-11T12:03:30Z
cordova-wp7,[DEPRECATED] Apache Cordova wp7,não informado,9,14,2012-11-28T08:00:27Z,2026-06-11T12:03:44Z
cordova-wp8,[DEPRECATED] Apache Cordova WP8,C#,82,90,2012-11-28T08:00:21Z,2026-06-11T12:03:51Z
couchdb,"Seamless multi-primary syncing database with an intuitive HTTP/JSON API, designed for reliability",Erlang,6951,1077,2009-05-21T02:03:38Z,2026-09-11T21:55:50Z
couchdb-admin,Mirror of Apache CouchDB Project Admin,Shell,8,9,2013-10-29T07:00:16Z,2026-07-22T02:10:04Z
couchdb-b64url,URL-safe Base64 encoder,não informado,1,5,2014-08-01T07:00:07Z,2023-01-27T19:36:43Z
couchdb-bear,Mirror of Apache CouchDB,Erlang,3,5,2014-02-13T08:00:07Z,2026-06-05T12:42:34Z
couchdb-cassim,Mirror of Apache CouchDB,Erlang,3,6,2014-08-01T07:00:07Z,2026-03-10T04:56:03Z
couchdb-chttpd,Mirror of Apache CouchDB,Erlang,16,26,2014-01-17T08:00:07Z,2026-03-10T04:54:19Z
couchdb-ci,Apache CouchDB Continuous Integration (CI) support repository,Shell,12,16,2015-07-04T07:00:05Z,2026-09-10T07:06:42Z
couchdb-config,Mirror of Apache CouchDB,não informado,12,13,2014-01-17T08:00:07Z,2026-03-10T04:54:37Z
couchdb-couch,Mirror of Apache CouchDB,Erlang,44,40,2014-01-17T08:00:08Z,2026-03-10T04:53:59Z
couchdb-couch-collate,Mirror of Apache CouchDB,C++,5,4,2014-01-17T08:00:07Z,2026-03-10T04:55:18Z
couchdb-couch-dbupdates,Mirror of Apache CouchDB,Erlang,7,6,2014-01-17T08:00:07Z,2026-03-10T04:54:59Z
couchdb-couch-epi,Mirror of Apache CouchDB Couch EPI,Erlang,5,6,2015-06-23T07:00:05Z,2026-03-10T04:55:16Z
couchdb-couch-event,Mirror of Apache CouchDB,Erlang,3,5,2014-08-01T07:00:07Z,2026-03-10T04:56:00Z
couchdb-couch-httpd,Mirror of Apache CouchDB,Erlang,6,3,2014-01-17T08:00:07Z,2026-03-10T04:55:07Z
couchdb-couch-index,Mirror of Apache CouchDB,Erlang,7,8,2014-01-17T08:00:07Z,2026-03-10T04:54:58Z
couchdb-couch-log,Mirror of Apache CouchDB,Erlang,3,8,2014-02-13T08:00:08Z,2026-03-10T04:56:05Z
couchdb-couch-log-lager,Mirror of Apache CouchDB - couch_log backend using Lager,Erlang,1,4,2015-09-19T07:00:05Z,2023-07-25T13:58:03Z
couchdb-couch-mrview,Mirror of Apache CouchDB,Erlang,6,12,2014-01-17T08:00:07Z,2026-03-10T04:55:10Z
couchdb-couch-plugins,Mirror of Apache CouchDB,Erlang,15,5,2014-01-17T08:00:07Z,2026-03-10T04:54:23Z
couchdb-couch-replicator,Mirror of Apache CouchDB,Erlang,11,11,2014-01-17T08:00:08Z,2026-03-10T04:54:41Z
couchdb-couch-stats,Mirror of Apache CouchDB,não informado,3,8,2014-02-13T08:00:08Z,2026-03-10T04:56:10Z
couchdb-cowlib,Apache couchdb,Erlang,1,0,2025-07-16T16:01:46Z,2026-07-22T06:10:45Z
couchdb-ddoc-cache,Mirror of Apache CouchDB,Erlang,5,5,2014-01-17T08:00:08Z,2026-03-10T04:55:16Z
couchdb-docker,Semi-official Apache CouchDB Docker images,Dockerfile,290,146,2015-07-27T07:00:05Z,2026-08-08T11:31:22Z
couchdb-documentation,Apache CouchDB Documentation,não informado,151,215,2014-01-17T08:00:08Z,2026-03-10T04:53:39Z
couchdb-erlang-bcrypt,Mirror for https://github.com/erlangpack/bcrypt,C,2,0,2018-02-23T13:28:09Z,2026-03-10T04:56:15Z
couchdb-erlang-tests,Mirror of Apache CouchDB Erlang Tests,Erlang,3,2,2015-04-30T07:00:05Z,2026-03-10T04:56:08Z
couchdb-erlfdb,Erlang API for FoundationDB,Erlang,34,18,2020-04-01T12:08:38Z,2026-07-22T02:50:43Z
couchdb-escodegen,Mirror for Apache CouchDB,JavaScript,0,0,2019-12-18T16:16:10Z,2026-07-22T02:48:35Z
couchdb-esprima,Mirror for Apache CouchDB,TypeScript,0,0,2019-12-18T16:15:49Z,2026-07-22T02:48:33Z
couchdb-ets-lru,Mirror of Apache CouchDB,não informado,5,4,2014-01-17T08:00:08Z,2026-03-10T04:55:14Z
couchdb-examples,Mirror of Apache CouchDB,Erlang,4,5,2014-02-13T08:00:08Z,2026-03-10T04:55:49Z
couchdb-fabric,Mirror of Apache CouchDB,Erlang,10,17,2014-01-17T08:00:08Z,2023-07-25T13:50:31Z
couchdb-fast-pbkdf2,Apache couchdb,C,1,0,2023-11-06T16:41:46Z,2026-06-05T12:42:39Z
couchdb-fauxton,Fauxton is the new Web UI for CouchDB,JavaScript,412,229,2014-01-17T08:00:08Z,2026-09-07T12:45:19Z
couchdb-fauxton-server,Mirror of Apache CouchDB Fauxton Server,não informado,2,0,2016-09-06T07:00:07Z,2026-06-05T12:42:23Z
couchdb-folsom,Mirror of Apache CouchDB,Erlang,6,6,2014-02-13T08:00:09Z,2026-06-05T12:42:36Z
couchdb-futon,Mirror of Apache CouchDB,JavaScript,5,8,2014-02-13T08:00:09Z,2026-03-10T04:55:24Z
couchdb-glazier,"Glazier is a set of batch files, scripts and toolchains designed to ease building CouchDB on Windows.",PowerShell,13,9,2016-08-05T07:00:07Z,2026-09-08T07:40:24Z
couchdb-global-changes,Mirror of Apache CouchDB,Erlang,7,6,2014-08-01T07:00:07Z,2026-03-10T04:54:59Z
couchdb-goldrush,Mirror of Apache CouchDB,Erlang,3,4,2014-02-13T08:00:09Z,2026-03-10T04:55:59Z
couchdb-gun,Apache couchdb,Erlang,2,0,2025-07-16T16:01:24Z,2026-07-23T16:16:01Z
couchdb-helm,Apache CouchDB Helm Chart,Mustache,55,68,2019-10-14T09:01:48Z,2026-08-31T20:11:10Z
couchdb-hqueue,Apache couchdb,C,1,3,2019-01-30T12:51:20Z,2026-07-22T02:42:51Z
couchdb-hyper,Mirror for httpsgithub.comGameAnalyticshyper,Erlang,1,2,2018-05-30T18:37:29Z,2026-06-05T12:42:37Z
couchdb-ibrowse,Mirror of Apache CouchDB,Erlang,7,12,2014-01-17T08:00:08Z,2026-07-22T02:10:39Z
couchdb-infra-cm,Scripts to manage IBM cloud instances running Jenkins CI workers,Python,2,1,2019-12-10T19:20:51Z,2026-07-27T22:17:49Z
couchdb-ioq,Mirror of Apache CouchDB,Erlang,7,11,2014-07-15T07:00:07Z,2026-07-22T02:12:09Z
couchdb-jaeger-passage,Mirror for Apache CouchDB,Erlang,0,0,2019-11-19T16:55:02Z,2026-06-05T12:42:33Z
couchdb-javascript-tests,Mirror of Apache CouchDB Javascript Tests,não informado,3,0,2015-04-30T07:00:05Z,2026-06-05T12:42:20Z
couchdb-jiffy,Mirror of Apache CouchDB,C,10,10,2014-01-17T08:00:09Z,2026-07-22T02:10:41Z
couchdb-jquery-couch,Mirror of Apache CouchDB,JavaScript,12,17,2014-02-13T08:00:10Z,2026-03-10T04:54:31Z
couchdb-ken,[archived] Apache couchdb,Erlang,2,2,2019-01-30T13:53:40Z,2026-03-10T04:56:23Z
couchdb-khash,Mirror of Apache CouchDB,não informado,5,9,2014-08-01T07:00:08Z,2026-03-10T04:55:19Z
couchdb-lager,Mirror of Apache CouchDB,Erlang,4,7,2014-02-13T08:00:10Z,2026-03-10T04:55:47Z
couchdb-local,Mirror for Apache CouchDB,Erlang,0,0,2019-11-19T18:19:26Z,2026-06-05T12:42:25Z
couchdb-mango,Mirror of Apache CouchDB Mango,Erlang,36,12,2015-02-04T08:00:05Z,2026-03-10T04:54:00Z
couchdb-meck,Mirror of Apache CouchDB,Erlang,5,5,2014-02-13T08:00:10Z,2026-07-30T16:27:47Z
couchdb-mem3,Mirror of Apache CouchDB,Erlang,9,14,2014-01-17T08:00:09Z,2023-07-25T13:50:31Z
couchdb-mochiweb,Mirror of Apache CouchDB,Erlang,7,7,2014-01-17T08:00:09Z,2026-08-16T17:02:22Z
couchdb-nano,Nano: The official Apache CouchDB library for Node.js,JavaScript,689,167,2015-07-14T07:00:05Z,2026-08-23T15:20:02Z
couchdb-nmo,Mirror of Apache CouchDB NMO,JavaScript,13,7,2015-07-14T07:00:06Z,2026-03-10T04:54:30Z
couchdb-oauth,Mirror of Apache CouchDB,Erlang,9,6,2014-01-17T08:00:09Z,2026-03-10T04:54:46Z
couchdb-passage,Mirror for Apache CouchDB,Erlang,0,0,2019-11-19T16:53:51Z,2026-06-05T12:42:30Z
couchdb-peruser,Mirror of Apache CouchDB peruser,Erlang,8,5,2015-08-05T07:00:05Z,2023-07-25T13:57:27Z
couchdb-pkg,Apache CouchDB Packaging support files,Shell,33,31,2017-04-04T23:46:10Z,2026-09-12T16:38:27Z
couchdb-query-server-node,Mirror of Apache CouchDB,JavaScript,6,6,2014-02-13T08:00:11Z,2026-03-10T04:55:13Z
couchdb-query-server-spidermonkey,Mirror of Apache CouchDB,não informado,3,0,2014-02-13T08:00:11Z,2026-06-05T12:42:15Z
couchdb-rebar,Mirror of Apache CouchDB,Erlang,8,6,2014-01-17T08:00:09Z,2026-07-22T02:10:46Z
couchdb-recon,Apache CouchDB mirror of ferdrecon,Erlang,0,0,2020-02-01T01:55:27Z,2026-07-22T02:49:07Z
couchdb-rexi,Mirror of Apache CouchDB,Erlang,8,4,2014-01-17T08:00:09Z,2023-07-25T13:50:31Z
couchdb-setup,Mirror of Apache CouchDB Setup,Erlang,11,12,2014-11-12T08:00:06Z,2026-03-10T04:54:43Z
couchdb-smoosh,[archived] Apache couchdb,Erlang,4,1,2019-01-30T13:53:23Z,2026-03-10T04:55:41Z
couchdb-snappy,Mirror of Apache CouchDB,C++,7,11,2014-01-17T08:00:09Z,2026-07-22T02:10:47Z
couchdb-thrift-protocol,Mirror for Apache CouchDB,Erlang,0,0,2019-11-19T18:22:14Z,2026-06-05T12:42:28Z
couchdb-triq,Apache couchdb mirror of triq dependency,Erlang,1,0,2018-04-09T16:06:43Z,2026-03-10T04:56:32Z
couchdb-twig,Mirror of Apache CouchDB,Erlang,6,4,2014-01-17T08:00:09Z,2026-03-10T04:55:09Z
couchdb-www,The official Apache CouchDB website,HTML,40,38,2015-04-30T07:00:05Z,2026-07-22T02:13:52Z
couchdb_INFRA-24179,"Seamless multi-master syncing database with an intuitive HTTP/JSON API, designed for reliability",não informado,0,0,2023-02-17T16:17:25Z,2026-06-05T12:40:21Z
creadur-rat,Apache Creadur RAT - Release Audit Tool,Java,41,59,2012-10-11T07:00:29Z,2026-09-11T14:52:32Z
creadur-site,Apache Creadur website,HTML,4,0,2016-09-10T07:00:07Z,2026-07-29T20:56:57Z
creadur-tentacles,Apache Creadur Tentacles,Java,5,8,2013-04-29T22:27:13Z,2026-09-11T07:58:15Z
creadur-whisker,Apache Creadur Whisker,Java,9,7,2013-04-29T22:27:14Z,2026-09-11T07:57:53Z
crunch,Mirror of Apache Crunch (Incubating),Java,110,79,2012-10-19T07:00:12Z,2026-03-21T16:49:58Z
ctakes,Apache cTAKES is a Natural Language Processing (NLP) platform for clinical text.,Java,137,27,2022-11-29T13:43:35Z,2026-09-11T17:00:18Z
ctakes-site,Apache CTakes Website,Python,1,2,2021-05-31T18:34:53Z,2026-07-22T02:57:36Z
ctakes-website,Apache cTAKES is a Natural Language Processing (NLP) platform for clinical text.,HTML,1,2,2023-06-07T15:07:59Z,2026-07-22T03:06:48Z
curator,Apache Curator,Java,3170,1248,2014-03-03T08:00:07Z,2026-09-04T10:41:43Z
curator-site,Apache Curator Website,TypeScript,0,3,2023-08-15T08:01:33Z,2026-07-22T03:07:26Z
cxf,Apache CXF,Java,929,1453,2014-02-19T08:00:08Z,2026-09-12T21:15:10Z
cxf-build-utils,Mirror of Apache CXF,Java,8,9,2014-03-08T08:00:07Z,2026-09-12T21:14:28Z
cxf-dosgi,Mirror of Apache CXF,Java,28,26,2014-03-08T08:00:07Z,2026-03-10T04:54:04Z
cxf-fediz,Mirror of Apache CXF,Java,27,36,2014-03-08T08:00:07Z,2026-08-11T09:41:10Z
cxf-site,Apache CXF website,Java,1,4,2021-11-05T17:48:27Z,2026-07-22T03:00:02Z
cxf-xjc-utils,Mirror of Apache CXF,Java,24,38,2014-03-08T08:00:08Z,2026-09-09T01:50:48Z
daffodil,Apache Daffodil,Scala,114,74,2017-08-29T07:00:10Z,2026-09-08T20:40:15Z
daffodil-extra,Apache Daffodil Extra,Scala,3,3,2022-12-15T18:57:32Z,2026-07-22T03:04:35Z
daffodil-infrastructure,Apache Daffodil Infrastructure,JavaScript,3,4,2025-02-24T15:56:28Z,2026-08-17T23:29:19Z
daffodil-sbt,Apache Daffodil SBT Plugin,Scala,2,7,2024-01-22T14:26:20Z,2026-07-22T03:09:00Z
daffodil-schema.g8,Apache Daffodil DFDL Schema Template,Scala,3,7,2021-02-25T18:25:50Z,2026-07-22T02:56:06Z
daffodil-site,Apache Daffodil Website,HTML,5,16,2017-12-04T12:49:03Z,2026-09-08T12:56:36Z
daffodil-vscode,Apache Daffodil™ Extension for Visual Studio Code,TypeScript,18,33,2021-05-04T21:42:39Z,2026-09-04T20:09:42Z
datafu,Mirror of Apache DataFu,Java,124,67,2014-01-14T08:00:07Z,2026-07-22T02:10:33Z
datafusion,Apache DataFusion SQL Query Engine,Rust,9308,2401,2021-04-17T15:40:23Z,2026-09-12T14:28:22Z
datafusion-ballista,Apache DataFusion Ballista Distributed Query Engine,Rust,2135,320,2022-05-19T14:32:27Z,2026-09-12T21:21:10Z
datafusion-ballista-python,Apache Arrow Ballista Python bindings,Shell,42,9,2023-01-30T13:53:36Z,2026-07-22T03:05:05Z
datafusion-benchmarks,Apache DataFusion Benchmarks,Python,23,19,2024-05-14T12:59:32Z,2026-07-22T03:09:55Z
datafusion-comet,Apache DataFusion Comet Spark Accelerator,Scala,1273,373,2024-01-15T17:33:42Z,2026-09-12T20:30:40Z
datafusion-iceberg,Apache datafusion,não informado,7,1,2026-09-09T11:09:45Z,2026-09-11T13:58:34Z
datafusion-java,Java bindings for Apache DataFusion,Java,32,12,2026-05-12T22:03:12Z,2026-08-29T07:49:20Z
datafusion-python,Apache DataFusion Python Bindings,Python,604,173,2022-07-20T11:19:28Z,2026-09-11T22:52:49Z
datafusion-ray,Apache DataFusion Ray,Python,230,28,2024-09-19T19:56:04Z,2026-08-11T01:59:40Z
datafusion-sandbox,DataFusion Test Sandbox,Rust,6,4,2025-09-17T18:32:54Z,2026-07-22T06:10:32Z
datafusion-site,Apache DataFusion Blogs,JavaScript,11,31,2024-05-15T19:28:33Z,2026-08-28T09:29:03Z
datafusion-sqlparser-rs,Extensible SQL Lexer and Parser for Rust,Rust,3455,772,2018-02-06T23:58:43Z,2026-09-12T06:08:32Z
datafusion-testing,Apache DataFusion SQL Query Engine Testing,não informado,2,12,2024-12-22T17:02:08Z,2026-07-22T03:12:35Z
datasketches,"A software library of stochastic streaming algorithms, a.k.a. sketches.",não informado,122,12,2019-05-08T19:29:09Z,2026-09-11T16:58:31Z
datasketches-bigquery,Apache datasketches,JavaScript,21,8,2024-06-08T00:26:21Z,2026-08-09T18:43:22Z
datasketches-characterization,Java Sketch Characterization Code.,Jupyter Notebook,15,10,2018-01-09T21:16:30Z,2026-09-02T17:02:42Z
datasketches-cpp,Core C++ Sketch Library,C++,273,88,2018-05-14T23:06:58Z,2026-09-10T04:08:27Z
datasketches-cuda,Apache datasketches,C++,3,2,2026-03-20T17:24:31Z,2026-08-20T16:58:16Z
datasketches-experimentation,Apache DataSketches repository for reproducible experimentation,Jupyter Notebook,2,2,2021-10-26T20:46:36Z,2026-07-22T02:59:55Z
datasketches-go,Apache datasketches,Go,34,12,2023-12-14T04:38:09Z,2026-09-12T10:15:20Z
datasketches-hive,Sketch adaptors for Hive.,Java,51,24,2015-06-30T00:22:28Z,2026-08-09T18:40:02Z
datasketches-java,"A software library of stochastic streaming algorithms, a.k.a. sketches.",Java,958,226,2015-06-30T01:05:21Z,2026-09-09T00:50:59Z
datasketches-java-common,Apache datasketches,Java,0,0,2023-11-15T20:00:19Z,2026-07-22T03:08:14Z
datasketches-memory,High performance native memory access for Java.,Java,135,38,2017-03-16T20:51:54Z,2026-08-28T03:18:48Z
datasketches-memory16,Apache datasketches JDK16 experimental,Java,2,1,2021-03-15T23:50:51Z,2026-08-09T18:38:41Z
datasketches-memory17,Apache datasketches,Java,0,1,2022-05-05T00:30:26Z,2026-07-22T03:01:51Z
datasketches-pig,Sketch adaptors for Pig.,Java,10,9,2015-06-30T00:47:32Z,2026-08-09T18:37:05Z
datasketches-postgresql,PostgreSQL extension providing approximate algorithms based on apache/datasketches-cpp,C,96,12,2018-11-01T17:48:27Z,2026-08-11T02:16:51Z
datasketches-python,Apache datasketches,Jupyter Notebook,46,9,2023-08-31T20:40:59Z,2026-09-08T17:14:58Z
datasketches-rust,"A software library of stochastic streaming algorithms, a.k.a. sketches.",Rust,122,44,2025-12-10T20:08:01Z,2026-09-11T21:05:56Z
datasketches-server,Apache DataSketches simple server,Java,2,1,2020-12-03T21:41:17Z,2026-08-09T18:30:04Z
datasketches-spark,Apache datasketches,Scala,5,5,2024-12-20T20:37:37Z,2026-07-22T03:12:32Z
datasketches-tck,A Technology Compatibility Kit for the DataSketches library.,Go,1,0,2026-07-23T13:25:53Z,2026-09-06T19:13:01Z
datasketches-vector,Sketch Library for vector-based models,Java,15,3,2017-09-23T06:37:44Z,2026-07-22T02:23:10Z
datasketches-website,Website for DataSketches.,HTML,109,42,2015-06-18T22:03:27Z,2026-09-04T09:26:11Z
db-jdo,Apache JDO project,Java,40,21,2018-07-20T14:42:36Z,2026-08-18T18:43:55Z
db-jdo-site,Apache JDO project,HTML,4,5,2019-04-26T01:14:24Z,2026-07-22T02:44:25Z
db-site,Apache DB project,HTML,2,5,2022-01-17T06:55:56Z,2026-07-22T03:00:39Z
ddlutils,Mirror of Apache DB DdlUtils,Java,30,48,2014-09-10T07:00:06Z,2026-07-22T02:12:21Z
deltacloud,Apache DeltaCloud (retired),Ruby,72,24,2010-07-29T23:31:00Z,2023-11-20T14:34:10Z
deltaspike,Mirror of Apache Deltaspike,Java,154,131,2013-06-04T07:00:12Z,2026-07-22T02:09:56Z
derby,Mirror of Apache Derby,Java,378,141,2011-06-19T07:00:34Z,2026-09-10T03:30:18Z
devicemap-browsermap,Mirror of Apache Devicemap Browsermap,JavaScript,10,4,2013-07-06T07:00:14Z,2026-07-22T02:09:39Z
devlake,"Apache DevLake is an open-source dev data platform to ingest, analyze, and visualize the fragmented data from DevOps tools, extracting insights for engineering excellence, developer experience, and community growth.",Go,3136,808,2021-07-08T12:06:09Z,2026-09-12T18:47:12Z
devlake-helm-chart,Apache DevLake Helm Chart,Go Template,52,72,2022-10-25T08:36:25Z,2026-08-21T03:11:34Z
devlake-playground,"Apache DevLake is an open-source dev data platform to ingest, analyze, and visualize the fragmented data from DevOps tools, extracting insights for engineering excellence, developer experience, and community growth.",Python,10,4,2024-03-01T10:51:15Z,2026-09-05T03:44:40Z
devlake-terraform,Apache devlake,Go,6,4,2023-11-14T03:58:49Z,2026-07-22T03:08:10Z
devlake-website,Apache Devlake Website,TypeScript,44,116,2022-04-22T01:04:54Z,2026-09-03T09:39:59Z
directmemory,Mirror of Apache DirectMemory,Java,55,26,2011-10-15T07:00:08Z,2026-07-23T11:34:32Z
directmemory-lightning,Mirror of Apache Directmemory - Lightning,Java,2,4,2012-10-16T07:00:15Z,2026-07-22T02:10:13Z
directory-buildtools,Apache Directory Build Tools,Java,4,0,2017-10-22T18:41:45Z,2026-07-22T02:32:16Z
directory-fortress-commander,Mirror of Apache Directory Fortress Commander,Java,10,7,2015-10-02T07:00:05Z,2026-07-22T02:15:03Z
directory-fortress-core,Mirror of Apache Directory Fortress Core,Java,53,35,2015-10-02T07:00:05Z,2026-07-22T02:15:06Z
directory-fortress-enmasse,Mirror of Apache Directory Fortress Enmasse,Java,8,7,2015-10-02T07:00:06Z,2026-07-22T02:15:07Z
directory-fortress-realm,Mirror of Apache Directory Fortress Realm,Java,7,7,2015-10-02T07:00:06Z,2026-07-22T02:15:10Z
directory-kerby,Mirror of Apache Directory Kerby,Java,119,83,2015-03-17T07:00:05Z,2026-09-04T01:31:30Z
directory-ldap-api,Apache Directory LDAP API,Java,52,45,2017-08-18T06:58:13Z,2026-09-12T08:20:11Z
directory-mavibot,Apache Directory Mavibot,Java,17,7,2017-11-26T17:08:09Z,2026-07-22T02:33:10Z
directory-project,Apache Directory Project,Shell,6,6,2017-10-18T19:34:54Z,2026-09-09T12:02:57Z
directory-samples,Apache Directory Samples,Java,5,5,2009-05-21T00:57:36Z,2026-07-22T02:01:21Z
directory-scimple,Apache Directory - SCIMple,Java,103,47,2018-06-18T19:04:19Z,2026-09-04T14:23:46Z
directory-server,Apache Directory Server,Java,188,103,2009-05-21T02:25:07Z,2026-08-10T16:22:47Z
directory-site,Website sources for the Apache Directory website,HTML,11,5,2020-10-15T07:31:19Z,2026-07-22T02:54:42Z
directory-studio,Apache Directory Studio,Java,163,71,2009-05-20T01:52:19Z,2026-09-10T13:02:30Z
distributedlog,Apache DistributedLog,Java,188,65,2016-07-22T07:00:06Z,2026-07-28T13:44:54Z
diversity-research,Apache Diversity  Inclusion - Research,não informado,2,0,2019-06-28T07:58:44Z,2026-07-22T02:45:44Z
diversity-site,Apache diversity,Python,14,7,2019-06-19T12:02:47Z,2026-07-22T02:45:28Z
dolphinscheduler,Apache DolphinScheduler is the modern data orchestration platform. Agile to create high performance workflow with low-code,Java,14466,5092,2019-03-01T16:39:25Z,2026-09-12T09:21:51Z
dolphinscheduler-ambari,"Apache DolphinScheduler's Ambari plugin, deploy DolphinScheduler easier within Apache Ambari",Python,10,14,2021-11-22T09:13:22Z,2026-07-22T03:00:10Z
dolphinscheduler-datawarehouse,Apache DolphinScheduler data warehouse.,não informado,3,2,2022-12-12T13:35:58Z,2024-11-26T13:11:28Z
dolphinscheduler-maven-plugin,Apache dolphinscheduler,Java,7,10,2020-07-15T05:59:42Z,2026-07-22T02:53:03Z
dolphinscheduler-mlflow,MLFlow examples for Apache Dolphinscheduler,Python,6,7,2022-05-17T02:23:36Z,2025-08-07T12:27:24Z
dolphinscheduler-operator,Apache DolphinScheduler Kubernetes Operator.,Go,31,19,2022-07-04T03:28:10Z,2026-09-08T09:53:35Z
dolphinscheduler-sdk-python,"Apache DolphinScheduler Python API, aka PyDolphinscheduler.",Python,71,26,2022-11-07T10:27:11Z,2026-08-17T15:52:05Z
dolphinscheduler-studio,Apache dolphinscheduler,TypeScript,5,7,2022-08-29T02:57:49Z,2024-11-26T12:45:43Z
dolphinscheduler-website,Apache DolphinScheduler website,JavaScript,146,220,2019-09-04T17:57:45Z,2026-09-08T15:06:06Z
doris,Apache Doris is a real-time analytics and hybrid search database for AI agents.,Java,15896,3940,2017-08-10T12:13:30Z,2026-09-12T20:44:02Z
doris-cli,Agent Doris CLI,Rust,17,4,2026-05-29T02:54:05Z,2026-09-08T13:52:09Z
doris-flink-connector,Flink Connector for Apache Doris,Java,382,278,2022-02-11T14:48:32Z,2026-09-11T06:13:22Z
doris-jeager,Apache doris,não informado,0,0,2024-10-29T13:43:21Z,2026-07-22T03:11:45Z
doris-kafka-connector,Kafka Connector for Apache Doris,Java,29,19,2024-03-03T08:18:50Z,2026-09-11T06:14:58Z
doris-manager,Cluster manager for Apache Doris,Java,194,93,2022-02-10T03:42:12Z,2026-07-27T07:28:04Z
doris-mcp-server,Apache Doris MCP Server,Python,344,100,2025-05-06T03:21:08Z,2026-09-12T01:42:30Z
doris-opentelemetry-demo,Apache doris,JavaScript,13,6,2025-05-12T09:24:28Z,2026-07-22T03:13:33Z
doris-operator,Doris kubernetes operator,Go,138,73,2023-07-05T03:25:30Z,2026-09-02T04:03:53Z
doris-sdk,SDK for Apache Doris,Go,10,8,2023-05-04T14:46:14Z,2026-08-05T04:30:24Z
doris-shade,Apache Doris Shade Repository,não informado,2,19,2023-03-21T03:40:38Z,2026-09-03T07:54:58Z
doris-skills,Agent skills for Apache Doris,Shell,41,12,2026-05-28T22:04:04Z,2026-09-12T01:43:11Z
doris-spark-connector,Spark Connector for Apache Doris,Java,107,126,2022-02-10T03:40:38Z,2026-09-12T13:54:32Z
doris-streamloader,Stream Loader for Apache Doris,Go,35,24,2024-01-17T09:47:53Z,2026-07-22T03:08:58Z
doris-thirdparty,Self-managed thirdparty dependencies for Apache Doris,não informado,51,61,2022-08-03T02:17:20Z,2026-09-10T08:46:35Z
doris-website,Apache Doris Website,MDX,133,464,2018-09-21T15:24:57Z,2026-09-11T21:06:08Z
drat,"A distributed, parallelized (Map Reduce) wrapper around Apache RAT™ to allow it to complete on large code repositories of multiple file types where Apache RAT™ hangs forever.",JavaScript,31,28,2014-01-08T16:57:38Z,2023-08-29T16:07:03Z
drill,Apache Drill is a distributed MPP query layer for self describing data,Java,2023,990,2012-09-05T07:00:26Z,2026-09-10T07:27:13Z
drill-mcp,Apache drill,Python,1,0,2026-08-12T16:52:42Z,2026-08-26T15:37:01Z
drill-site,Apache Drill Site,HTML,13,29,2015-05-05T07:00:05Z,2026-07-22T02:13:56Z
drill-test-framework,Apache Drill Test Framework,Eiffel,1,1,2022-03-17T08:43:53Z,2026-07-22T03:01:26Z
druid,Apache Druid: a high performance real-time analytics database.,Java,14052,3796,2012-10-23T19:08:07Z,2026-09-12T16:19:17Z
druid-operator,Apache druid,Go,10,8,2026-02-18T04:18:20Z,2026-07-22T06:09:52Z
druid-website,Apache Druid Website Incubating,JavaScript,3,17,2018-04-11T18:31:51Z,2026-07-22T02:37:02Z
druid-website-src,Apache druid,CSS,28,100,2019-02-02T19:46:07Z,2026-09-07T02:34:08Z
dubbo,The java implementation of Apache Dubbo. An RPC and microservice framework.,Java,41564,26371,2012-06-19T07:56:02Z,2026-09-11T16:46:05Z
dubbo-admin,The ops and reference implementation for Apache Dubbo.,Go,4062,2166,2018-01-11T05:30:17Z,2026-09-12T13:11:22Z
dubbo-ai,Apache dubbo,Java,7,5,2024-06-27T03:14:01Z,2026-07-22T03:10:12Z
dubbo-async-processor,Source processor Dubbo interface.,Java,20,8,2018-05-30T12:53:38Z,2026-07-22T02:38:06Z
dubbo-awesome,Collections of Apache dubbo relevant informations,não informado,143,41,2019-09-04T09:37:32Z,2026-08-10T11:03:19Z
dubbo-benchmark,,Java,78,39,2018-05-17T09:42:12Z,2026-07-22T02:37:52Z
dubbo-docs,Apache Dubbo documentation,não informado,75,65,2017-07-28T07:01:43Z,2026-07-22T02:22:10Z
dubbo-dubbo-go-pixiu-admin,Apache dubbo,não informado,1,0,2026-01-18T13:20:56Z,2026-07-22T06:10:03Z
dubbo-erlang,Apache Dubbo Erlang Implementation.,Erlang,50,21,2018-10-17T11:27:38Z,2026-07-22T02:40:59Z
dubbo-feature-test,Apache Dubbo feature test,Java,14,5,2017-10-24T05:43:23Z,2026-07-22T02:32:20Z
dubbo-getty,a netty like asynchronous network I/O library based on tcp/udp/websocket; a bidirectional RPC framework based on JSON/Protobuf; a microservice framework based on zookeeper/etcd,Go,229,71,2019-04-02T07:46:34Z,2026-08-29T19:14:45Z
dubbo-go,Go Implementation For Apache Dubbo .,Go,4961,1042,2018-08-08T05:30:36Z,2026-09-10T06:51:47Z
dubbo-go-contrib,Apache dubbo,Go,2,1,2023-06-08T09:22:03Z,2026-07-22T03:06:51Z
dubbo-go-extensions,Apache dubbo,Go,11,5,2026-01-08T02:57:42Z,2026-08-22T14:04:12Z
dubbo-go-hessian2,caucho hessian2 implementation in Go for [apache/dubbo-go](https://github.com/apache/dubbo-go) which is compatible with [dubbo-hessian-lite](https://github.com/apache/dubbo-hessian-lite),Go,228,123,2018-12-12T06:22:58Z,2026-08-13T07:26:57Z
dubbo-go-pixiu,"Based on the proxy gateway service of dubbo-go, it solves the problem that the external protocol calls the internal Dubbo cluster. At present, it supports HTTP and gRPC[developing].",Go,567,191,2020-01-16T06:27:37Z,2026-09-10T05:51:24Z
dubbo-go-pixiu-admin,Apache dubbo,não informado,4,2,2026-01-18T13:22:32Z,2026-07-22T06:10:02Z
dubbo-go-pixiu-samples,Apache dubbo,Go,27,41,2022-08-07T13:20:16Z,2026-09-12T09:41:11Z
dubbo-go-samples,Apache dubbo,Go,298,248,2020-10-13T01:15:44Z,2026-09-05T06:05:25Z
dubbo-helm-charts,Apache Dubbo Helm Charts.,Go Template,3,2,2025-06-15T08:50:30Z,2026-07-23T11:03:17Z
dubbo-hessian-lite,Hessian Lite for Apache Dubbo,Java,71,55,2018-06-04T09:47:14Z,2026-07-22T02:38:12Z
dubbo-initializer,Apache dubbo,Java,19,13,2022-12-28T01:54:39Z,2026-07-22T03:04:44Z
dubbo-integration-cases,Apache dubbo,Java,5,19,2023-12-04T02:06:28Z,2026-07-22T03:08:30Z
dubbo-js,The Typescript implementation of Apache Dubbo. An RPC and microservice framework for Node.js and Web development.,TypeScript,777,158,2014-09-11T14:51:25Z,2026-09-12T09:00:14Z
dubbo-kubernetes,Build a native mesh using gRPC and xDS,Go,202,88,2018-07-17T09:31:28Z,2026-09-11T15:50:59Z
dubbo-logo,The new logo files for dubbo,não informado,4,7,2018-06-29T02:28:20Z,2026-07-22T02:38:42Z
dubbo-php-framework,php for Apache Dubbo,PHP,400,87,2018-06-28T08:25:17Z,2026-08-26T02:21:43Z
dubbo-proxy,Apache dubbo,Java,256,84,2019-05-21T07:08:02Z,2026-08-13T07:27:36Z
dubbo-python,The python Implementation For Apache Dubbo.,Python,305,99,2015-04-09T13:45:23Z,2026-09-05T18:53:47Z
dubbo-python2,Python Dubbo Client,Python,62,19,2018-05-15T08:52:24Z,2026-07-22T02:37:46Z
dubbo-research,Apache dubbo,não informado,0,0,2024-01-09T11:34:47Z,2026-07-22T03:08:48Z
dubbo-rpc-jsonrpc,The Json rpc module of Apache Dubbo project,Java,193,99,2015-04-01T16:25:59Z,2026-07-22T02:13:34Z
dubbo-rust,Apache Dubbo Rust implementation,Rust,296,66,2022-03-01T01:11:37Z,2026-08-31T22:51:27Z
dubbo-samples,samples for Apache Dubbo,Java,2379,1959,2018-04-28T09:25:29Z,2026-09-03T07:55:16Z
dubbo-sentinel-support,Sentinel integration for Apache Dubbo,Java,57,15,2018-07-27T06:13:38Z,2026-07-22T02:39:10Z
dubbo-serialization-gson,Dubbo gson serialization extension,Java,3,1,2018-11-01T02:58:31Z,2026-07-22T02:41:11Z
dubbo-spi-extensions,Apache Dubbo SPI Extensions,Java,206,121,2020-05-14T15:51:35Z,2026-08-13T06:28:53Z
dubbo-spi-samples,Samples For Apache Dubbo SPI.,Java,8,9,2024-05-17T02:15:21Z,2026-07-22T03:09:58Z
dubbo-spring-boot-project,Spring Boot Project for Apache Dubbo,Java,5384,1846,2018-01-18T12:10:50Z,2026-09-04T06:46:07Z
dubbo-test-tools,Apache dubbo,Java,4,7,2022-09-26T11:02:16Z,2026-07-22T03:03:22Z
dubbo-website,Apache Dubbo documents,CSS,491,809,2015-06-09T06:43:04Z,2026-09-03T07:53:12Z
eagle,Mirror of Apache Eagle,Java,411,178,2015-11-18T08:00:06Z,2026-07-13T20:12:26Z
echarts,"Apache ECharts is a powerful, interactive charting and data visualization library for browser",TypeScript,67308,19822,2013-04-03T03:18:59Z,2026-09-12T17:37:12Z
echarts-bar-racing,A bar-racing tool for Apache ECharts,TypeScript,7,4,2020-12-29T09:29:38Z,2026-08-18T16:04:43Z
echarts-bot,A robot for Apache ECharts issues and pull requests,JavaScript,12,2,2019-09-25T09:13:16Z,2026-08-01T12:47:07Z
echarts-custom-series,Apache ECharts Custom Series,TypeScript,72,10,2024-09-02T07:03:59Z,2026-09-02T19:20:24Z
echarts-doc,Official repository of Apache ECharts documentation,JavaScript,262,204,2016-07-07T07:09:32Z,2026-09-04T09:10:26Z
echarts-examples,Examples of Apache ECharts,TypeScript,399,250,2016-11-23T09:28:32Z,2026-09-06T00:17:27Z
echarts-from-mermaid,Apache ECharts From Mermaid,TypeScript,25,4,2025-01-26T06:20:06Z,2026-08-17T18:04:53Z
echarts-handbook,Apache ECharts Handbook,Vue,93,155,2020-06-17T09:33:43Z,2026-09-04T09:12:04Z
echarts-mcp,Apache ECharts MCP Server,JavaScript,82,11,2025-07-21T10:42:29Z,2026-09-02T22:20:02Z
echarts-theme-builder,Design your own theme for Apache ECharts.,Vue,288,70,2016-06-03T09:47:43Z,2026-08-27T02:45:25Z
echarts-website,Apache ECharts Website,JavaScript,162,314,2018-05-31T02:51:42Z,2026-09-01T03:07:21Z
echarts-wordcloud-generator,WordCloud Generator for Apache ECharts,Vue,3,3,2021-12-23T02:40:26Z,2026-08-12T16:09:15Z
echarts-www,Source of Apache ECharts website,JavaScript,68,66,2015-05-05T11:14:45Z,2026-09-01T03:02:02Z
empire-db,Mirror of Apache Empire-db,Java,94,26,2011-07-14T07:03:04Z,2026-09-10T09:49:07Z
esme,Mirror of Apache ESME (incubating),Scala,19,7,2010-05-26T23:38:08Z,2026-07-24T17:58:09Z
etch,Mirror of Apache Etch,Java,18,7,2009-03-27T15:41:55Z,2026-08-19T06:50:22Z
eventmesh,EventMesh is a new generation serverless event middleware for building distributed event-driven applications.,Java,1754,658,2019-09-16T03:04:56Z,2026-09-11T09:36:09Z
eventmesh-catalog,EventMesh catalog,Go,8,6,2023-03-28T12:24:24Z,2026-07-22T03:05:55Z
eventmesh-dashboard,Apache EventMesh Dashboard,Java,26,23,2023-03-28T08:01:40Z,2026-09-11T15:45:28Z
eventmesh-go,EventMesh go,Go,12,13,2023-03-28T08:06:00Z,2026-07-22T03:05:54Z
eventmesh-site,Apache EventMesh Website,TypeScript,26,51,2021-04-17T02:00:29Z,2026-09-11T12:02:16Z
eventmesh-workflow,EventMesh workflow,Go,31,17,2023-03-28T07:58:10Z,2026-07-22T03:05:51Z
falcon,Mirror of Apache Falcon,Java,104,111,2013-07-20T07:00:14Z,2026-05-13T05:59:53Z
felix,Mirror of Apache Felix,não informado,284,312,2009-05-20T02:00:07Z,2026-07-22T02:01:07Z
felix-antora,Apache felix antora playbook project,não informado,1,0,2021-05-04T18:36:45Z,2026-07-22T02:57:18Z
felix-antora-site,Apache felix antora website source,HTML,2,12,2021-05-04T18:35:58Z,2026-09-02T13:07:53Z
felix-antora-ui,Apache felix antora UI project,Handlebars,1,1,2021-05-04T18:37:30Z,2026-07-22T02:57:19Z
felix-atomos,Apache Felix Atomos,Java,44,19,2020-02-24T22:02:20Z,2026-08-06T05:57:27Z
felix-dev,Apache felix,Java,162,164,2020-02-24T22:09:29Z,2026-09-08T10:36:33Z
felix-site-pub,Apache felix published website,HTML,3,1,2021-05-04T18:38:27Z,2026-09-02T13:05:18Z
fesod,Fast. Easy. Done. Processing spreadsheets without worrying about large files causing OOM.,Java,6208,532,2024-10-05T11:42:50Z,2026-09-12T15:32:07Z
fineract,Apache Fineract,Java,2471,2756,2015-12-22T08:00:06Z,2026-09-12T16:31:10Z
fineract-backoffice-ui,"Angular back-office UI for Apache Fineract, the open-source core banking platform",TypeScript,15,60,2026-02-25T14:22:28Z,2026-09-12T13:38:32Z
fineract-business-intelligence,Apache fineract,Python,4,2,2026-05-20T04:38:26Z,2026-09-06T11:00:17Z
fineract-chat-archive,💾 Archive Slack messages into a static website.,Java,3,5,2026-01-26T19:02:41Z,2026-07-22T03:15:40Z
fineract-cn-accounting,"Apache Fineract account, ledger, and journal entry service",Java,31,129,2017-12-08T10:47:18Z,2026-07-01T18:36:44Z
fineract-cn-anubis,Apache Fineract CN library to secure services by checking JWT tokens produced by identity service,Java,4,103,2017-12-08T12:17:52Z,2025-11-27T14:28:13Z
fineract-cn-api,Apache Fineract library for using feign api classes,Java,4,104,2017-12-08T10:55:52Z,2024-01-11T12:31:05Z
fineract-cn-async,Apache Fineract CN library to support asynchronous execution of commands.,Java,3,97,2017-12-08T12:22:41Z,2025-11-27T14:20:14Z
fineract-cn-cassandra,Apache Fineract CN library to multi-tenant persistence of data and migrations in cassandra,Java,3,97,2017-12-08T12:20:23Z,2024-01-11T12:31:10Z
fineract-cn-cheques,Apache Fineract check management service,Java,3,99,2017-12-08T10:50:17Z,2025-10-11T22:13:17Z
fineract-cn-command,"Apache Fineract CN library to support tenanted event-sourcing pattern for saving and executing commands POST, PUT, DELETE",Java,3,101,2017-12-08T12:21:37Z,2024-01-11T12:31:08Z
fineract-cn-crypto,Apache Fineract CN library to hash passwords consistently.,Java,2,94,2017-12-08T12:24:08Z,2024-01-11T12:31:13Z
fineract-cn-customer,Apache Fineract know your customer service,Java,11,124,2017-12-08T10:48:03Z,2025-03-07T03:15:17Z
fineract-cn-data-jpa,Apache Fineract CN library to assist with data persistence.,Java,3,93,2017-12-08T12:25:26Z,2025-11-27T14:15:47Z
fineract-cn-default-setup,Apache Fineract csv files for import to set up a basic credit union structure,Java,3,97,2017-12-08T11:08:38Z,2024-01-11T12:31:10Z
fineract-cn-demo-server,Apache Fineract demo server which starts and provisions all services,Java,26,144,2017-12-08T10:49:02Z,2026-08-18T02:31:48Z
fineract-cn-deposit-account-management,Apache Fineract deposit account management,Java,10,110,2017-12-08T10:46:34Z,2025-08-02T08:43:27Z
fineract-cn-docker-compose,Apache Fineract CN Docker Compose for Development,Shell,14,66,2019-07-20T20:48:23Z,2025-11-27T14:10:17Z
fineract-cn-docker-scripts,Apache Fineract CN container scripts,não informado,1,0,2018-06-27T08:36:15Z,2024-01-11T12:31:19Z
fineract-cn-fims-e2e,Apache fineract web client automated tests,JavaScript,4,73,2017-12-08T09:32:44Z,2025-09-10T00:26:57Z
fineract-cn-fims-web-app,Apache Fineract AngularJS web application,TypeScript,13,127,2017-12-08T10:45:16Z,2026-08-13T17:31:56Z
fineract-cn-group,Apache Fineract CN service to manage groups for saving and lending,Java,5,102,2017-12-08T12:24:45Z,2025-11-27T14:14:37Z
fineract-cn-group-finance,Fineract CN UI that supports group lending,TypeScript,2,66,2018-06-25T09:12:56Z,2025-11-27T14:22:56Z
fineract-cn-identity,"Apache Fineract identity, role, and permission management service",Java,8,124,2017-12-08T11:06:49Z,2025-11-27T14:44:44Z
fineract-cn-integration-tests,Apache Fineract CN integration tests,não informado,2,0,2017-12-08T11:09:14Z,2024-01-11T12:31:19Z
fineract-cn-interoperation,Apache Fineract CN Interoperability microservice for Mojaloop and other integrations,Java,1,14,2019-11-27T09:29:18Z,2024-01-11T12:31:17Z
fineract-cn-lang,Apache Fineract library for miscellaneous assistance,Java,5,103,2017-12-08T11:06:02Z,2024-01-11T12:31:04Z
fineract-cn-mariadb,Apache Fineract library for using maria DB in a multi-tenanted manner.,Java,7,95,2017-12-08T10:55:19Z,2025-09-25T21:10:14Z
fineract-cn-mobile,Mobile field agent app,Java,41,152,2018-02-25T17:46:06Z,2026-08-20T11:20:37Z
fineract-cn-mobile-wallet,Repository for mobile wallet native to Fineract CN,não informado,1,3,2021-06-07T14:28:40Z,2024-01-11T12:31:18Z
fineract-cn-notifications,Apache Fineract Notifications Service,Java,5,79,2018-06-20T21:41:58Z,2024-04-26T05:33:29Z
fineract-cn-office,"Apache Fineract office, branch, and employee management service",Java,7,111,2017-12-08T10:52:09Z,2025-04-17T23:48:30Z
fineract-cn-payroll,Apache Fineract payroll deductions management service,Java,10,108,2017-12-08T10:51:01Z,2025-06-09T00:56:13Z
fineract-cn-permitted-feign-client,Apache Fineract library for accessing a service from a service with correct application permissions,Java,2,96,2017-12-08T10:54:39Z,2024-01-11T12:31:15Z
fineract-cn-portfolio,Apache Fineract loan and product management,Java,8,116,2017-12-08T10:46:01Z,2024-01-11T12:31:01Z
fineract-cn-postgresql,Apache Fineract CN library for using PostgreSQL in a multi-tenanted manner,Java,2,55,2018-11-19T23:40:19Z,2024-01-11T12:31:16Z
fineract-cn-provisioner,Apache Fineract tenant and application provisioning service,Java,8,122,2017-12-08T10:53:22Z,2024-01-11T12:30:59Z
fineract-cn-reporting,Apache Fineract report building service,Java,6,101,2017-12-08T10:51:32Z,2024-01-11T12:31:03Z
fineract-cn-rhythm,Apache Fineract service to manage creation of unique events,Java,2,101,2017-12-08T10:52:37Z,2024-01-11T12:31:11Z
fineract-cn-service-starter,Apache Fineract CN library to support starting and provisioning individual services for integration tests and demo-server.,Java,2,94,2017-12-08T12:23:30Z,2024-01-11T12:31:13Z
fineract-cn-stellar-bridge,Apache Fineract Stellar Bridge,Java,1,49,2018-07-18T13:19:39Z,2025-01-09T19:58:01Z
fineract-cn-teller,Apache Fineract teller management,Java,3,105,2017-12-08T10:49:44Z,2025-06-25T11:25:39Z
fineract-cn-template,Apache Fineract CN template for creating new services.  Contains best practices examples and documentation,Java,9,100,2017-12-08T12:18:37Z,2025-11-27T14:25:01Z
fineract-cn-test,"Apache Fineract CN library to support unit, component, and integration testing for services and libraries.",Java,4,95,2017-12-08T12:19:41Z,2025-11-27T14:29:27Z
fineract-consumer-facing,Apache fineract,Java,4,7,2026-05-20T04:36:54Z,2026-09-11T10:44:24Z
fineract-credit-scorecard,Fineract Credit Scorecard - A credit scoring module for Apache Fineract (https://github.com/apache/fineract),Java,23,27,2021-08-05T22:31:13Z,2026-07-22T02:58:47Z
fineract-loan-origination,Apache fineract,Java,4,4,2026-05-20T04:08:10Z,2026-09-11T05:04:00Z
fineract-open-banking-app,Repository for reference mobile app for Fineract Open Banking APIs,Kotlin,7,12,2021-03-15T20:10:39Z,2026-07-22T02:56:25Z
fineract-site,🌐 Apache Fineract project website,HTML,37,47,2015-12-22T08:00:06Z,2026-08-31T16:54:21Z
flagon,"Apache Flagon is a suite of comprehensive, thin-client behavioral logging tools",Jupyter Notebook,30,15,2017-01-12T08:00:06Z,2026-07-27T21:04:12Z
flagon-distill,Apache Flagon Distill is a python package to support and analyze Flagon UserAle.js logs,Python,11,12,2016-08-10T07:00:06Z,2025-02-19T14:36:44Z
flagon-useralejs,"Apache Flagon UserALE is a comprehensive, thin-client behavioral logging tool",JavaScript,29,26,2016-08-27T07:00:07Z,2026-06-04T20:07:26Z
flex-asjs,Mirror of Apache Flex ASJS,não informado,2,0,2017-09-28T07:00:08Z,2026-07-22T02:23:16Z
flex-blazeds,Mirror of Apache Flex BlazeDS,Java,58,43,2014-05-12T07:00:06Z,2026-08-01T08:28:18Z
flex-examples,Mirror of Apache Flex Examples,ActionScript,13,10,2013-06-26T07:00:34Z,2026-07-23T06:53:30Z
flex-external,Mirror of Apache Flex External,HTML,5,4,2013-05-16T07:00:18Z,2026-07-23T17:18:30Z
flex-falcon,Mirror of Apache Flex Falcon,não informado,1,0,2017-09-28T07:00:10Z,2026-07-22T02:23:18Z
flex-flexunit,Mirror of Apache Flex Flexunit,ActionScript,19,8,2013-05-16T07:00:18Z,2026-07-23T09:29:28Z
flex-radii8,Apache Flex Radii8,ActionScript,3,1,2019-01-08T05:28:18Z,2026-08-01T08:24:55Z
flex-sdk,Mirror of Apache Flex SDK,ActionScript,375,145,2012-08-30T07:00:23Z,2026-09-06T07:40:28Z
flex-site,Mirror of Apache Flex - Site (Incubating),HTML,5,13,2012-02-11T08:00:10Z,2026-07-22T02:10:32Z
flex-site-ng,Apache Flex Website (NG),HTML,2,1,2019-01-08T05:46:25Z,2026-08-01T08:25:21Z
flex-tlf,Mirror of Apache Flex TLF,ActionScript,30,18,2012-08-30T07:00:21Z,2026-08-19T09:54:01Z
flex-tourjs,Mirror of Apache FlexJS 'Tour de FlexJS',não informado,1,0,2017-09-28T07:00:10Z,2026-07-22T02:23:20Z
flex-typedefs,Mirror of Apache Flex TypeDefs,não informado,1,0,2017-09-28T07:00:10Z,2026-07-22T02:23:22Z
flex-utilities,Mirror of Apache Flex utilities,HTML,81,65,2012-08-30T07:00:22Z,2026-08-01T08:23:56Z
flex-whiteboard,Mirror of Apache Flex - Whiteboard (Incubating),não informado,14,5,2012-02-11T08:00:12Z,2026-08-01T08:24:34Z
flink,Apache Flink,Java,26333,14027,2014-06-07T07:00:10Z,2026-09-12T14:31:59Z
flink-agents,Flink Agents is an Agentic AI framework based on Apache Flink,Java,452,167,2025-06-08T11:45:47Z,2026-09-11T07:51:37Z
flink-agents-demos,Demo projects and examples for Apache Flink Agents,Python,18,15,2026-03-05T06:38:48Z,2026-08-29T19:54:46Z
flink-benchmarks,Benchmarks for Apache Flink,Java,192,97,2020-04-20T10:02:36Z,2026-08-27T09:02:54Z
flink-cdc,Flink CDC is a streaming data integration tool,Java,6473,2193,2020-07-27T19:23:33Z,2026-09-12T09:03:12Z
flink-ci-docker,Apache flink,Dockerfile,3,2,2026-06-12T12:02:09Z,2026-09-04T12:01:04Z
flink-connector-aws,Apache flink,Java,81,98,2022-07-27T14:55:32Z,2026-08-31T16:30:37Z
flink-connector-cassandra,Apache flink,Java,21,32,2022-11-10T10:46:04Z,2026-08-28T12:59:26Z
flink-connector-elasticsearch,Apache Flink connector for ElasticSearch,Java,96,112,2022-03-28T09:56:42Z,2026-08-27T08:57:59Z
flink-connector-gcp-pubsub,Apache flink,Java,14,25,2022-11-23T15:29:46Z,2026-07-22T03:04:18Z
flink-connector-hbase,Apache flink,Java,34,39,2022-11-22T14:44:22Z,2026-07-22T03:04:15Z
flink-connector-hive,Apache flink,Java,15,30,2022-11-23T22:00:12Z,2026-08-25T05:47:00Z
flink-connector-http,Apache flink,Java,14,12,2025-07-08T05:53:24Z,2026-08-26T08:16:09Z
flink-connector-jdbc,Apache flink,Java,180,223,2022-11-23T21:59:29Z,2026-09-03T05:04:57Z
flink-connector-kafka,Apache flink,Java,193,212,2022-11-22T14:01:46Z,2026-09-11T06:46:18Z
flink-connector-kudu,Apache flink,Java,8,10,2024-03-26T08:13:43Z,2026-08-14T14:34:31Z
flink-connector-mongodb,Apache flink,Java,54,37,2022-10-10T10:09:04Z,2026-07-22T03:03:30Z
flink-connector-opensearch,Apache flink,Java,28,37,2022-09-12T17:59:02Z,2026-08-14T03:09:13Z
flink-connector-prometheus,Apache flink,Java,16,5,2023-09-25T08:23:30Z,2026-07-22T03:07:43Z
flink-connector-pulsar,Apache flink,Java,70,81,2022-11-23T15:02:20Z,2026-07-22T03:04:17Z
flink-connector-rabbitmq,Apache flink,Java,24,17,2022-05-12T18:19:34Z,2026-07-22T03:01:58Z
flink-connector-redis-streams,Apache flink,não informado,19,6,2022-04-29T18:49:37Z,2026-07-22T03:01:48Z
flink-connector-shared-utils,Apache flink,não informado,17,27,2022-10-20T10:30:08Z,2026-09-07T15:19:42Z
flink-docker,Docker packaging for Apache Flink,Shell,359,222,2020-01-31T10:36:54Z,2026-09-08T06:19:54Z
flink-jira-bot,Apache Flink Jira Bot,Python,9,6,2021-04-07T18:37:11Z,2026-07-22T02:56:49Z
flink-kubernetes-operator,Apache Flink Kubernetes Operator,Java,1034,551,2022-02-10T05:00:35Z,2026-09-10T03:08:16Z
flink-ml,Machine learning library of Apache Flink,Java,334,89,2021-03-26T00:42:03Z,2026-09-03T13:32:32Z
flink-playgrounds,Apache Flink Playgrounds,Java,555,262,2019-07-12T09:56:05Z,2026-08-27T10:26:25Z
flink-shaded,Apache Flink shaded artifacts repository,Shell,139,131,2017-06-22T07:00:07Z,2026-09-07T06:28:23Z
flink-statefun,Apache Flink Stateful Functions,Java,535,181,2019-12-03T13:24:13Z,2026-07-22T02:48:13Z
flink-statefun-docker,Docker packaging for Apache Flink Stateful Functions,Shell,18,13,2020-03-30T08:14:12Z,2026-07-22T02:50:41Z
flink-statefun-playground,Apache Flink Stateful Functions Playground,Java,134,56,2021-03-15T11:31:25Z,2026-07-22T02:56:24Z
flink-training,Apache Flink Training Excercises,Java,1051,710,2020-04-20T10:01:03Z,2026-09-08T20:25:31Z
flink-web,Apache Flink Website,HTML,162,337,2015-05-17T07:00:05Z,2026-09-08T08:56:12Z
fluss,Apache Fluss is a streaming storage built for real-time analytics.,Java,2144,624,2024-10-31T06:36:35Z,2026-09-12T17:11:08Z
fluss-benchmarks,Benchmarks for Apache Fluss (Incubating),Shell,13,2,2025-08-04T02:50:57Z,2026-08-04T10:29:54Z
fluss-blog,Apache Fluss Blog,CSS,8,7,2026-04-18T09:21:02Z,2026-08-18T10:27:17Z
fluss-rust,Rust Client for Apache Fluss (Incubating),Rust,58,50,2025-08-22T06:38:45Z,2026-09-12T15:00:57Z
fluss-shaded,Apache Fluss (Incubating) shaded artifacts repository,Java,6,4,2025-07-01T14:57:17Z,2026-07-23T18:20:58Z
fluss-website,Apache Fluss Website,não informado,3,3,2025-07-01T14:56:12Z,2026-07-22T06:10:50Z
forrest,Mirror of Apache Forrest,XSLT,9,12,2010-10-16T07:00:22Z,2026-03-12T07:01:08Z
fory,"A blazingly fast multi-language serialization framework for idiomatic domain objects, schema IDL, and cross-language data exchange.",Java,4539,442,2023-04-28T03:57:00Z,2026-09-12T17:28:41Z
fory-site,Apache Fory Website,TypeScript,29,36,2023-05-23T09:35:25Z,2026-09-12T16:14:07Z
foundation-site,ASF Foundation Website,CSS,1,3,2020-08-31T08:14:54Z,2026-07-22T02:54:14Z
freemarker,Apache Freemarker,Java,1114,282,2015-09-04T07:00:05Z,2026-09-10T03:29:09Z
freemarker-docgen,Apache Freemarker docgen,Java,5,8,2015-09-04T07:00:05Z,2026-08-28T21:17:07Z
freemarker-generator,Apache FreeMarker Generator,Java,37,19,2018-09-19T20:15:06Z,2026-08-16T14:24:29Z
freemarker-online-tester,Apache FreeMarker Online Tester,Java,86,48,2017-02-28T08:00:06Z,2026-09-10T18:49:00Z
freemarker-site,Apache Freemarker site,não informado,7,17,2015-09-04T07:00:05Z,2026-08-28T21:23:40Z
ftpserver,Mirror of Apache FtpServer,Java,83,54,2011-04-21T07:00:07Z,2026-07-22T02:10:54Z
fundraising-site,Apache Fundraising Website,HTML,1,3,2021-04-05T19:00:59Z,2026-07-22T02:56:45Z
geaflow,Apache GeaFlow: A Streaming Graph Computing Engine.,Java,808,188,2023-06-05T02:52:59Z,2026-09-12T15:32:16Z
geaflow-website,Apache GeaFlow (Incubating): A Streaming Graph Computing Engine.,TypeScript,3,7,2025-08-07T14:15:58Z,2026-08-25T07:33:43Z
geode,Apache Geode,Java,2383,694,2015-04-30T07:00:05Z,2026-09-12T06:09:26Z
geode-benchmarks,Apache Geode Benchmarks,Java,7,27,2018-11-20T00:09:28Z,2026-07-22T02:41:25Z
geode-dotnet-core-client,Apache Geode .NET Core Client,C#,6,4,2020-04-22T18:25:21Z,2023-04-11T00:20:35Z
geode-examples,Apache Geode Examples,Java,75,76,2016-12-30T08:00:06Z,2026-07-22T02:19:25Z
geode-kafka-connector,Kafka connector for Apache Geode,Java,5,9,2020-02-04T19:26:36Z,2026-07-22T02:49:11Z
geode-native,Apache Geode Native,C++,44,50,2017-02-04T08:00:06Z,2026-09-08T13:54:38Z
geode-site,Apache Geode website content,JavaScript,6,16,2017-02-22T08:00:06Z,2026-07-22T02:19:49Z
geronimo,Mirror of Apache Geronimo,Java,45,20,2009-07-01T08:09:43Z,2026-07-19T06:41:26Z
geronimo-arthur,"Apache Geronimo Arthur repository, a GraalVM helper layer",Java,10,4,2019-10-29T07:50:27Z,2026-09-07T23:36:52Z
geronimo-batchee,Apache Geronimo BatchEE JBatch implementation,Java,10,11,2019-05-09T16:16:43Z,2026-08-19T07:00:12Z
geronimo-config,Apache Geronimo Config,Java,18,14,2017-07-18T07:00:07Z,2026-08-19T06:50:45Z
geronimo-devtools,Mirror of Apache Geronimo Devtools,Java,6,3,2011-01-28T08:00:12Z,2026-07-22T02:11:02Z
geronimo-genesis,Mirror of Apache Geronimo genesis,Java,4,4,2009-07-01T08:07:45Z,2026-07-22T02:11:37Z
geronimo-gshell,Mirror of Apache Geronimo gshell,Java,13,4,2009-07-01T08:14:25Z,2026-07-22T02:11:35Z
geronimo-health,Apache Geronimo Microprofile Health Implementation,Java,2,1,2018-07-09T07:52:05Z,2026-07-22T02:38:46Z
geronimo-jaspi,Mirror of Apache Geronimo jaspi,Java,4,3,2011-01-28T08:00:12Z,2026-07-22T02:11:01Z
geronimo-javamail,Mirror of Apache Geronimo javamail,Java,12,14,2009-07-01T08:15:28Z,2026-07-22T02:03:29Z
geronimo-jcache-simple,Apache Geronimo Simple Local JCache Implementation,Java,2,2,2018-03-20T13:49:59Z,2026-07-22T02:36:33Z
geronimo-jwt-auth,Apache Geronimo Microprofile JWT Auth Implementation,Java,8,8,2018-03-26T13:31:41Z,2026-07-22T02:36:54Z
geronimo-mail,Apache Geronimo Mail,Java,3,4,2025-01-16T06:37:13Z,2026-08-19T06:59:58Z
geronimo-metrics,Apache Geronimo Metrics,Java,3,7,2018-06-10T15:34:42Z,2026-07-22T02:38:14Z
geronimo-microprofile,Apache Geronimo Microprofile Aggregator Project,Java,2,1,2018-07-21T17:01:09Z,2026-07-22T02:39:04Z
geronimo-openapi,Apache Geronimo Microprofile OpenAPI Implementation,Java,14,14,2018-06-21T06:56:06Z,2026-08-19T07:00:05Z
geronimo-opentracing,Apache Geronimo Microprofile OpenTracing implementation,Java,3,3,2018-05-16T21:24:30Z,2026-07-22T02:37:50Z
geronimo-safeguard,Mirror of Apache Safeguard (Geronimo project around Fault Tolerance),Java,7,6,2017-09-06T07:00:08Z,2026-07-22T02:22:54Z
geronimo-schema-14,Mirror of Apache Geronimo Schema j2ee 1.4,não informado,4,1,2011-01-28T08:00:13Z,2026-07-22T02:11:00Z
geronimo-schema-5,Mirror of Apache Geronimo Schema Java EE 5,não informado,4,2,2011-01-28T08:00:12Z,2026-07-22T02:11:03Z
geronimo-schema-6,Mirror of Apache Geronimo Schema Java EE 6,não informado,5,2,2011-01-28T08:00:12Z,2026-07-23T13:08:21Z
geronimo-specs,Mirror of Apache Geronimo specs,Java,28,31,2009-07-01T08:00:27Z,2026-07-22T02:11:38Z
geronimo-txmanager,Mirror of Apache Geronimo txmanager,Java,16,7,2011-01-28T08:00:11Z,2026-07-22T02:11:04Z
geronimo-website,Mirror of Apache Geronimo Website,HTML,3,2,2017-09-01T07:00:09Z,2026-07-22T02:22:39Z
geronimo-xbean,Mirror of Apache Geronimo xbean,Java,29,42,2009-07-01T08:09:07Z,2026-08-02T19:09:17Z
geronimo-yoko,Mirror of Apache Geronimo yoko,Java,6,15,2009-07-01T08:14:50Z,2026-07-23T17:49:43Z
giraph,Mirror of Apache Giraph,Java,620,298,2011-08-28T07:00:33Z,2026-08-04T19:21:00Z
gluten,Gluten is a middle layer responsible for offloading JVM-based SQL engines' execution to native engines.,Scala,1598,657,2021-12-06T05:46:27Z,2026-09-11T18:18:50Z
gluten-site,Apache Gluten is a middle layer responsible for offloading JVM-based SQL engines' execution to native engines.,HTML,5,11,2024-02-08T07:57:05Z,2026-08-21T08:17:09Z
gobblin,"A distributed data integration framework that simplifies common aspects of big data integration such as data ingestion, replication, organization and lifecycle management for both streaming and batch data ecosystems.",Java,2270,749,2014-12-01T18:10:50Z,2026-09-04T20:31:08Z
gobblin-site,Apache Gobblin (Incubating),HTML,1,3,2017-07-21T07:00:07Z,2026-07-22T02:22:02Z
gora,The Apache Gora open source framework provides an in-memory data model and persistence for big data.,Java,123,131,2014-05-19T07:00:07Z,2026-07-22T02:11:28Z
gora-site,Apache Gora Website,HTML,1,4,2021-05-31T18:36:03Z,2026-07-22T02:57:37Z
grails-cache,Grails Cache Plugin,não informado,22,36,2012-01-10T20:09:25Z,2026-05-21T07:31:33Z
grails-core,Grails - the Web Application Framework,Groovy,2929,975,2010-02-10T23:57:57Z,2026-09-11T22:48:57Z
grails-data-hibernate6,GORM for Hibernate 6,não informado,3,2,2025-01-17T18:36:00Z,2025-07-10T15:34:51Z
grails-data-mapping,GORM - Groovy Object Mapping,não informado,224,195,2013-09-25T11:27:04Z,2026-09-08T18:45:03Z
grails-doc,Documentation Project For The Grails Web Application Framework,não informado,201,527,2010-02-10T23:59:05Z,2026-05-21T07:31:28Z
grails-forge,"This is Grails project creator. Grails projects may be created using the browser interface, Command Line, or via CURL.",não informado,6,10,2022-02-16T02:46:03Z,2026-05-21T07:31:29Z
grails-forge-ui,,JavaScript,3,7,2022-12-30T15:58:43Z,2026-09-03T15:20:01Z
grails-geb,Geb Functional Testing for Grails® framework,não informado,12,10,2014-12-11T00:35:11Z,2026-05-21T07:31:32Z
grails-github-actions,Apache Grails - GitHub Actions,Groovy,5,4,2023-07-22T07:33:04Z,2026-09-02T21:42:20Z
grails-gradle-codestyle,Apache grails,não informado,1,0,2025-10-14T17:55:07Z,2026-07-22T06:10:29Z
grails-gradle-plugin,,não informado,6,8,2021-06-15T09:58:51Z,2026-05-21T07:31:34Z
grails-gradle-publish,Apache Grails - Gradle Plugin - Grails Publish,Groovy,8,1,2025-07-05T04:24:53Z,2026-07-24T11:23:12Z
grails-intellij-plugin,Grails plugin for IntelliJ IDEA,Java,17,4,2026-06-08T19:10:14Z,2026-09-11T17:10:47Z
grails-micronaut,Apache grails,Groovy,1,0,2026-09-06T00:29:07Z,2026-09-09T17:10:31Z
grails-plugins-metadata,,Groovy,4,15,2021-03-18T10:51:08Z,2026-09-11T11:57:21Z
grails-profiles,Consolidated Home for Grails Profiles,não informado,0,3,2024-12-18T15:48:58Z,2026-05-21T07:31:31Z
grails-quartz,This project provides integration of the Quartz scheduling framework into the Grails Framework,não informado,84,94,2012-05-24T07:23:50Z,2026-08-23T04:25:07Z
grails-redis,Base redis plugin for Grails,não informado,79,48,2011-06-06T08:05:57Z,2026-07-23T17:18:27Z
grails-spring-security,Grails Spring Security Plugins,não informado,275,231,2010-03-22T17:44:03Z,2026-08-24T06:29:37Z
grails-static-website,Apache Grails Website,Groovy,31,98,2015-01-14T14:41:50Z,2026-09-11T22:46:48Z
grails-views,View Technologies for Grails,não informado,57,42,2015-08-26T12:57:17Z,2026-06-12T03:51:05Z
grails-website,Apache Grails Website & Documentation,não informado,6,11,2025-09-19T19:35:05Z,2026-09-12T20:27:19Z
grails-wrapper,Grails Wrapper,não informado,3,6,2016-11-02T14:45:27Z,2026-05-21T07:31:30Z
gravitino,"World's most powerful open data catalog for building a high-performance, geo-distributed and federated metadata lake.",Java,3218,936,2023-04-23T02:09:00Z,2026-09-12T06:58:18Z
gravitino-playground,A playground to experience Gravitino,Jupyter Notebook,83,55,2023-12-08T09:00:46Z,2026-09-05T14:32:19Z
gravitino-site,Apache gravitino,HTML,5,22,2024-07-01T12:38:02Z,2026-07-24T21:09:00Z
griffin,Mirror of Apache griffin,Scala,1172,586,2017-02-15T08:00:06Z,2026-07-24T16:39:21Z
griffin-site,Web site for Apache Griffin,CSS,1,10,2017-03-10T08:00:06Z,2026-01-19T18:02:01Z
groovy,Apache Groovy: A powerful multi-faceted programming language for the JVM platform,Groovy,5466,1916,2015-04-16T07:00:05Z,2026-09-12T17:23:38Z
groovy-dev-site,Apache Groovy developer documentation and project site,HTML,7,6,2017-04-24T07:00:07Z,2026-09-11T11:04:50Z
groovy-examples,Apache Groovy Examples,Groovy,15,19,2018-08-24T10:39:04Z,2026-07-22T02:39:59Z
groovy-geb,Apache Geb: Very Groovy Browser Automation,Groovy,1174,235,2010-08-03T03:58:46Z,2026-09-10T16:34:04Z
groovy-release,Apache Groovy release process scripts,Groovy,3,3,2017-06-17T07:00:08Z,2026-08-27T06:35:08Z
groovy-user-site,Apache Groovy user documentation,não informado,1,1,2017-04-24T07:00:08Z,2026-07-22T02:20:38Z
groovy-website,Apache Groovy content to generate sites,Groovy,47,72,2018-11-20T20:35:23Z,2026-09-11T10:48:59Z
guacamole-client,"The Apache Guacamole web application, official extensions, and JavaScript library.",Java,1715,848,2016-03-22T07:00:06Z,2026-09-11T10:48:15Z
guacamole-manual,Apache Guacamole's official documentation (the Guacamole User's Guide). A copy of this guide for each release of Guacamole can be found at the project website.,Jinja,62,64,2016-03-22T07:00:06Z,2026-09-01T14:53:22Z
guacamole-server,"The Apache Guacamole proxy daemon (guacd), C API (libguac), and protocol support.",C,3985,804,2016-03-22T07:00:06Z,2026-09-12T21:25:26Z
guacamole-website,The source and content of the public website of the Apache Guacamole project.,JavaScript,314,130,2016-04-27T07:00:06Z,2026-09-01T14:53:21Z
hadoop,Apache Hadoop,Java,15656,9242,2014-08-28T07:00:08Z,2026-09-12T19:43:43Z
hadoop-api-shim,Apache hadoop,Java,6,3,2023-06-02T17:15:28Z,2026-07-22T03:06:45Z
hadoop-cloudstore,Apache hadoop,Java,3,2,2026-05-14T14:59:03Z,2026-09-05T20:30:29Z
hadoop-common,Mirror of Apache Hadoop common,Java,162,148,2014-10-21T07:00:09Z,2026-03-25T02:14:52Z
hadoop-downstream-tests,Mirror of Apache Hadoop Downstream Tests,não informado,1,0,2017-09-02T07:00:10Z,2026-07-22T02:22:49Z
hadoop-hdfs,Mirror of Apache Hadoop HDFS,Java,202,109,2014-10-21T07:00:09Z,2026-06-25T02:47:13Z
hadoop-mapreduce,Mirror of Apache Hadoop MapReduce,Java,115,73,2014-10-21T07:00:09Z,2026-06-26T01:22:00Z
hadoop-release-support,Apache hadoop,Java,4,5,2024-02-21T14:22:53Z,2026-07-22T03:09:20Z
hadoop-site,Apache Hadoop Site,não informado,13,40,2018-09-04T19:57:23Z,2026-07-22T02:40:11Z
hadoop-thirdparty,Apache Hadoop Thirdparty,Shell,7,43,2019-09-23T18:00:19Z,2026-08-27T17:07:33Z
hama,Mirror of Apache Hama,Java,133,70,2010-08-25T07:00:06Z,2026-03-24T03:46:02Z
hamilton,"Apache Hamilton helps data scientists and engineers define testable, modular, self-documenting dataflows, that encode lineage/tracing and metadata. Runs and scales everywhere python does.",Jupyter Notebook,2590,213,2023-02-23T17:16:48Z,2026-09-12T15:32:41Z
hamilton-101,Apache hamilton,não informado,0,0,2025-04-18T15:02:36Z,2026-07-22T03:13:27Z
harmony,Mirror of Apache Harmony,Java,96,38,2010-05-26T23:38:08Z,2026-07-24T16:24:07Z
harmony-classlib,Mirror of Apache Harmony classlib,Java,6,7,2009-05-21T01:36:05Z,2026-07-22T02:01:59Z
harmony-drlvm,Mirror of Apache Harmony DRLVM,C++,14,8,2009-05-20T02:01:55Z,2026-07-22T02:01:11Z
harmony-jdktools,Mirror of Apache Harmony JDKTools,Java,4,4,2009-05-21T01:20:48Z,2026-07-22T02:01:48Z
hawq,Apache HAWQ,C,695,321,2015-09-05T07:00:05Z,2026-09-06T18:48:15Z
hawq-docs,Mirror of Apache HAWQ Documentation,HTML,3,8,2016-08-19T07:00:06Z,2024-07-23T12:10:13Z
hawq-site,Mirror of Apache Hawq site,CSS,8,13,2015-09-19T07:00:06Z,2025-08-20T16:15:03Z
hbase,Apache HBase,Java,5558,3398,2014-05-23T07:00:07Z,2026-09-10T22:06:07Z
hbase-connectors,Apache HBase Connectors,Scala,246,180,2018-07-31T23:08:26Z,2026-09-11T14:48:02Z
hbase-filesystem,Apache HBase Filesystem Semantics,Java,9,26,2019-04-29T16:35:03Z,2026-07-22T02:44:29Z
hbase-kustomize,Apache HBase deployments on Kubernetes using Kustomize,Shell,4,2,2023-06-12T16:19:56Z,2026-07-22T03:06:53Z
hbase-native-client,Apache HBase Native Client,C++,36,19,2019-04-10T07:39:10Z,2026-07-22T02:43:57Z
hbase-operator-tools,Apache HBase Operator Tools,Java,186,149,2018-07-31T23:07:55Z,2026-07-22T02:39:11Z
hbase-site,Apache HBase Site,HTML,12,20,2019-01-09T17:00:44Z,2026-09-10T23:55:31Z
hbase-thirdparty,Apache HBase Third Party Libs,Java,22,57,2017-06-21T07:00:07Z,2026-07-22T02:21:31Z
hcatalog,Mirror of Apache HCatalog,Java,59,44,2011-04-14T07:00:07Z,2025-04-05T01:31:46Z
helix,Mirror of Apache Helix,Java,504,255,2014-01-13T08:00:06Z,2026-09-03T07:10:49Z
hertzbeat,An AI-powered next-generation open source real-time observability system.,Java,7392,1330,2022-02-04T14:48:56Z,2026-09-12T16:15:14Z
hertzbeat-collector-go,"Real-time observability system with agentless, performance cluster, prometheus-compatible, custom monitoring and status page building capabilities.",Go,26,10,2025-09-01T02:55:26Z,2026-07-22T06:10:34Z
hertzbeat-helm-chart,An AI-powered next-generation open source real-time observability system.,Go Template,10,7,2024-07-23T06:25:15Z,2026-08-17T11:18:35Z
hive,Apache Hive,Java,6021,4800,2009-05-21T02:31:01Z,2026-09-11T13:11:28Z
hive-dev-box,Apache hive,Shell,0,0,2024-01-23T06:03:59Z,2026-07-22T03:09:02Z
hive-site,Apache Hive Website,CSS,12,63,2022-01-21T18:38:29Z,2026-09-03T07:22:02Z
hop,Hop Orchestration Platform,Java,1461,476,2019-09-24T10:48:12Z,2026-09-12T21:06:04Z
hop-website,Apache Hop Website,CSS,24,31,2020-10-11T15:00:14Z,2026-08-31T09:10:07Z
horaedb,"Apache HoraeDB (incubating) is a high-performance, distributed, cloud native time-series database.",Rust,2826,221,2022-05-26T06:22:14Z,2026-09-08T09:56:48Z
horaedb-client-go,Apache HoraeDB (Incubating) Golang Client.,Go,6,11,2022-08-31T09:40:33Z,2026-03-12T16:25:21Z
horaedb-client-java,Apache HoraeDB (Incubating) Java Client.,Java,23,13,2022-06-08T08:15:35Z,2026-09-03T13:01:24Z
horaedb-client-py,Apache HoraeDB (Incubating) Python Client.,Rust,10,6,2022-07-05T08:40:22Z,2026-03-12T16:25:18Z
horaedb-client-rs,Apache HoraeDB (Incubating) Rust Client.,Rust,18,16,2022-07-05T08:39:44Z,2026-03-12T16:25:20Z
horaedb-docs,Apache HoraeDB (incubating) Website.,HTML,7,28,2023-01-16T09:43:40Z,2026-03-12T16:25:21Z
httpasyncclient,Mirror of Apache HttpComponents HttpAsyncClient,Java,87,56,2011-10-15T07:00:08Z,2026-07-23T07:55:51Z
httpcomponents-client,Mirror of Apache HttpClient,Java,1535,992,2009-05-21T01:43:06Z,2026-09-07T15:49:09Z
httpcomponents-core,Mirror of Apache HttpCore,Java,364,354,2009-05-21T01:41:50Z,2026-09-12T10:34:43Z
httpcomponents-parent,Mirror of Apache HttpComponents Parent Project,não informado,6,9,2017-05-29T07:00:08Z,2026-07-22T02:21:07Z
httpcomponents-stylecheck,Mirror of Apache HttpComponents Style Check Resources,Java,3,2,2017-05-29T07:00:09Z,2026-07-22T02:21:09Z
httpcomponents-website,Apache HttpComponents Site,CSS,9,31,2017-05-19T07:00:07Z,2026-08-24T09:43:28Z
httpd,Mirror of Apache HTTP Server. Issues: http://issues.apache.org,C,4031,1354,2009-05-20T02:02:59Z,2026-09-12T13:35:21Z
httpd-docs-build,Mirror of Apache HTTPD Docs Build,Perl,6,4,2009-12-11T09:00:14Z,2026-07-22T02:11:26Z
httpd-flood,Mirror of Apache Flood,C,11,3,2010-05-26T23:38:07Z,2026-08-02T02:45:01Z
httpd-mod_fcgid,Mirror of SVN Apache HTTPD mod_fcgid,C,2,2,2020-10-19T19:30:20Z,2026-07-22T02:54:45Z
httpd-site,Apache httpd Website,HTML,8,14,2021-06-16T22:44:51Z,2026-09-08T14:30:35Z
httpd-tests,Perl-based test framework module for Apache httpd,Perl,8,10,2020-02-26T23:56:21Z,2026-08-29T16:00:57Z
hudi,"Upserts, Deletes And Incremental Processing on Big Data.",Java,6237,2518,2016-12-14T15:53:41Z,2026-09-12T05:38:08Z
hudi-rs,"The native Rust implementation for Apache Hudi, with C++ & Python API bindings.",Rust,279,67,2024-05-02T21:40:33Z,2026-09-11T01:35:41Z
hugegraph,"A graph database that supports more than 100+ billion data, high performance and scalability (Include OLTP Engine & REST-API & Backends)",Java,3175,636,2018-07-18T03:30:20Z,2026-09-09T14:17:33Z
hugegraph-ai,The integration of HugeGraph with AI/LLM & GraphRAG,Python,143,89,2023-10-08T12:03:07Z,2026-09-10T05:53:33Z
hugegraph-commons,"(Archived Warning)Please visit ""apache/hugegraph"" repo instead",Java,30,44,2018-07-03T07:11:40Z,2026-09-07T12:55:42Z
hugegraph-computer,HugeGraph Computer - A distributed graph processing system for hugegraph (OLAP),Java,65,52,2020-09-18T07:29:57Z,2026-09-11T15:40:32Z
hugegraph-doc,HugeGraph Website and Doc,Python,71,120,2018-06-19T07:24:51Z,2026-09-07T12:56:04Z
hugegraph-toolchain,HugeGraph toolchain - include a series useful graph modules,Java,121,125,2018-08-16T14:29:13Z,2026-09-09T08:02:11Z
hugegraph-tools,HugeGraph Database deploy and manage tool,Java,21,27,2018-07-24T03:53:52Z,2026-02-24T15:24:17Z
iceberg,Apache Iceberg,Java,9227,3526,2018-11-19T16:26:46Z,2026-09-12T20:02:29Z
iceberg-cpp,Apache Iceberg C++,C++,221,124,2024-11-22T08:45:21Z,2026-09-11T23:34:05Z
iceberg-docs,Apache Iceberg Documentation Site,SCSS,41,95,2021-11-23T21:16:00Z,2026-07-31T19:58:22Z
iceberg-go,Apache Iceberg - Go,Go,463,232,2023-08-11T06:07:45Z,2026-09-11T23:34:07Z
iceberg-python,PyIceberg,Python,1131,581,2023-08-11T06:07:31Z,2026-09-12T18:15:04Z
iceberg-rust,Apache Iceberg,Rust,1403,566,2023-07-21T06:16:00Z,2026-09-12T01:53:21Z
iceberg-verification,Verification framework for Apache Iceberg implementations,não informado,8,4,2026-08-24T19:17:26Z,2026-09-11T14:23:03Z
iggy,Apache Iggy: Hyper-Efficient Message Streaming at Laser Speed,Rust,4862,430,2023-03-18T21:39:42Z,2026-09-12T21:17:55Z
iggy-setup,Apache Iggy: Hyper-Efficient Message Streaming at Laser Speed,TypeScript,2,2,2025-06-28T11:59:40Z,2026-07-24T17:26:46Z
iggy-website,Apache Iggy Website,MDX,6,12,2025-02-09T09:04:54Z,2026-09-11T09:28:20Z
ignite,Apache Ignite,Java,5082,1929,2015-02-19T08:00:05Z,2026-09-12T16:29:35Z
ignite-3,Apache Ignite 3,Java,339,146,2020-11-23T16:39:36Z,2026-09-12T15:00:48Z
ignite-abbrev-plugin,Apache Ignite Abbreviations Plugin,Java,1,1,2018-12-17T13:52:47Z,2026-07-22T02:41:47Z
ignite-extensions,Apache Ignite Extensions,Java,57,81,2019-10-31T20:11:20Z,2026-07-28T10:17:04Z
ignite-nodejs-thin-client,Apache Ignite Node.js Thin Client,TypeScript,3,10,2020-11-19T16:36:45Z,2026-08-13T05:41:52Z
ignite-php-thin-client,Apache Ignite PHP Thin Client,PHP,4,5,2020-11-19T16:37:10Z,2026-07-22T02:55:05Z
ignite-python-thin-client,Apache Ignite Python Thin Client,Python,28,22,2020-11-19T16:25:36Z,2026-07-28T20:24:33Z
ignite-release,Mirror of Apache Ignite,Shell,2,6,2018-02-15T08:00:12Z,2026-07-22T02:36:22Z
ignite-teamcity-bot,Apache ignite Teamcity Bot,Java,12,27,2018-08-14T14:26:52Z,2026-08-05T16:37:31Z
ignite-web-console,Apache Ignite Web Console Discontinued,JavaScript,2,1,2020-05-19T22:36:37Z,2026-07-22T02:52:07Z
ignite-website,Apache Ignite Website,HTML,17,25,2020-03-10T20:50:05Z,2026-08-13T05:25:08Z
impala,Apache Impala,C++,1287,559,2016-04-13T07:00:08Z,2026-09-11T23:50:22Z
impala-udf-samples,SDK for development of Apache Impala UDFs. Includes sample UDF and UDAs for Apache Impala.,não informado,1,0,2020-04-28T00:39:05Z,2026-07-22T02:51:27Z
incubator,Apache Incubator Website,HTML,56,48,2016-11-08T08:00:08Z,2026-09-12T03:42:53Z
incubator-ambari,Mirror of Apache Ambari (Incubating),Java,8,14,2013-09-09T07:00:15Z,2025-11-12T13:26:27Z
incubator-annotator,"Apache Annotator provides annotation enabling code for browsers, servers, and humans.",TypeScript,241,43,2016-12-06T08:00:07Z,2026-06-20T14:18:31Z
incubator-annotator-website,Apache Annotator (Incubating) Website,HTML,11,7,2016-12-06T08:00:07Z,2025-08-13T19:14:29Z
incubator-argus,Mirror of Apache Argus,não informado,1,0,2014-11-22T08:00:09Z,2026-07-22T02:12:43Z
incubator-ariatosca,Mirror of Apache incubator,Python,28,44,2016-08-28T07:00:07Z,2023-07-25T14:03:39Z
incubator-ariatosca-website,Apache ariatosca (Incubating) - Project Retired,JavaScript,1,3,2017-01-11T08:00:07Z,2023-01-28T20:22:41Z
incubator-atlas,Mirror of Apache Atlas (Incubating),Java,96,106,2015-05-07T07:00:05Z,2026-02-11T07:01:51Z
incubator-baremaps,Create custom vector tiles from OpenStreetMap and other data sources with Postgis and Java.,Java,567,73,2019-01-07T21:16:01Z,2026-08-29T11:12:42Z
incubator-baremaps-site,"Apache Baremaps is a toolkit and a set of infrastructure components for creating, publishing, and operating online maps.",MDX,15,12,2022-11-16T17:27:31Z,2026-08-24T20:33:23Z
incubator-batchee,Mirror of Apache BatchEE,Java,15,16,2013-11-05T08:00:13Z,2026-07-22T02:10:10Z
incubator-bifromq-tenon,Apache bifromq,não informado,1,0,2026-05-19T02:02:43Z,2026-07-22T06:09:34Z
incubator-bluemarlin,Blue Marlin is a critical web infrastructure for advertising based monetization. It is a cloud platform that adds intelligence to a plain Ad System.,Python,2,5,2020-07-20T15:22:01Z,2024-05-15T10:22:23Z
incubator-brooklyn,Mirror of Apache Brooklyn,Java,143,89,2014-05-02T07:00:07Z,2026-03-26T14:55:05Z
incubator-brooklyn-site,Mirror of Apache Brooklyn,não informado,2,6,2014-06-24T07:00:07Z,2025-11-12T13:35:19Z
incubator-carbondata,Mirror of Apache CarbonData (Incubating),não informado,4,0,2017-05-09T07:00:08Z,2025-11-12T13:35:49Z
incubator-carbondata-site,Mirror of Apache CarbonData Site,não informado,1,0,2017-05-09T07:00:07Z,2025-11-12T13:35:52Z
incubator-crail,Mirror of Apache crail (Incubating),Java,153,43,2017-11-30T08:00:09Z,2026-09-02T05:03:48Z
incubator-crail-website,Mirror of Apache crail website (Incubating),HTML,3,5,2017-12-08T08:00:11Z,2024-06-06T04:18:14Z
incubator-datalab,Apache DataLab (incubating),Python,152,54,2019-01-11T18:39:39Z,2026-01-12T14:46:01Z
incubator-eagle,Mirror of Apache Eagle (Incubating),não informado,1,0,2016-12-28T08:00:08Z,2025-11-12T13:36:01Z
incubator-flagon-stout,Apache Flagon Stout (Incubating),HTML,3,2,2016-08-10T07:00:06Z,2024-06-06T04:09:43Z
incubator-flagon-tap,Apache Flagon Tap (Incubating),JavaScript,4,6,2016-08-10T07:00:07Z,2023-06-23T05:05:30Z
incubator-flagon-user-ale,Apache Flagon User Ale (Incubating),JavaScript,7,2,2016-08-10T07:00:07Z,2023-06-23T05:05:30Z
incubator-flagon-userale-pyqt5,Apache Flagon User Ale PyQT5 (Incubating),Python,4,1,2016-08-27T07:00:06Z,2023-07-25T14:03:38Z
incubator-graphar,"An open source, standard data file format for graph data storage and retrieval.",C++,373,93,2022-09-23T14:30:07Z,2026-09-12T15:32:23Z
incubator-graphar-testing,Auxiliary testing data files for Apache GraphAr (Incubating).,não informado,3,10,2022-11-30T09:38:38Z,2026-07-22T03:04:30Z
incubator-graphar-website,Apache GraphAr Website,MDX,0,10,2024-04-05T04:55:00Z,2026-07-22T03:09:37Z
incubator-guacamole,Mirror of Apache Guacamole (Incubating),não informado,2,0,2016-02-11T08:00:06Z,2026-07-22T02:16:10Z
incubator-heron,"Apache Heron (Incubating) is a realtime, distributed, fault-tolerant stream processing engine from Twitter",Java,3626,580,2015-09-25T16:09:24Z,2026-09-06T18:47:17Z
incubator-hivemall,Mirror of Apache Hivemall (incubating),Java,313,112,2016-09-15T07:00:08Z,2026-05-18T13:18:23Z
incubator-hivemall-site,Mirror of Apache Hivemall (incubating) Website,HTML,3,2,2016-09-15T07:00:06Z,2024-06-06T04:07:24Z
incubator-hop-docs,Apache hop,Shell,4,8,2020-10-11T15:00:35Z,2024-07-18T15:49:35Z
incubator-horaedb-meta,Meta service of HoraeDB cluster.,Go,27,16,2022-06-01T08:12:38Z,2025-03-11T00:09:35Z
incubator-horaedb-proto,Apache HoraeDB (Incubating) Protocol Buffer Files,Rust,8,18,2022-05-25T07:05:11Z,2026-03-11T16:51:59Z
incubator-ignite,Mirror of Apache Ignite (Incubating),não informado,3,0,2015-08-22T07:00:05Z,2026-07-22T02:14:36Z
incubator-incubator-mynewt-pkg-bsp,Mirror of Apache Mynewt incubator bsp package skeleton,C,1,0,2016-10-11T07:00:06Z,2026-07-22T02:18:05Z
incubator-incubator-mynewt-pkg-pkg,Mirror of Apache Mynewt incubator package skeleton,C,1,0,2016-10-11T07:00:07Z,2026-07-22T02:18:07Z
incubator-incubator-mynewt-pkg-sdk,Mirror of Apache Mynewt incubator sdk package skeleton,C,1,1,2016-10-11T07:00:08Z,2026-07-22T02:18:09Z
incubator-kie,"Apache KIE (Knowledge Is Everything) is the home of Drools, OptaPlanner, jBPM, and Kogito.",Java,6319,2599,2011-02-18T08:37:05Z,2026-09-12T15:33:05Z
incubator-kie-benchmarks,KIE related benchmarks,Java,8,43,2016-04-06T12:20:00Z,2026-08-18T12:14:21Z
incubator-kie-docs,Apache KIE documentation repository for Kogito,JavaScript,44,185,2015-07-17T07:12:45Z,2026-09-09T22:42:42Z
incubator-kie-examples,"Apache KIE Examples repository with showcases on how to use Kogito, Drools, and jBPM",Java,300,448,2019-03-07T09:33:22Z,2026-09-10T15:03:25Z
incubator-kie-issues,,não informado,14,1,2022-10-25T17:22:14Z,2026-08-18T12:13:35Z
incubator-kie-kogito-apps,Kogito Apps has moved to https://github.com/apache/incubator-kie-drools. This repository is archived. Kogito Apps houses source code for addons and supporting services for Kogito Runtimes,Java,78,164,2019-10-21T13:09:46Z,2026-07-29T09:03:10Z
incubator-kie-kogito-benchmarks,"Bare-metal (""2nd-level"") benchmarks for Kogito Decision (DMN), Prediction (PMML) and Process (BPMN) Services",Java,1,9,2021-04-30T11:13:02Z,2026-07-22T02:57:13Z
incubator-kie-kogito-docs,Apache KIE SonataFlow documentation repository,JavaScript,18,60,2022-05-09T17:59:35Z,2026-09-09T22:44:05Z
incubator-kie-kogito-images,Images for Kogito,Shell,25,82,2019-03-25T20:08:34Z,2026-07-27T14:04:33Z
incubator-kie-kogito-online,kogito-online resources,não informado,9,15,2019-09-26T17:48:39Z,2026-07-22T02:47:11Z
incubator-kie-kogito-online-staging,,CSS,3,5,2021-03-31T17:57:00Z,2026-07-22T02:56:37Z
incubator-kie-kogito-operator,Kubernetes Operator for Kogito,Go,44,79,2019-04-18T15:34:15Z,2026-07-16T13:09:48Z
incubator-kie-kogito-pipelines,This repository is archived. The Kogito pipelines have been replaced by local CI and release scripts in the apache/incubator-kie and apache/incubator-kie-tools repositories.,Groovy,15,51,2020-03-12T16:18:08Z,2026-08-01T12:05:00Z
incubator-kie-kogito-runtimes,Kogito Runtimes has moved to https://github.com/apache/incubator-kie-drools. This repository is archived. Kogito Runtimes is a cloud-native business automation technology for building cloud-ready business applications,Java,612,253,2019-03-07T08:49:09Z,2026-08-18T12:14:52Z
incubator-kie-kogito-serverless-operator,Kubernetes operator for SonataFlow,Go,19,44,2022-06-22T07:59:08Z,2026-07-16T13:09:47Z
incubator-kie-kogito-website,Kogito website,HTML,5,31,2019-07-02T18:54:02Z,2026-09-09T22:43:51Z
incubator-kie-optaplanner,"OplaPlanner has moved to https://github.com/apache/incubator-kie-drools. This repository is archived. OptaPlanner is an AI constraint solver in Java to optimize the vehicle routing problem, employee rostering, task assignment, maintenance scheduling, conference scheduling and other planning problems.",Java,3511,973,2011-02-15T19:38:23Z,2026-09-05T10:00:41Z
incubator-kie-optaplanner-quickstarts,OptaPlanner quick starts for AI optimization: many use cases shown in many different technologies.,Java,333,157,2020-08-19T07:56:31Z,2026-09-06T15:24:31Z
incubator-kie-sandbox-quarkus-accelerator,Apache KIE™ Sandbox Quarkus Accelerator (template). This repository is automatically updated based on code from `packages/kie-sandbox-accelerator-quarkus` on https://github.com/apache/incubator-kie-tools,não informado,4,11,2021-11-16T21:10:20Z,2026-07-27T14:04:29Z
incubator-kie-tools,Tools for KIE,TypeScript,294,251,2019-07-05T18:41:47Z,2026-09-12T13:59:42Z
incubator-kie-website,Apache KIE Website,TypeScript,4,12,2024-01-29T17:16:12Z,2026-09-10T13:07:59Z
incubator-knox,Mirror of Apache Knox (Incubating),Java,4,2,2013-10-01T07:00:12Z,2025-11-12T13:38:49Z
incubator-lens,Mirror of Apache Lens,não informado,1,0,2015-08-22T07:00:05Z,2025-11-12T13:36:07Z
incubator-liminal,"Apache Liminals goal is to operationalise the machine learning process, allowing data scientists to quickly transition from a successful experiment to an automated pipeline of model training, validation, deployment and inference in production. Liminal provides a Domain Specific Language to build ML workflows on top of Apache Airflow.",Python,142,39,2020-06-10T04:57:10Z,2026-08-20T11:05:18Z
incubator-liminal-site,Apache Liminal Website,HTML,3,3,2020-09-07T15:07:46Z,2024-07-23T11:28:59Z
incubator-marvin,Apache Marvin-AI,Jupyter Notebook,98,33,2018-09-10T02:27:54Z,2026-08-21T22:33:48Z
incubator-marvin-website,Apache marvin,HTML,4,5,2018-11-28T17:19:54Z,2024-06-06T04:09:02Z
incubator-milagro,Apache Milagro (Incubating),HTML,42,12,2016-02-05T08:00:06Z,2025-11-12T17:56:01Z
incubator-milagro-crypto,[DEPRECATED] - Apache Milagro Crypto Incubator,C,62,17,2016-05-19T07:00:06Z,2026-04-11T07:56:18Z
incubator-milagro-crypto-c,Apache milagro (Incubating),C,39,15,2017-03-10T08:00:07Z,2026-03-22T22:31:25Z
incubator-milagro-crypto-js,Apache milagro,JavaScript,19,7,2018-11-07T22:59:22Z,2024-09-27T14:28:42Z
incubator-milagro-crypto-rust,Apache Milagro Crypto Library - Rust Version,Rust,31,18,2019-06-26T06:19:10Z,2023-11-18T22:15:04Z
incubator-milagro-dta,Apache Milagro Decentralized Trust Authority,Go,11,6,2019-06-25T10:43:55Z,2023-11-24T07:43:27Z
incubator-milagro-java,[DEPRECATED] - Apache Milagro,Java,2,6,2018-11-08T00:45:33Z,2023-08-18T07:39:48Z
incubator-milagro-mfa-js-client,[DEPRECATED] - Apache Milagro MFA JS Client Incubator,JavaScript,2,1,2016-05-19T07:00:07Z,2023-01-28T17:19:27Z
incubator-milagro-mfa-js-lib,[DEPRECATED] - Apache Milagro MFA JS Lib Incubator,JavaScript,5,1,2016-05-19T07:00:07Z,2023-08-24T12:10:00Z
incubator-milagro-mfa-sdk-android,[DEPRECATED] - Apache Milagro SDK Android Incubator,C++,2,4,2016-05-19T07:00:08Z,2023-01-28T17:19:27Z
incubator-milagro-mfa-sdk-core,[DEPRECATED] - Apache Milagro MFA SDK Core Incubator,C++,1,0,2016-05-19T07:00:08Z,2023-01-28T17:19:27Z
incubator-milagro-mfa-sdk-ios,[DEPRECATED] - Apache Milagro MFA SDK IOS Incubator,Objective-C++,3,1,2016-05-19T07:00:08Z,2023-01-28T17:19:28Z
incubator-milagro-mfa-sdk-wp,[DEPRECATED] - Apache Milagro MFA SDK WP Incubator,C#,1,1,2016-05-19T07:00:08Z,2023-01-28T17:19:28Z
incubator-milagro-mfa-server,Apache Milagro MFA Server Incubator,C++,17,7,2016-05-19T07:00:09Z,2023-03-15T17:21:15Z
incubator-milagro-mpc,Apache Milagro MPC Multi-Party Computation,C,22,10,2020-02-06T20:31:46Z,2026-03-15T15:38:14Z
incubator-milagro-tls,[DEPRECATED] - Apache Milagro MFA TLS Incubator,C,10,0,2016-05-19T07:00:09Z,2023-01-28T17:19:28Z
incubator-mnemonic,Mirror of Apache Mnemonic (Incubating),não informado,1,0,2017-11-29T08:00:11Z,2025-11-12T13:36:13Z
incubator-mynewt-documentation,Mirror of Apache MyNewt Documentation (Incubating),não informado,1,0,2017-06-30T07:00:07Z,2026-07-22T02:21:50Z
incubator-myriad,Mirror of Apache Myriad (Incubating),Java,155,68,2015-04-04T07:00:05Z,2026-07-22T02:13:38Z
incubator-nemo,Apache Nemo (Incubating) - Data Processing System for Flexible Employment With Different Deployment Characteristics,Java,113,65,2018-02-27T15:59:11Z,2026-07-08T17:21:21Z
incubator-nemo-website,Apache nemo,HTML,5,4,2018-03-04T04:40:15Z,2025-07-01T16:27:43Z
incubator-nlpcraft,Apache NLPCraft - API to convert natural language into actions.,Scala,85,25,2020-03-01T09:10:50Z,2026-09-10T10:41:31Z
incubator-nlpcraft-java-client,Native Java Client for Apache NLPCraft.,Java,9,4,2020-02-28T09:38:14Z,2026-06-02T09:26:49Z
incubator-nlpcraft-ui,Management UI for Apache NLPCraft.,TypeScript,6,5,2020-02-28T09:38:51Z,2026-06-02T09:26:34Z
incubator-nlpcraft-website,Apache NLPCraft - API to convert natural language into actions.,HTML,4,2,2020-04-18T03:23:46Z,2026-06-02T09:26:32Z
incubator-odftoolkit-site,Apache ODF Toolkit Site incubating - Project Retired,HTML,1,0,2018-01-15T19:10:41Z,2024-06-06T04:19:58Z
incubator-olingo-odata3-js,Mirror of Apache Olingo,não informado,1,0,2014-03-21T07:00:06Z,2025-11-12T13:36:36Z
incubator-optiq-csv,Mirror of Apache Optiq,Java,2,5,2014-06-25T07:00:07Z,2026-07-22T02:11:59Z
incubator-optiq-linq4j,Mirror of Apache Optiq,Java,4,7,2014-06-25T07:00:07Z,2026-07-22T02:12:01Z
incubator-pagespeed-cpanel,mod_pagespeed module for CPanel WHM,Perl,147,44,2013-03-13T23:21:01Z,2025-12-29T00:02:18Z
incubator-pagespeed-debian,(Expiremental) Proper Debian packaging,C++,2,3,2017-01-09T17:43:02Z,2023-08-27T01:34:35Z
incubator-pagespeed-drp,Automatically exported from code.google.com/p/domain-registry-provider,Python,2,6,2015-06-05T15:31:49Z,2023-07-25T13:56:37Z
incubator-pagespeed-icu,ICU modified to work with PageSpeed,C++,1,2,2016-10-12T17:56:25Z,2023-04-21T17:10:29Z
incubator-pagespeed-mod,Apache module for rewriting web pages to reduce latency and bandwidth.,C++,692,155,2015-04-06T15:31:46Z,2026-08-14T18:26:30Z
incubator-pagespeed-ngx,Automatic PageSpeed optimization module for Nginx,C++,4336,353,2012-06-23T18:30:14Z,2026-09-12T14:42:18Z
incubator-pagespeed-optipng,Minimal OptiPNG bundled as a library for PageSpeed,C,4,3,2016-10-12T19:05:10Z,2025-11-22T17:54:46Z
incubator-pagespeed-website,Apache pagespeed website,não informado,1,1,2019-05-16T06:39:28Z,2023-04-21T17:10:25Z
incubator-pagespeed-zlib,gypified zlib for PageSpeed,C,2,2,2016-10-12T17:59:17Z,2025-11-22T17:55:10Z
incubator-parquet-cpp,Mirror of Apache Parquet,não informado,1,0,2015-04-23T07:00:05Z,2025-11-12T13:36:53Z
incubator-parquet-format,Mirror of Apache Parquet,não informado,1,0,2015-04-23T07:00:06Z,2025-11-12T13:36:57Z
incubator-parquet-mr,Mirror of Apache Parquet,não informado,1,0,2015-04-23T07:00:06Z,2025-11-12T13:37:22Z
incubator-pegasus,"Apache Pegasus - A horizontally scalable, strongly consistent and high-performance key-value store",C++,2064,328,2015-09-01T02:29:37Z,2026-09-12T15:34:20Z
incubator-pegasus-website,Apache Pegasus Website,HTML,5,17,2020-07-20T06:57:41Z,2026-07-22T02:53:06Z
incubator-resilientdb,Global-Scale Sustainable Blockchain Fabric,C++,169,277,2019-11-22T18:28:12Z,2026-09-12T15:34:47Z
incubator-resilientdb-ansible,Global-Scale Sustainable Blockchain Fabric https://resilientdb.incubator.apache.org/,Jinja,1,2,2025-02-14T21:52:03Z,2026-07-22T03:13:05Z
incubator-resilientdb-blog,,SCSS,5,48,2021-08-18T22:27:58Z,2026-07-22T02:58:55Z
incubator-resilientdb-cdn,ResilientDB Content Delivery Network,JavaScript,0,0,2023-10-13T04:49:46Z,2026-07-22T03:07:59Z
incubator-resilientdb-create-resilient-app,Global-Scale Sustainable Blockchain Fabric,Vue,3,1,2024-10-17T06:37:07Z,2026-07-22T03:11:25Z
incubator-resilientdb-explorer,"Track ResilientDB blocks, transactions, and ledger data in real-time",Vue,4,0,2024-02-23T01:30:43Z,2026-07-26T07:22:55Z
incubator-resilientdb-graphql,Global-Scale Sustainable Blockchain Fabric,Python,2,5,2023-01-24T10:42:49Z,2026-07-22T03:04:59Z
incubator-resilientdb-orbit,Global-Scale Sustainable Blockchain Fabric,Svelte,0,0,2025-04-12T00:17:08Z,2026-07-22T03:13:24Z
incubator-resilientdb-python-sdk,Python SDK for ResilientDB,Python,9,6,2022-09-25T22:02:21Z,2026-07-23T17:18:28Z
incubator-resilientdb-ResCLI,Global-Scale Sustainable Blockchain Fabric,Ruby,3,0,2023-12-03T09:16:20Z,2026-07-22T03:08:28Z
incubator-resilientdb-ResContract,Global-Scale Sustainable Blockchain Fabric,JavaScript,3,3,2024-06-27T03:01:28Z,2026-07-22T03:10:10Z
incubator-resilientdb-ResDB-ORM,Global-Scale Sustainable Blockchain Fabric,Python,2,0,2024-08-09T02:09:19Z,2026-07-22T03:10:51Z
incubator-resilientdb-resilient-contract-kit,Global-Scale Sustainable Blockchain Fabric,TypeScript,0,0,2024-12-05T02:22:27Z,2026-07-22T03:12:24Z
incubator-resilientdb-resilient-node-cache,TypeScript library for syncing ResilientDB data via WebSocket and HTTP with seamless reconnection.,TypeScript,3,0,2024-10-31T04:03:54Z,2026-07-22T03:11:46Z
incubator-resilientdb-resilient-python-cache,Global-Scale Sustainable Blockchain Fabric,Python,2,1,2024-11-08T11:37:03Z,2026-07-22T03:11:52Z
incubator-resilientdb-ResLens,Global-Scale Sustainable Blockchain Fabric,TypeScript,2,2,2024-11-12T06:49:35Z,2026-07-22T03:12:12Z
incubator-resilientdb-ResLens-Middleware,Global-Scale Sustainable Blockchain Fabric,JavaScript,1,3,2024-11-21T00:10:19Z,2026-07-22T03:12:15Z
incubator-resilientdb-resvault,Global-Scale Sustainable Blockchain Fabric,JavaScript,4,8,2023-01-24T10:36:49Z,2026-07-22T03:04:57Z
incubator-resilientdb-resvault-sdk,Global-Scale Sustainable Blockchain Fabric,TypeScript,2,0,2024-10-03T07:24:50Z,2026-07-22T03:11:14Z
incubator-resilientdb-rust_sdk,Global-Scale Sustainable Blockchain Fabric,Rust,3,1,2023-11-04T21:09:36Z,2026-07-22T03:08:05Z
incubator-resilientdb-site,The official website for Apache ResilientDB (Incubating),TypeScript,8,8,2019-11-21T19:40:29Z,2026-07-26T02:07:12Z
incubator-resilientdb-smart-contracts-graphql,Global-Scale Sustainable Blockchain Fabric,JavaScript,1,2,2024-09-06T03:38:39Z,2026-07-22T03:11:03Z
incubator-retired-amaterasu,Apache Amaterasu,Kotlin,56,23,2017-09-27T20:52:34Z,2026-05-16T08:14:12Z
incubator-retired-amaterasu-site,Apache Amaterasu Site Incubating,CSS,0,0,2017-09-20T13:48:50Z,2023-07-25T14:11:36Z
incubator-retired-blur,Mirror of Apache Blur,Java,34,31,2014-05-30T07:00:06Z,2026-05-12T06:28:00Z
incubator-retired-cmda,"Apache CMDA (Incubating, retired)",JavaScript,1,0,2019-01-25T14:12:13Z,2023-01-28T19:05:05Z
incubator-retired-concerted,Mirror of Apache Concerted (Incubating),C++,11,4,2015-10-23T07:00:05Z,2023-01-28T19:05:02Z
incubator-retired-corinthia,Mirror of Apache Corinthia (Incubating),HTML,16,4,2014-12-18T08:00:05Z,2024-06-06T04:18:56Z
incubator-retired-cotton,Mirror of Apache Cotton,Python,91,21,2015-08-01T07:00:05Z,2025-08-11T05:20:03Z
incubator-retired-edgent,Mirror of Apache Edgent (Incubating),Java,222,134,2016-03-10T08:00:06Z,2026-07-13T20:12:43Z
incubator-retired-edgent-samples,Mirror of Apache Edgent (Incubating) Samples,Java,15,9,2017-11-21T08:00:08Z,2023-12-08T03:08:52Z
incubator-retired-edgent-website,Mirror of Apache Edgent site (Incubating),HTML,6,19,2016-03-03T08:00:07Z,2024-06-06T04:13:15Z
incubator-retired-gearpump,Mirror of Apache Gearpump (Incubating),Scala,297,89,2016-04-13T07:00:08Z,2026-05-24T02:29:35Z
incubator-retired-gearpump-site,Mirror of Apache Gearpump (Incubating) Site,HTML,2,5,2016-05-05T07:00:05Z,2024-06-06T04:19:37Z
incubator-retired-gossip,Mirror of Apache Gossip Incubator,Java,254,108,2016-05-28T07:00:05Z,2026-07-16T03:22:15Z
incubator-retired-hdt,Mirror of Apache HDT (Incubating),Java,7,6,2013-01-05T08:00:24Z,2023-06-23T05:04:49Z
incubator-retired-horn,Mirror of Apache Horn (Incubating) ** This project has been retired **,Java,28,15,2015-09-18T07:00:05Z,2024-08-17T13:49:45Z
incubator-retired-horn-site,Mirror of Apache Horn site (Incubating) ** This project has been retired **,CSS,4,2,2015-09-15T07:00:05Z,2023-07-25T13:58:00Z
incubator-retired-htrace,Mirror of Apache HTrace (Incubating),Java,106,81,2015-04-22T07:00:05Z,2026-03-19T11:19:11Z
incubator-retired-iota,Mirror of Apache Iota (Incubating),Scala,35,29,2016-02-06T08:00:06Z,2026-05-12T07:12:07Z
incubator-retired-iota-site,Mirror of Apache Iota site (Incubating),CSS,0,1,2016-02-06T08:00:06Z,2023-07-25T14:00:04Z
incubator-retired-mrql,Mirror of Apache MRQL (Incubating),Java,17,14,2015-04-18T07:00:05Z,2023-01-28T19:05:01Z
incubator-retired-openaz,Mirror of Apache OpenAZ (Incubating),Java,17,24,2015-04-11T07:00:06Z,2024-07-08T05:16:48Z
incubator-retired-openaz-site,Mirror of Apache OpenAZ (Incubating) Site,ApacheConf,2,4,2016-04-27T07:00:08Z,2024-08-02T02:20:21Z
incubator-retired-pirk,Mirror of Apache Pirk (Incubating),Java,59,23,2016-06-19T07:00:06Z,2026-04-17T03:33:19Z
incubator-retired-provisionr,Mirror of Apache Provisionr (Incubating),Java,5,6,2013-06-12T07:00:18Z,2023-01-28T19:05:01Z
incubator-retired-quickstep,Apache Quickstep Incubator - This project is retired,C++,94,63,2016-04-14T07:00:07Z,2026-06-10T22:12:55Z
incubator-retired-quickstep-site,Apache Quickstep Site Incubator - This project is retired.,HTML,1,4,2016-04-14T07:00:06Z,2024-06-06T04:12:43Z
incubator-retired-ripple,Mirror of Apache Ripple,JavaScript,171,50,2013-04-08T07:20:21Z,2026-04-28T10:46:00Z
incubator-retired-s4,Mirror of Apache S4,Java,43,16,2012-01-13T08:00:11Z,2026-07-26T21:04:44Z
incubator-retired-slider,Mirror of Apache Slider,Java,79,71,2014-05-22T07:00:07Z,2026-05-22T03:05:14Z
incubator-retired-tamaya,Mirror of Apache Tamaya,Java,47,31,2014-11-21T08:00:09Z,2026-05-12T06:21:24Z
incubator-retired-tamaya-extensions,Mirror of Apache Tamaya (incubating) Extensions,Java,1,5,2016-08-23T07:00:06Z,2023-06-23T05:05:30Z
incubator-retired-tamaya-sandbox,Mirror of Apache Tamaya (incubating) Sandbox,Java,1,4,2016-08-23T07:00:07Z,2023-06-23T05:05:30Z
incubator-retired-tamaya-site,Mirror of Apache incubator Tamaya Website,CSS,1,7,2016-09-22T07:00:06Z,2023-07-25T14:04:24Z
incubator-retired-wave,Apache Wave is now retired,Java,241,104,2013-12-17T08:00:14Z,2026-08-03T14:01:33Z
incubator-retired-wave-android,Apache Wave Android is now retired.,Java,10,12,2015-09-01T07:00:05Z,2026-04-15T17:52:35Z
incubator-retired-wave-docs,Apache Wave Docs retired.,Python,11,9,2015-05-01T07:00:05Z,2026-04-15T17:52:31Z
incubator-retired-zipkin-website,Apache Zipkin Website,HTML,5,2,2018-09-19T02:15:37Z,2024-06-06T04:13:54Z
incubator-s2graph,Mirror of Apache S2Graph (Incubating),Scala,269,64,2016-01-08T08:00:06Z,2026-05-20T12:28:54Z
incubator-samoa,Mirror of Apache Samoa (Incubating),Java,251,103,2015-01-27T08:00:05Z,2026-07-22T02:13:02Z
incubator-seata,":fire: Seata is an easy-to-use, high-performance, open source distributed transaction solution.",Java,25999,8849,2018-12-28T08:37:22Z,2026-09-12T15:34:55Z
incubator-seata-ctl,The operational tool for Seata-Server.,Go,10,7,2023-10-25T07:41:52Z,2026-08-24T17:12:10Z
incubator-seata-go,Go Implementation For Seata,Go,1736,355,2020-04-10T09:20:34Z,2026-09-11T15:23:51Z
incubator-seata-go-samples,Samples for seata-go,Go,48,46,2022-12-17T12:24:22Z,2026-09-03T20:36:55Z
incubator-seata-k8s,Seata Kubernetes Operations Tool,Go,49,19,2019-04-08T11:32:39Z,2026-08-26T17:01:15Z
incubator-seata-samples,Apache Seata(incubating) Samples for Java,Java,2357,1951,2019-01-29T16:01:42Z,2026-09-12T15:38:03Z
incubator-seata-website,Apache Seata(incubating) Website,JavaScript,110,137,2019-01-18T13:04:50Z,2026-09-06T02:51:03Z
incubator-sentry,Mirror of Apache Sentry,Java,35,43,2013-08-29T07:00:18Z,2026-04-09T05:34:19Z
incubator-spot,Mirror of Apache Spot,Python,352,224,2016-09-27T07:00:07Z,2026-09-08T09:34:31Z
incubator-streams,Mirror of Apache Streams,não informado,1,0,2017-08-04T07:00:09Z,2026-07-22T02:22:14Z
incubator-streams-examples,Mirror of Apache Streams (Incubating) Examples,não informado,1,0,2017-08-04T07:00:08Z,2025-11-12T13:37:53Z
incubator-streams-master,Mirror of Apache Streams Master (Incubating),não informado,1,0,2017-08-04T07:00:09Z,2025-11-12T13:37:59Z
incubator-tajo,Mirror of Apache Tajo,Java,25,14,2014-03-21T07:00:07Z,2026-08-13T03:47:50Z
incubator-taverna-commandline,Mirror of Apache Taverna Commandline (incubating),Java,5,5,2015-02-18T08:00:05Z,2025-07-02T12:10:15Z
incubator-taverna-common-activities,Mirror of Apache Taverna Common Activities (incubating),Java,11,13,2015-02-18T08:00:05Z,2025-07-02T12:10:13Z
incubator-taverna-databundle-viewer,Mirror of Apache Taverna Databundle Viewer (Incubating),Ruby,2,3,2015-05-07T07:00:05Z,2026-08-08T09:29:54Z
incubator-taverna-engine,Mirror of Apache Taverna Engine (incubating),Java,17,9,2015-02-18T08:00:05Z,2025-07-02T12:10:17Z
incubator-taverna-language,Mirror of Apache Taverna Language (incubating),Java,22,25,2015-02-18T08:00:05Z,2025-07-02T12:10:16Z
incubator-taverna-maven-parent,Mirror of Apache Taverna Maven Parent (incubating),não informado,2,7,2015-02-18T08:00:06Z,2025-07-02T12:10:12Z
incubator-taverna-mobile,Mirror of Apache Taverna Mobile (Incubating),Java,15,22,2015-05-07T07:00:05Z,2026-07-22T02:14:02Z
incubator-taverna-osgi,Mirror of Apache Taverna Osgi (incubating),Java,2,7,2015-02-18T08:00:06Z,2025-07-02T12:10:15Z
incubator-taverna-plugin-gis,Mirror of Apache Taverna Plugin GIS Incubator,Java,3,3,2016-04-26T07:00:06Z,2025-07-02T12:10:14Z
incubator-taverna-server,Mirror of Apache Taverna Server (incubating),Java,6,6,2015-02-18T08:00:06Z,2025-07-02T12:10:13Z
incubator-taverna-site,Mirror of Apache Taverna (Incubating) Web Site,HTML,5,7,2015-01-15T08:00:05Z,2026-07-22T02:12:58Z
incubator-taverna-workbench,Mirror of Apache Taverna Workbench (incubating),Java,6,8,2015-02-18T08:00:06Z,2025-07-02T12:10:17Z
incubator-taverna-workbench-common-activities,Mirror of Apache Taverna Workbench Common Activities (incubating),Java,2,3,2015-02-18T08:00:06Z,2025-07-02T12:10:15Z
incubator-taverna-workbench-product,Mirror of Apache Taverna Workbench Product (incubating),Shell,3,1,2015-02-18T08:00:06Z,2025-07-02T12:10:14Z
incubator-teaclave-verification,Teaclave specification and proofs.,Isabelle,2,5,2021-02-26T04:13:47Z,2025-09-02T18:42:52Z
incubator-texera-site,Apache Texera Website,SCSS,3,5,2025-10-18T02:52:07Z,2026-09-11T22:20:20Z
incubator-tez,Mirror of Apache Tez (Incubating),Java,61,41,2013-06-12T07:00:18Z,2026-05-12T06:14:20Z
incubator-toree,Mirror of Apache Toree (Incubating),Scala,751,225,2016-01-07T08:00:06Z,2026-09-12T15:35:38Z
incubator-toree-website,Mirror of Apache Toree website (Incubating),SCSS,5,15,2016-01-07T08:00:05Z,2026-07-22T02:15:55Z
incubator-tuweni,"Apache Tuweni is a set of libraries and other tools to aid development of blockchain and other decentralized software in Java and other JVM languages. It includes a low-level bytes library, serialization and deserialization codecs (e.g. RLP), various cryptography functions and primatives, and lots of other helpful utilities.",Java,176,83,2019-03-29T19:02:36Z,2026-08-22T07:41:07Z
incubator-tuweni-website,Apache tuweni website,HTML,2,5,2019-04-07T06:53:29Z,2024-06-06T04:11:10Z
incubator-twill,Mirror of Apache Twill,Java,1,6,2016-08-13T07:00:07Z,2025-11-12T13:39:11Z
incubator-warble-node,Apache Warble (incubating) Monitoring Node Package,Python,0,1,2018-06-12T11:44:04Z,2026-07-22T02:38:18Z
incubator-warble-server,Apache Warble (incubating) Server Package,CoffeeScript,1,0,2018-06-14T13:38:07Z,2026-07-22T02:38:22Z
incubator-warble-website,Apache Warble incubating Website,não informado,1,0,2018-06-11T16:31:18Z,2026-07-22T02:38:16Z
incubator-weex,Apache Weex (Incubating),C++,13601,1774,2017-01-06T08:00:06Z,2026-09-12T09:00:35Z
incubator-weex-android-compatible,A Weex compatible library for users before 0.27,não informado,3,0,2019-08-22T12:56:53Z,2023-01-28T08:31:23Z
incubator-weex-cli,Weex Toolkit is the Standard Tooling for Weex Development.,JavaScript,556,110,2016-06-30T15:16:35Z,2026-07-20T04:39:26Z
incubator-weex-loader,,JavaScript,67,29,2016-06-27T07:50:30Z,2025-10-06T11:15:23Z
incubator-weex-playground,"Playground for Apache Weex, demo purpose only",Java,45,27,2019-07-04T05:54:35Z,2025-12-08T13:58:37Z
incubator-weex-site,Apache Weex (Incubating),SCSS,87,349,2017-02-01T08:00:07Z,2024-02-05T03:08:53Z
incubator-weex-ui,"🏄  A rich interaction, lightweight, high performance UI library based on Weex.",Vue,4714,883,2017-09-27T10:41:36Z,2026-09-12T09:00:42Z
incubator-xtable,Apache XTable (incubating) is a cross-table converter for lakehouse table formats that facilitates interoperability across data processing systems and query engines.,Java,1224,212,2023-07-21T19:07:10Z,2026-09-12T17:50:17Z
incubator-xtable-site,Apache xtable,HTML,3,0,2024-03-08T21:42:25Z,2026-08-31T20:50:51Z
infra-transfer-test,,não informado,0,0,2023-09-15T15:58:01Z,2026-07-22T03:07:38Z
infrastructure-aardvark-proxy,Aardvark anti-spam proxy server,Python,3,1,2021-02-24T10:32:25Z,2026-07-22T02:56:01Z
infrastructure-abc,Apache Infrastructure Abuse and Connectivity Help Center,JavaScript,0,1,2025-02-13T08:58:26Z,2026-07-22T03:13:03Z
infrastructure-actions,ASF GitHub Actions Repository,Python,30,83,2024-04-18T22:43:49Z,2026-09-12T19:57:14Z
infrastructure-artifacts-configuration,Directives and KEYS files for ASF projects,não informado,1,0,2022-08-05T10:37:25Z,2025-03-13T12:02:22Z
infrastructure-asfpy,asfpy - ASF Infrastructure common Python tools library,Python,4,6,2022-07-30T13:30:49Z,2026-08-07T08:20:43Z
infrastructure-asfquart,Apache infrastructure,Python,7,12,2023-07-24T08:04:12Z,2026-07-31T12:19:42Z
infrastructure-asfyaml,.asf.yaml documentation and schema,Python,16,23,2024-02-05T09:42:27Z,2026-09-12T12:07:15Z
infrastructure-blocky,ASF Infrastructure Global Firewall Service (Blocky),não informado,0,2,2019-03-27T22:11:17Z,2026-07-22T02:43:43Z
infrastructure-blocky-client,Blocky client app for ASF Infra,Python,0,0,2020-06-16T04:03:57Z,2026-07-22T02:52:25Z
infrastructure-blocky4,ASF Infra Global Blocking System,Python,0,1,2021-08-02T11:28:32Z,2026-07-22T02:58:37Z
infrastructure-blogs-archive,Apache infrastructure,HTML,4,2,2023-05-31T14:45:13Z,2026-07-22T03:06:44Z
infrastructure-boxer,ASF Infrastructure Boxer Application,Python,2,9,2020-09-16T07:20:52Z,2026-09-08T14:30:02Z
infrastructure-cap,ASF Infra CAP - Contingent Approval Provider,Python,3,3,2026-04-13T22:36:38Z,2026-09-03T07:02:25Z
infrastructure-catalog-service,ASF Infrastructure Catalog Service,Python,0,0,2025-04-02T18:19:08Z,2026-07-22T03:13:23Z
infrastructure-ci-specs,Simple repo for gauging CI specs,Python,1,0,2019-07-23T07:44:57Z,2026-07-22T02:46:26Z
infrastructure-commitbot,ASF Commit Bot for IRC,Python,0,0,2022-03-16T01:24:33Z,2026-07-22T03:01:23Z
infrastructure-dlstats,Apache Download Statistics Daemon,HTML,3,1,2021-10-26T20:23:10Z,2026-07-22T02:59:53Z
infrastructure-docker,Mirror of Apache Infrastructure Docker,não informado,1,0,2016-09-13T07:00:06Z,2026-07-22T02:17:48Z
infrastructure-download-integrity-checker,ASF Infra Download Integrity Checker,Python,0,0,2022-07-05T16:58:26Z,2026-07-22T03:02:31Z
infrastructure-duo_unix,Duo two-factor authentication for Unix systems,C,1,0,2020-02-27T03:58:16Z,2026-07-22T02:49:45Z
infrastructure-esp,ASF Infrastructure Event Stream Processor,Python,1,0,2025-05-20T15:56:50Z,2026-07-22T06:11:01Z
infrastructure-ezmlm-idx,ezmlm-idx Mailing List Manager,C,0,1,2024-02-10T19:46:56Z,2026-08-24T15:42:25Z
infrastructure-gha-allowlist-manager,Apache infrastructure,Python,1,0,2024-11-21T18:36:47Z,2026-07-22T03:12:17Z
infrastructure-gha-notifier,Apache Infrastructure GitHub Actions Notifier Daemon,Python,0,1,2022-03-26T12:49:21Z,2026-07-22T03:01:29Z
infrastructure-gha-workflow-scanner,Apache infrastructure,Python,3,0,2024-03-15T17:17:48Z,2026-07-22T03:09:31Z
infrastructure-github-discussions-notifier,Apache infrastructure,Python,0,1,2022-06-16T09:17:11Z,2026-07-22T03:02:12Z
infrastructure-github-event-notifier,Apache Infra GitHub Event Notification Service,Python,1,5,2021-11-24T00:02:50Z,2026-07-22T03:00:15Z
infrastructure-github-merge-queue-notifier,Apache infrastructure,Python,1,1,2024-08-29T15:32:37Z,2026-07-22T03:10:57Z
infrastructure-iampoc,Mirror of IAM PoC,JavaScript,2,4,2015-12-19T08:00:05Z,2026-02-12T04:33:21Z
infrastructure-ideas,ASF Infrastructure Suggestion Box,não informado,2,2,2024-04-17T17:46:45Z,2026-07-22T03:09:45Z
infrastructure-jenkins,Apache infra,Java,3,4,2020-03-16T15:11:34Z,2025-02-13T17:36:26Z
infrastructure-jira-issues-import-test,Apache infrastructure,não informado,0,0,2022-12-11T12:31:34Z,2026-07-22T03:04:33Z
infrastructure-jira-issues-import-test-curator,Apache infrastructure,não informado,0,0,2025-01-19T14:30:22Z,2026-07-22T03:12:52Z
infrastructure-jira-issues-importer,Python scripts for importing JIRA issues in XML format into Github Issues,Python,2,3,2022-11-29T06:33:57Z,2026-07-22T03:04:24Z
infrastructure-jira-issues-importer-2,Test importing Jira tickets into Github,não informado,0,0,2024-04-30T07:07:47Z,2026-07-22T03:09:51Z
infrastructure-jira-to-pubsub,Apache infrastructure,Python,0,0,2022-11-29T09:12:55Z,2026-07-22T03:04:26Z
infrastructure-kif,KIF - Kill It (with) Fire. Janitorial service for ASF Infra,Python,1,1,2020-06-17T05:04:20Z,2026-07-22T02:52:27Z
infrastructure-ldifdiff,A diff for LDIF files,não informado,1,0,2026-02-10T21:14:51Z,2026-07-22T06:09:54Z
infrastructure-loggy,Loggy Jr. for ASF Infra,Python,0,0,2020-06-17T07:55:50Z,2026-07-22T02:52:29Z
infrastructure-mailstats,Infrastructure Mail Routing Stats Collector,Python,0,1,2020-07-30T08:12:32Z,2026-07-22T02:53:16Z
infrastructure-oauth,Apache infrastructure,Python,13,27,2023-05-17T17:51:36Z,2026-09-01T22:51:42Z
infrastructure-occ,On-Commit Commands,Python,1,2,2021-02-16T10:46:21Z,2026-07-22T02:55:51Z
infrastructure-oraclejava,manage oracle java7 and java8 with unlimited JCE,Puppet,1,0,2019-04-08T17:12:46Z,2026-07-22T02:43:51Z
infrastructure-otp,"Command-line OTP calculator, with automatic password creation/storage.",Python,4,2,2019-12-05T21:18:33Z,2026-08-16T14:25:01Z
infrastructure-packer,Mirror of Apache Infrastructure packer templates,Shell,2,4,2015-11-17T08:00:05Z,2026-07-22T02:15:25Z
infrastructure-paste,Apache infrastructure,não informado,0,0,2023-08-02T10:25:37Z,2026-07-22T03:07:19Z
infrastructure-pelican,Apache Infrastructure tools for Pelican-based websites,Python,3,13,2021-06-09T07:12:28Z,2026-07-22T02:57:43Z
infrastructure-puppet-kitchen,Mirror of Apache Infrastructure Puppet Kitchen,Ruby,9,9,2016-04-07T07:00:05Z,2025-10-28T11:44:18Z
infrastructure-pypubsub,PyPubSub - An asynchronous pubsub protocol written in Python 3,Python,5,1,2020-05-09T22:37:47Z,2026-07-22T02:51:43Z
infrastructure-pypubsub-ldap,Apache Infrastructure PyPubSub LDAP Activity Extension,Python,0,0,2021-11-22T14:34:47Z,2026-07-22T03:00:12Z
infrastructure-quota-agent,ASF Infra Disk Quota Agent,não informado,0,1,2020-08-19T11:52:22Z,2026-07-22T02:53:51Z
infrastructure-reporting-dashboard,Apache Infrastructure Reporting Dashboard,Python,5,1,2023-06-22T18:29:02Z,2026-07-22T03:06:56Z
infrastructure-roundtrip,ASF Infra Email Round Trip Tests,Python,0,1,2021-02-05T17:27:32Z,2026-07-22T02:55:46Z
infrastructure-selfserve-portal,Apache Infrastructure,Python,5,6,2022-11-29T21:43:36Z,2026-09-03T09:24:36Z
infrastructure-shorten,Apache infrastructure,Python,0,0,2023-07-31T13:38:52Z,2026-07-22T03:07:14Z
infrastructure-staged,Apache infrastructure,Python,2,2,2025-11-07T17:25:01Z,2026-08-21T12:30:21Z
infrastructure-svnauthz,Daemon for maintaining svn authz files,Python,4,2,2021-03-12T04:21:01Z,2026-08-31T13:47:02Z
infrastructure-test,Repository for creating tests for Jenkins and Buildbot build Infra,não informado,2,4,2017-03-20T07:34:06Z,2026-07-22T02:20:11Z
infrastructure-test-cibuilds,To test various infra related things on ci-builds,não informado,1,0,2023-07-27T13:47:20Z,2026-07-22T03:07:12Z
infrastructure-testapp,Test application for p6 pipservice installer,Python,2,3,2020-06-14T17:57:16Z,2026-07-22T02:52:23Z
infrastructure-uninstaller,ASF Infrastructure Application Uninstaller,Python,0,1,2020-08-27T07:59:26Z,2026-07-22T02:53:57Z
infrastructure-viewvc,ViewVC is a browser interface for CVS and Subversion version control repositories.,não informado,0,0,2023-02-17T21:20:24Z,2026-07-22T03:05:18Z
infrastructure-voter-gateway,Apache infrastructure,Python,0,0,2025-01-24T18:00:59Z,2026-07-22T03:12:54Z
infrastructure-website,ASF Infrastructure Team Website Repository,HTML,43,95,2016-10-27T07:00:08Z,2026-09-11T19:50:34Z
infrastructure-website-template,Apache infrastructure,HTML,1,1,2022-06-21T23:10:13Z,2026-07-22T03:02:19Z
infratest,,não informado,1,0,2019-05-31T15:38:02Z,2026-07-22T02:45:01Z
inlong,"Apache InLong - a one-stop, full-scenario integration framework for massive data",Java,1499,572,2020-01-03T07:13:14Z,2026-09-10T14:19:05Z
inlong-website,"Apache InLong - a one-stop, full-scenario integration framework for massive data",JavaScript,37,110,2020-01-08T13:42:09Z,2026-08-21T01:20:50Z
iotdb,Apache IoTDB,Java,6394,1158,2018-11-24T21:29:17Z,2026-09-11T16:51:51Z
iotdb-backup-tool,Apache IoTDB Backup Tool,Java,6,2,2023-02-07T12:17:52Z,2026-07-22T03:05:13Z
iotdb-bin-resources,binary files that Apache IoTDBs website and documents use,não informado,16,23,2021-02-27T07:22:18Z,2026-07-22T02:56:09Z
iotdb-client-csharp,Apache IoTDB Client for C#,C#,24,6,2023-05-24T12:51:32Z,2026-08-29T16:04:47Z
iotdb-client-go,Apache IoTDB Client for Go,Go,74,45,2020-12-05T12:47:33Z,2026-08-24T14:58:38Z
iotdb-client-nodejs,Apache IoTDB Client for Node.js,TypeScript,3,2,2026-04-30T09:42:28Z,2026-09-11T04:21:05Z
iotdb-client-rust,Apache IoTDB Client for Rust,Rust,1,0,2026-07-20T02:38:01Z,2026-08-12T11:11:42Z
iotdb-docs,Apache IoTDB Documentation and Site,TypeScript,29,130,2023-07-07T12:05:52Z,2026-09-11T09:53:19Z
iotdb-extras,Apache IoTDB Extras,Java,33,29,2024-04-11T08:22:58Z,2026-09-10T12:43:36Z
iotdb-mcp-server,Apache IoTDB MCP Server,Python,39,21,2025-04-02T07:44:29Z,2026-09-10T03:18:35Z
iotdb-web-workbench,Apache IoTDB Web Workbench,Java,69,35,2021-08-06T14:30:20Z,2026-07-21T13:52:30Z
iotdb-website,Apache iotdb,HTML,33,18,2018-11-30T03:20:57Z,2026-09-11T09:56:23Z
jackrabbit,Apache Jackrabbit,Java,364,235,2009-05-21T01:43:24Z,2026-09-09T12:56:46Z
jackrabbit-filevault,Apache Jackrabbit FileVault,Java,57,71,2014-01-18T08:00:07Z,2026-08-25T16:16:56Z
jackrabbit-filevault-jenkins-lib,Apache Jackrabbit FileVault Jenkins Shared LIbrary,Groovy,1,1,2021-10-07T05:41:22Z,2026-07-22T02:59:41Z
jackrabbit-filevault-package-maven-plugin,Apache Jackrabbit FileVault Package Maven Plugin,Java,7,18,2017-09-13T07:00:08Z,2026-07-22T02:23:02Z
jackrabbit-oak,Apache Jackrabbit Oak,Java,412,430,2012-03-08T08:00:14Z,2026-09-10T08:03:40Z
jackrabbit-ocm,Mirror of Apache Jackrabbit OCM,Java,3,11,2014-01-18T08:00:07Z,2026-07-22T02:10:51Z
jackrabbit-site,Apache Jackrabbit Website,CSS,3,4,2024-01-14T14:19:01Z,2026-09-04T13:05:12Z
james-hupa,Apache James hupa,Java,25,15,2012-07-15T07:00:25Z,2026-07-22T02:10:21Z
james-jdkim,Mirror of Apache James jdkim,Java,26,37,2012-07-15T07:00:28Z,2026-08-26T08:00:54Z
james-jsieve,Mirror of Apache James jSieve,Java,14,23,2012-07-15T07:00:29Z,2026-08-26T08:06:35Z
james-jspf,Mirror of Apache James jSPF,Java,26,34,2011-11-25T08:00:22Z,2026-08-26T08:02:35Z
james-mime4j,Mirror of Apache James Mime4j,Java,66,83,2011-12-09T08:00:19Z,2026-09-11T09:48:27Z
james-postage,Mirror of Apache James postage,Java,4,6,2012-07-15T07:00:27Z,2026-07-22T02:10:20Z
james-project,Emails at the heart of your business logic!,Java,1042,492,2015-07-11T07:00:06Z,2026-09-12T11:17:58Z
james-site,Repository used to build the Apache James website,CSS,6,7,2019-01-25T14:06:26Z,2026-07-22T02:42:41Z
jclouds,The Java Multi-Cloud Toolkit,Java,214,144,2014-01-07T08:00:06Z,2026-08-31T04:06:41Z
jclouds-chef,Apache jClouds Chef,não informado,1,0,2019-01-06T06:36:42Z,2025-08-06T12:07:12Z
jclouds-examples,Apache jClouds Examples,Java,22,13,2019-01-06T06:38:10Z,2026-09-08T06:38:52Z
jclouds-labs,Apache jClouds Labs,Java,3,6,2019-01-06T06:36:30Z,2025-08-06T12:07:14Z
jclouds-labs-aws,Apache jClouds Labs AWS,Java,3,2,2019-01-06T06:36:59Z,2025-08-06T12:07:13Z
jclouds-labs-google,Apache jClouds Labs Google,não informado,1,0,2019-01-06T06:36:10Z,2025-08-06T12:07:12Z
jclouds-labs-openstack,Apache jClouds Labs OpenStack,Java,1,2,2019-01-06T06:37:16Z,2025-08-06T12:07:13Z
jclouds-site,Apache jClouds Site,HTML,2,12,2019-01-06T06:37:44Z,2026-06-27T11:53:05Z
jena,"Apache Jena, A free and open source Java framework for building Semantic Web and Linked Data applications.",Java,1438,710,2013-01-04T08:00:32Z,2026-09-12T11:22:52Z
jena-site,Website sources for the Apache Jena website,HTML,22,74,2020-03-01T09:49:41Z,2026-09-09T20:45:10Z
jmeter,Apache JMeter open-source load testing tool for analyzing and measuring the performance of a variety of services,Java,9528,2289,2010-05-26T23:38:07Z,2026-09-12T18:54:42Z
jmeter-bugzilla-attachments,Attachments migrated from Bugzilla for Apache JMeter,Java,1,0,2022-09-23T13:18:51Z,2026-07-22T03:03:16Z
jmeter-site,Apache JMeter site,HTML,5,1,2019-03-15T06:50:56Z,2026-07-22T02:43:31Z
jmeter-site-preview,Apache JMeter site preview,HTML,2,0,2019-07-29T12:27:08Z,2026-07-22T02:46:30Z
johnzon,Mirror of Apache Johnzon,Java,57,65,2014-09-11T07:00:06Z,2026-08-31T18:31:46Z
joshua,Apache Joshua,Java,114,66,2016-03-25T07:00:06Z,2026-08-10T05:57:46Z
joshua-site,Apache Joshua Site,HTML,1,0,2019-01-20T22:23:42Z,2024-06-06T04:12:58Z
jsecurity,Mirror of Apache JSecurity (incubating),Java,5,5,2009-05-21T01:32:23Z,2026-07-22T02:01:51Z
jspwiki,"Apache JSPWiki is a leading open source WikiWiki engine, feature-rich and built around standard JEE components (Java, servlets, JSP)",Java,118,112,2009-03-27T15:41:58Z,2026-09-01T00:41:18Z
jspwiki-asf-docs,Apache JSPWiki's ASF related documentation,não informado,2,2,2017-01-13T08:00:07Z,2026-07-22T02:19:33Z
jspwiki-site,Apache JSPWiki's website,FreeMarker,5,7,2017-03-22T07:00:07Z,2026-08-22T16:42:43Z
juddi,Mirror of Apache jUDDI,Java,19,14,2014-02-21T08:00:09Z,2026-05-12T07:04:44Z
juddi-scout,Apache Juddi Scout,Java,1,0,2022-07-23T19:38:45Z,2023-02-27T20:55:17Z
juddi-styles,Mirror of Apache jUDDI,XSLT,1,2,2014-02-21T08:00:08Z,2023-07-25T13:50:55Z
juneau,Apache Juneau,Java,96,42,2016-08-02T07:00:07Z,2026-09-12T20:56:00Z
juneau-petstore,Apache Juneau,Java,9,12,2019-09-09T19:31:24Z,2026-07-22T02:46:57Z
juneau-website,Apache Juneau,HTML,9,15,2016-07-11T07:00:06Z,2026-07-22T02:17:22Z
kafka,Apache Kafka - A distributed event streaming platform,Java,33708,15510,2011-08-15T18:06:16Z,2026-09-12T15:16:40Z
kafka-merge-queue-sandbox,Apache kafka,Java,1,2,2024-07-02T16:42:10Z,2026-07-22T03:10:33Z
kafka-site,Mirror of Apache Kafka site,HTML,88,404,2015-08-25T07:00:05Z,2026-09-12T17:13:57Z
kalumet,Mirror of Apache Kalument (Incubating),Java,9,4,2011-11-06T07:00:10Z,2026-07-23T11:03:20Z
kandula,Mirror of Apache Kandula,Java,6,4,2011-08-12T07:00:09Z,2026-07-22T02:10:48Z
karaf,"Apache Karaf, the enterprise modulith runtime",Java,712,664,2010-08-12T03:32:41Z,2026-09-12T17:32:00Z
karaf-boot,Mirror of Apache Karaf Boot,Java,9,3,2016-04-19T07:00:05Z,2026-07-22T02:16:50Z
karaf-cave,Mirror of Apache Karaf Cave,Java,22,19,2012-06-04T07:00:25Z,2026-07-23T18:20:56Z
karaf-cellar,"Apache Karaf Cellar, clustering and reeplication platform for Apache Karaf",Java,53,50,2011-05-22T07:00:07Z,2026-07-23T06:53:28Z
karaf-decanter,"Apache Karaf Decanter, an observability framework powered by Apache Karaf",Java,44,51,2014-11-06T08:00:07Z,2026-07-24T09:19:01Z
karaf-eik,Mirror of Apache Karaf,Java,8,11,2014-01-06T17:23:04Z,2026-07-22T02:10:29Z
karaf-jclouds,Apache jClouds Karaf,Java,5,4,2019-01-06T06:37:58Z,2026-09-08T06:38:52Z
karaf-jclouds-cli,Apache jClouds CLI,Java,4,1,2019-01-06T06:37:31Z,2026-07-22T02:42:03Z
karaf-minho,Apache Karaf Minho,Java,7,5,2022-10-21T07:59:20Z,2026-07-22T03:03:36Z
karaf-reactive-components,Apache Karaf Reactive Components,Java,3,1,2017-10-22T11:51:17Z,2026-07-22T02:32:14Z
karaf-site,Mirror of Apache karaf Site,HTML,10,19,2011-02-14T08:00:29Z,2026-07-23T19:54:42Z
karaf-webconsole,Mirror of Apache Karaf WebConsole,Java,8,11,2012-08-02T07:00:17Z,2026-07-22T02:10:17Z
karaf-winegrower,Apache Winegrower,Java,13,6,2019-11-12T06:33:41Z,2026-07-22T02:47:59Z
kibble,"Apache Kibble - a tool to collect, aggregate and visualize data about any software project",Python,35,9,2021-03-01T09:41:00Z,2025-11-11T13:33:42Z
kibble-1,"Apache Kibble - a tool to collect, aggregate and visualize data about any software project",Python,58,28,2017-10-19T11:34:00Z,2026-09-11T12:05:28Z
kibble-docker,Apache Kibble Docker Image,não informado,2,0,2018-10-21T09:59:29Z,2025-11-11T13:33:44Z
kibble-scanners,Apache Kibble Scanners,Python,16,10,2017-10-19T11:32:23Z,2026-01-03T17:44:50Z
kibble-website,Apache Kibble Website,HTML,6,8,2017-10-19T10:14:34Z,2025-11-11T13:33:43Z
knox,Mirror of Apache Knox,Java,219,283,2014-03-01T08:00:06Z,2026-09-11T11:49:42Z
kudu,Mirror of Apache Kudu,C++,1914,659,2016-01-29T08:00:06Z,2026-09-12T21:07:06Z
kudu-site,Apache Kudu Site,HTML,2,5,2019-01-09T18:08:44Z,2026-07-22T02:42:19Z
kvrocks,Apache Kvrocks is a distributed key value NoSQL database that uses RocksDB as storage engine and is compatible with Redis protocol.,C++,4427,658,2019-08-15T06:04:51Z,2026-09-12T03:12:19Z
kvrocks-controller,Apache Kvrocks Controller is a cluster management tool for Apache Kvrocks.,Go,141,76,2021-07-31T07:59:56Z,2026-07-30T09:11:25Z
kvrocks-website,Apache Kvrocks Website,CSS,27,60,2022-05-07T07:00:32Z,2026-09-10T07:11:23Z
kylin,Apache Kylin,Java,3773,1501,2015-01-03T08:00:05Z,2026-09-07T02:35:21Z
kyuubi,Apache Kyuubi is a distributed and multi-tenant gateway to provide serverless SQL on data warehouses and lakehouses.,Scala,2365,1022,2017-12-18T09:05:10Z,2026-09-12T16:07:23Z
kyuubi-client,Client libraries of end users of Apache Kyuubi,não informado,11,10,2023-01-09T11:01:41Z,2026-07-22T03:04:51Z
kyuubi-docker,Apache Kyuubi is a distributed and multi-tenant gateway to provide serverless SQL on data warehouses and lakehouses.,Dockerfile,16,8,2023-01-13T07:00:37Z,2026-07-28T10:38:53Z
kyuubi-service-rpc,Apache kyuubi,Java,1,3,2023-05-29T03:46:58Z,2026-07-22T03:06:38Z
kyuubi-shaded,Apache Kyuubi Shaded Dependencies.,Java,6,10,2023-04-13T05:37:18Z,2026-07-22T03:06:06Z
kyuubi-website,Apache Kyuubi Site,HTML,13,40,2021-07-09T02:36:25Z,2026-07-31T09:28:42Z
lens,Mirror of Apache Lens,Java,63,93,2014-11-12T08:00:06Z,2026-03-14T15:20:21Z
lenya,Mirror of Apache Lenya,Java,22,6,2011-12-26T08:00:11Z,2026-08-19T06:52:31Z
libcloud,Apache Libcloud is a Python library that hides differences between different cloud provider APIs and allows you to manage different cloud resources through a unified and easy-to-use API.,Python,2124,931,2009-12-11T09:00:14Z,2026-09-10T12:10:52Z
libcloud-site,Apache Libcloud Website,HTML,5,8,2022-03-27T17:56:42Z,2026-07-22T03:01:30Z
linkis,"Apache Linkis builds a computation middleware layer to facilitate connection, governance and orchestration between the upper applications and the underlying data engines.",Java,3412,1169,2019-07-23T06:41:51Z,2026-09-07T09:28:23Z
linkis-website,Apache Linkis documents,JavaScript,34,111,2021-09-28T14:16:07Z,2026-07-22T02:59:35Z
livy,Apache Livy is an open source REST interface for interacting with Apache Spark from anywhere.,Scala,963,626,2017-06-25T07:00:09Z,2026-09-12T19:38:58Z
livy-website,Mirror of Apache livy (Incubating),HTML,13,19,2017-06-25T07:00:08Z,2026-07-22T02:21:38Z
log4j-component,Mirror of Apache log4j component,CSS,5,4,2010-05-26T23:38:07Z,2023-09-13T13:44:59Z
log4j-extras,Mirror of Apache log4j extras,Java,15,8,2010-05-26T23:38:08Z,2023-09-13T13:45:31Z
log4j-receivers,Mirror of Apache log4j receivers,CSS,4,3,2010-05-26T23:38:08Z,2023-09-13T13:45:15Z
log4j-zeroconf,Mirror of Apache log4j zeroconf,Java,5,4,2010-05-26T23:38:08Z,2023-09-13T13:45:47Z
logging-admin,Apache Logging Admin API,Java,0,0,2024-12-27T14:38:23Z,2026-07-22T03:12:37Z
logging-chainsaw,Apache Chainsaw is a GUI log viewer,Java,24,10,2017-05-30T07:00:08Z,2026-05-19T11:25:44Z
logging-chainsaw-site,Apache Chainsaw web site,não informado,0,2,2020-08-30T21:38:11Z,2026-07-22T02:54:13Z
logging-flume,"Apache Flume is a distributed, reliable, and available service for efficiently collecting, aggregating, and moving large amounts of log-like data",Java,2570,1539,2011-08-12T18:20:14Z,2026-09-11T19:28:53Z
logging-flume-hadoop,Apache Flume Hadoop provides various Flume components for the Hadoop ecosystem,Java,1,1,2023-03-30T01:21:46Z,2026-09-04T13:28:12Z
logging-flume-http,Apache flume,Java,2,0,2023-03-17T20:23:28Z,2026-07-22T03:05:42Z
logging-flume-irc,Apache flume,Java,0,0,2023-03-17T20:22:53Z,2026-07-22T03:05:40Z
logging-flume-jdbc,"Apache Flume is a distributed, reliable, and available service for efficiently collecting, aggregating, and moving large amounts of event data",Java,1,2,2023-03-17T20:21:23Z,2026-07-22T03:05:37Z
logging-flume-jms,Apache flume,Java,0,0,2023-03-17T20:22:17Z,2026-07-22T03:05:39Z
logging-flume-kafka,Apache Flume Kafka contains the Flume components that interact with Kafka.,Java,5,3,2023-03-17T20:20:59Z,2026-07-22T03:05:36Z
logging-flume-legacy,Apache Flume Legacy provides the legacy Avro and Thrift Source for Apache Flume,Java,0,0,2023-03-17T20:20:21Z,2026-07-22T03:05:34Z
logging-flume-mongodb,"Apache Flume is a distributed, reliable, and available service for efficiently collecting, aggregating, and moving large amounts of log-like data",Java,0,0,2026-09-01T18:52:49Z,2026-09-03T05:47:34Z
logging-flume-morphline,Apache Flume Morphline provides the Morphline Solr Sink for Apache Flume,Java,0,0,2023-03-17T20:19:48Z,2026-07-22T03:05:33Z
logging-flume-rpc,"Apache Flume is a distributed, reliable, and available service for efficiently collecting, aggregating, and moving large amounts of log-like data",Java,1,0,2026-05-22T14:29:23Z,2026-09-09T15:55:29Z
logging-flume-scribe,Apache flume,Java,0,0,2023-03-17T20:19:24Z,2026-07-22T03:05:31Z
logging-flume-search,"Apache Flume is a distributed, reliable, and available service for efficiently collecting, aggregating, and moving large amounts of event data",Java,0,4,2022-04-03T06:43:06Z,2026-07-22T03:01:38Z
logging-flume-site,Apache flume web site,HTML,2,6,2020-08-23T23:31:45Z,2026-07-22T02:53:54Z
logging-flume-spring-boot,"Apache Flume is a distributed, reliable, and available service for efficiently collecting, aggregating, and moving large amounts of log-like data",Java,5,4,2023-03-16T06:24:46Z,2026-09-11T05:47:52Z
logging-flume-twitter,Apache Flume Twitter provides the Twitter Source for Apache Flume,Java,0,2,2023-03-17T20:18:43Z,2026-07-22T03:05:30Z
logging-jdk,Bridges between JDK logging frameworks (JUL and JPL) and other logging APIs,Java,1,2,2024-11-06T08:12:54Z,2026-07-22T03:11:49Z
logging-log4cxx,Apache Log4cxx is a C++ port of Apache Log4j,C++,301,142,2017-04-09T07:00:07Z,2026-09-11T03:07:55Z
logging-log4cxx-site,Apache log4cxx web site,não informado,1,2,2020-08-30T21:25:59Z,2026-07-22T02:54:06Z
logging-log4j-audit,Mirror of Apache Log4j Audit Logging,Java,22,10,2016-11-06T07:00:07Z,2026-07-22T02:18:32Z
logging-log4j-audit-sample,Mirror of Apache Logging Services,Java,13,11,2017-09-03T07:00:08Z,2026-07-22T02:22:51Z
logging-log4j-audit-site,Apache log4j-audit web site,não informado,0,1,2020-08-30T21:26:28Z,2026-07-22T02:54:08Z
logging-log4j-boot,Mirror of Apache Log4j Boot,Java,2,1,2017-01-10T08:00:07Z,2023-09-14T18:50:27Z
logging-log4j-flume,Apache logging,Java,0,0,2024-08-30T06:40:45Z,2026-07-22T03:10:59Z
logging-log4j-jakarta,Jakarta-specific Apache Log4j components,Java,2,0,2023-11-14T12:20:40Z,2026-07-22T03:08:11Z
logging-log4j-jmx-gui,Swing-based client for remotely editing the Log4j configuration and remotely monitoring `StatusLogger` output,Java,2,1,2023-09-05T07:14:34Z,2026-07-22T03:07:31Z
logging-log4j-kotlin,A Kotlin-friendly interface to log against the Log4j API,Kotlin,53,14,2016-11-28T08:00:10Z,2026-08-03T02:15:04Z
logging-log4j-samples,Use case examples of the Apache Log4j project,Java,11,13,2022-11-29T05:27:10Z,2026-09-09T14:37:08Z
logging-log4j-scala,A Scala-friendly interface to log against the Log4j API,Scala,23,12,2016-11-06T07:00:08Z,2026-03-26T17:32:36Z
logging-log4j-server,Apache logging,Java,0,0,2022-11-29T05:26:17Z,2023-11-14T15:32:46Z
logging-log4j-site,Apache log4j web site,não informado,3,8,2020-08-30T21:07:15Z,2026-07-22T02:54:05Z
logging-log4j-tools,Tools internally used by the Apache Log4j project,Java,18,19,2016-11-06T07:00:08Z,2026-07-22T02:18:33Z
logging-log4j-transform,Tools for binary post-processing of projects using Apache Log4j.,Java,6,8,2023-01-05T06:36:00Z,2026-07-22T03:04:48Z
logging-log4j1,Apache log4j1,Java,867,571,2009-05-21T01:31:38Z,2026-09-07T07:17:31Z
logging-log4j2,"Apache Log4j is a versatile, feature-rich, efficient logging API and backend for Java.",Java,3636,1738,2013-06-12T07:00:19Z,2026-09-11T13:22:03Z
logging-log4net,"Apache Log4net is a versatile, feature-rich, efficient logging API and backend for .NET",C#,934,333,2017-04-26T07:00:06Z,2026-09-07T08:06:29Z
logging-log4net-site,Apache log4net web site,não informado,4,4,2020-08-30T21:27:20Z,2026-07-22T02:54:10Z
logging-log4php,Mirror of Apache log4php,PHP,102,81,2012-12-08T08:00:18Z,2025-12-30T15:36:47Z
logging-log4php-site,Apache log4php web site,não informado,0,2,2020-08-30T21:27:48Z,2026-07-22T02:54:11Z
logging-parent,Parent project internally used in Maven-based projects of the Apache Logging Services,FreeMarker,6,8,2017-01-17T08:00:07Z,2026-09-09T10:24:36Z
logging-pipelines,Apache Logging Services Jenkins pipelines and shared libraries.,Groovy,1,0,2020-07-19T18:47:49Z,2025-08-25T03:03:38Z
logging-site,Apache Logging Services site,não informado,3,8,2020-08-23T22:11:50Z,2026-08-27T06:50:53Z
logging-slf4j,Bridges between Log4j API and SLF4J,Java,0,0,2024-11-06T08:15:05Z,2026-07-22T03:11:51Z
lucene,Apache Lucene open-source search software,Java,3554,1431,2021-02-23T17:16:56Z,2026-09-12T14:22:02Z
lucene-jira-archive,Jira archive for Apache Lucene,Python,4,6,2022-06-29T09:15:12Z,2026-07-22T03:02:24Z
lucene-site,Apache Lucene website,CSS,6,32,2019-10-16T20:26:33Z,2026-09-03T08:14:08Z
lucene-solr,Apache Lucene and Solr open-source search software,não informado,4366,2591,2016-01-23T08:00:06Z,2026-09-11T03:29:36Z
lucenenet,"Apache Lucene.NET is an open-source full-text search library written in C#, ported from the Apache Lucene project.",C#,2413,658,2009-03-27T15:41:57Z,2026-09-12T10:57:43Z
lucenenet-codeanalysis-dev,Roslyn Code Analysis for Apache Lucene.NET,C#,6,7,2025-01-11T03:56:09Z,2026-08-06T14:07:59Z
lucenenet-extensions,Apache lucenenet,não informado,1,0,2025-09-02T13:31:26Z,2026-07-22T06:10:33Z
lucenenet-site,Apache Lucene.NET Website,HTML,6,10,2019-01-23T12:02:05Z,2026-07-22T02:42:37Z
lucy,Mirror of Apache Lucy,C,102,25,2011-11-19T08:00:16Z,2025-12-15T18:34:32Z
lucy-charmonizer,Mirror of Apache Lucy,C,6,3,2014-01-06T17:23:04Z,2026-07-21T16:35:08Z
lucy-clownfish,Mirror of Apache Lucy,C,13,11,2014-01-06T17:23:04Z,2025-11-22T17:52:05Z
madlib,Mirror of Apache MADlib,C++,476,149,2015-09-19T07:00:06Z,2026-09-02T14:26:41Z
madlib-site,Mirror of Apache MADlib site,Jupyter Notebook,89,51,2015-09-19T07:00:06Z,2026-07-22T02:14:59Z
magpie,"Agent-assisted maintainership and development framework for Apache projects — Triage, Mentoring, Drafting (agent-authored fixes with human review), and Pairing (developer-side dev-cycle) skills shipping; Agentic Autonomous (auto-merge) on the roadmap.",Python,91,91,2026-04-28T18:59:46Z,2026-09-12T19:54:34Z
magpie-economics,Apache magpie,não informado,1,0,2026-07-05T09:42:39Z,2026-07-22T06:09:16Z
magpie-site,Website for Apache Magpie — agent-assisted repository maintainership and development.,TypeScript,7,6,2026-06-27T20:03:28Z,2026-09-12T11:34:29Z
mahout,"Apache Mahout - an environment for quickly creating scalable, performant machine learning applications.",Rust,2308,998,2014-05-23T07:00:07Z,2026-09-10T09:04:57Z
maka,Apache Maka (Incubating) is a high-performance agent workspace that keeps a complete record of everything it did.,TypeScript,5277,491,2026-05-27T15:46:05Z,2026-09-12T21:19:53Z
manifoldcf,Mirror of Apache ManifoldCF,Java,86,68,2012-06-22T07:00:16Z,2026-08-06T10:37:29Z
manifoldcf-integration-elasticsearch,Mirror of git.apache.org/manifoldcf-integration-elasticsearch.git,Java,1,1,2018-03-25T22:18:40Z,2026-07-22T02:36:36Z
manifoldcf-integration-elasticsearch-1.5,Mirror of git.apache.org/manifoldcf-integration-elasticsearch-1.5.git,Java,1,0,2018-03-25T22:33:19Z,2026-07-22T02:36:38Z
manifoldcf-integration-elasticsearch-2.0,Mirror of git.apache.org/manifoldcf-integration-elasticsearch-2.0.git,Java,1,0,2018-03-25T22:35:47Z,2026-07-22T02:36:40Z
manifoldcf-integration-elasticsearch-5.5,Mirror of git.apache.org/manifoldcf-integration-elasticsearch-5.5.git,Java,1,1,2018-03-25T22:39:33Z,2026-07-22T02:36:42Z
manifoldcf-integration-sharepoint-2007,Mirror of Apache ManifoldCF Sharepoint 2007 Integration,C#,1,1,2013-08-07T07:00:15Z,2026-07-22T02:09:50Z
manifoldcf-integration-sharepoint-2010,Mirror of Apache ManifoldCF Sharepoint 2010 Integration,C#,2,3,2013-08-07T07:00:16Z,2026-07-22T02:09:52Z
manifoldcf-integration-sharepoint-2013,Mirror of git.apache.org/manifoldcf-integration-sharepoint-2013.git,C#,0,0,2018-03-25T22:41:17Z,2026-07-22T02:36:44Z
manifoldcf-integration-sharepoint-2016,Mirror of git.apache.org/manifoldcf-integration-sharepoint-2016.git,C#,0,0,2018-03-25T22:42:38Z,2026-07-22T02:36:46Z
manifoldcf-integration-solr-3.x,Mirror of Apache ManifoldCF solr-3.x Integration,Java,0,1,2013-08-07T07:00:16Z,2026-07-22T02:09:54Z
manifoldcf-integration-solr-4.x,Mirror of Apache ManifoldCF solr-4.x Integration,Java,7,2,2013-08-07T07:00:16Z,2026-07-22T02:09:56Z
manifoldcf-integration-solr-5.x,Mirror of git.apache.org/manifoldcf-integration-solr-5.x.git,Java,1,0,2018-03-25T22:44:09Z,2026-07-22T02:36:48Z
manifoldcf-integration-solr-6.x,Mirror of git.apache.org/manifoldcf-integration-solr-6.x.git,Java,0,0,2018-03-25T22:45:57Z,2026-07-22T02:36:50Z
manifoldcf-integration-solr-7.x,Mirror of git.apache.org/manifoldcf-integration-solr-7.x.git,Java,0,0,2018-03-25T22:52:02Z,2026-07-22T02:36:52Z
manifoldcf-integration-solr-8x,Apache manifoldcf,Java,0,0,2024-02-12T21:33:23Z,2026-07-22T03:09:19Z
manifoldcf-integration-solr-9x,Apache manifoldcf,Java,1,0,2024-06-24T18:51:05Z,2026-07-22T03:10:07Z
manifoldcf-sdk,Apache ManifoldCF SDK is a Maven project focused on helping developers to extend ManifoldCF with new connectors and extensions,Shell,1,0,2023-12-21T21:19:46Z,2026-07-22T03:08:43Z
manifoldcf-site,Apache ManifoldCF website,HTML,3,4,2023-12-13T07:13:46Z,2026-07-22T03:08:39Z
marmotta,Mirror of Apache Marmotta,Java,57,51,2014-01-22T08:00:07Z,2026-06-19T05:24:42Z
maven,Apache Maven core,Java,5344,3117,2009-05-21T03:22:03Z,2026-09-12T16:41:44Z
maven-2,Mirror of Apache Maven 2,Java,15,12,2010-05-26T23:38:07Z,2026-07-22T02:11:21Z
maven-acr-plugin,Apache Maven ACR Plugin,Java,7,8,2017-12-09T15:02:47Z,2026-09-11T12:16:44Z
maven-ant-plugin,Apache Maven Ant Plugin - retired,Java,3,3,2017-12-09T15:03:10Z,2023-01-28T18:08:45Z
maven-ant-tasks,Mirror of Apache Maven ant tasks,Java,7,17,2009-05-21T02:08:07Z,2026-08-07T13:53:04Z
maven-antrun-plugin,Apache Maven AntRun Plugin,Java,36,20,2017-12-09T15:03:39Z,2026-09-07T15:54:28Z
maven-apache-parent,Apache Software Foundation Parent POM,não informado,48,34,2017-11-04T08:52:43Z,2026-09-07T15:47:01Z
maven-apache-resources,Apache Software Foundation Resource Bundles,Java,12,8,2023-03-11T01:27:03Z,2026-09-10T16:52:47Z
maven-app-engine,[deprecated] Mirror of Apache Maven App Engine,Java,3,4,2011-11-06T07:00:10Z,2023-07-25T13:43:43Z
maven-archetype,Apache Maven Archetype (Plugin),Java,148,181,2009-05-21T08:40:29Z,2026-09-05T11:32:16Z
maven-archetypes,Apache Maven Archetype Bundles,Java,37,46,2018-01-02T08:00:08Z,2026-09-10T16:51:28Z
maven-archiver,Apache Maven Archiver,Java,13,26,2017-12-07T18:13:37Z,2026-09-08T17:25:40Z
maven-artifact,[deprecated] Mirror of Apache Maven artifact,Java,9,5,2009-05-21T03:16:01Z,2026-08-07T14:22:52Z
maven-artifact-plugin,Apache Maven Artifact Plugin,Java,14,23,2020-06-04T16:56:50Z,2026-09-11T07:12:11Z
maven-artifact-resolver,Apache Maven Artifact Resolver -- Archived,Java,3,4,2017-12-07T18:14:50Z,2023-01-28T18:20:00Z
maven-artifact-transfer,Apache Maven Artifact Transfer (RETIRED),Java,5,21,2017-12-07T18:15:15Z,2026-01-28T07:31:22Z
maven-assembly-plugin,Apache Maven Assembly Plugin,Java,110,75,2017-12-09T15:04:05Z,2026-09-10T16:53:45Z
maven-blog,Apache Maven Blog,não informado,2,0,2023-04-16T14:42:55Z,2026-07-22T03:06:09Z
maven-build-cache-extension,Apache Maven Build Cache Extension,Java,163,77,2022-01-04T12:02:15Z,2026-09-11T06:51:24Z
maven-build-helper-plugin,Apache maven,não informado,0,0,2024-07-11T23:11:18Z,2026-07-22T03:10:39Z
maven-changelog-plugin,Apache Maven Changelog Plugin,Java,33,13,2017-12-09T15:04:27Z,2026-09-11T20:17:59Z
maven-changes-plugin,Apache Maven Changes Plugin,Java,15,22,2017-12-09T15:04:42Z,2026-09-10T10:37:56Z
maven-checkstyle-plugin,Apache Maven Checkstyle Plugin,Java,97,67,2017-12-09T15:05:07Z,2026-09-10T06:51:16Z
maven-clean-plugin,Apache Maven Clean Plugin,Java,99,56,2017-12-09T15:05:25Z,2026-09-10T16:53:26Z
maven-common-artifact-filters,Apache Maven Common Artifact Filters,Java,6,17,2017-12-07T18:37:28Z,2026-09-11T17:30:46Z
maven-compiler-plugin,Apache Maven Compiler Plugin,Java,261,190,2017-12-09T15:05:42Z,2026-09-06T03:57:26Z
maven-default-skin,Apache Maven Default Skin (RETIRED),CSS,2,4,2017-11-04T08:53:32Z,2025-07-22T07:25:50Z
maven-dependency-analyzer,Apache Maven Dependency Analyzer,Java,43,54,2017-12-07T18:16:16Z,2026-09-05T18:24:29Z
maven-dependency-plugin,Apache Maven Dependency Plugin,Java,175,196,2017-12-09T15:05:59Z,2026-09-10T10:39:15Z
maven-dependency-tree,Apache Maven Dependency Tree,Java,27,31,2017-12-07T18:16:27Z,2026-09-10T16:53:37Z
maven-deploy-plugin,Apache Maven Deploy Plugin,Java,78,76,2017-12-09T15:06:15Z,2026-09-11T21:24:05Z
maven-dist-tool,Apache Maven Distribution Tools,Shell,14,10,2017-10-29T16:05:39Z,2026-09-07T14:17:52Z
maven-doap-plugin,Apache Maven DOAP Plugin,Java,7,9,2017-12-09T15:06:31Z,2026-09-11T19:57:27Z
maven-docck-plugin,Apache Maven Documentation Checker Plugin,Java,6,2,2017-12-09T15:07:13Z,2023-10-27T09:29:02Z
maven-downloader,Apache Maven Downloader,Java,1,1,2017-12-07T18:16:47Z,2023-07-25T14:13:23Z
maven-doxia,Apache Maven Doxia base,Java,34,54,2009-05-21T03:16:25Z,2026-09-10T12:19:00Z
maven-doxia-book-maven-plugin,Apache Maven Doxia Book Maven Plugin (RETIRED),Java,1,3,2020-01-23T08:08:16Z,2026-05-27T13:24:20Z
maven-doxia-book-renderer,Apache Maven Doxia Book Renderer,Java,2,6,2020-01-23T08:07:19Z,2026-08-07T14:22:53Z
maven-doxia-converter,Apache Maven Doxia Converter,Java,3,7,2017-11-04T08:54:13Z,2026-09-10T12:15:29Z
maven-doxia-ide,[deprecated] Mirror of Apache Maven Doxia IDE,Java,0,1,2017-12-31T08:00:09Z,2023-07-25T14:13:53Z
maven-doxia-linkcheck,Apache Maven Doxia LinkCheck,HTML,3,5,2017-11-04T08:55:02Z,2026-08-07T14:22:54Z
maven-doxia-site,Apache Maven Doxia site,CSS,4,6,2018-01-04T08:00:09Z,2026-08-24T14:47:59Z
maven-doxia-sitetools,Apache Maven Doxia Sitetools,Java,11,34,2009-05-21T01:42:15Z,2026-09-10T11:27:54Z
maven-doxia-tools,[deprecated] Mirror of Apache Maven Doxia tools,Java,4,12,2009-05-21T01:13:12Z,2023-01-28T15:58:18Z
maven-ear-plugin,Apache Maven EAR Plugin,Java,14,29,2017-12-09T15:07:28Z,2026-09-10T16:50:20Z
maven-ejb-plugin,Apache Maven EJB Plugin,Java,14,12,2017-12-09T15:07:43Z,2026-08-23T18:49:06Z
maven-enforcer,Apache Maven Enforcer (Plugin),Java,161,179,2009-05-21T00:59:40Z,2026-08-31T22:31:52Z
maven-executor,Apache Maven Executor,Java,5,2,2026-04-29T14:51:57Z,2026-08-25T00:40:03Z
maven-file-management,Apache Maven File Management API,Java,10,11,2017-12-09T14:54:08Z,2026-08-07T21:01:16Z
maven-filtering,Apache Maven Filtering,Java,9,36,2017-12-07T18:17:01Z,2026-08-24T18:49:03Z
maven-fluido-skin,Apache Maven Fluido Skin,Groovy,21,22,2017-11-04T08:53:51Z,2026-08-25T05:41:55Z
maven-gh-actions-shared,Apache Maven Shared GH Actions,não informado,9,14,2021-10-14T01:24:53Z,2026-09-04T16:12:56Z
maven-gpg-plugin,Apache Maven GPG Plugin,Java,31,27,2017-12-09T15:08:09Z,2026-09-03T11:43:10Z
maven-help-plugin,Apache Maven Help Plugin,Java,29,42,2017-12-09T15:08:24Z,2026-09-10T07:53:55Z
maven-hocon-extension,Apache maven,Java,33,2,2024-09-12T14:56:33Z,2026-08-14T02:59:30Z
maven-indexer,Apache Maven Indexer,Java,74,69,2014-04-22T07:00:07Z,2026-09-04T14:09:24Z
maven-install-plugin,Apache Maven Install Plugin,Java,43,44,2017-12-09T15:08:41Z,2026-09-11T21:38:29Z
maven-integration-testing,Apache Maven core ITs,não informado,34,74,2010-11-17T08:00:07Z,2026-09-03T09:27:19Z
maven-invoker,Apache Maven Invoker,Java,22,25,2017-12-07T18:17:20Z,2026-08-07T13:42:04Z
maven-invoker-plugin,Apache Maven Invoker Plugin,Java,22,35,2017-12-09T15:08:56Z,2026-09-10T10:38:26Z
maven-jar-plugin,Apache Maven JAR Plugin,Java,92,84,2017-12-09T15:09:23Z,2026-09-10T12:40:59Z
maven-jarsigner,Apache Maven Jarsigner,Java,6,6,2017-12-07T18:17:42Z,2026-09-10T12:16:35Z
maven-jarsigner-plugin,Apache Maven Jarsigner Plugin,Java,23,18,2017-12-09T15:09:56Z,2026-09-10T16:52:24Z
maven-javadoc-plugin,Apache Maven Javadoc Plugin,Java,107,116,2017-12-09T15:10:11Z,2026-09-11T22:24:32Z
maven-jdeprscan-plugin,Apache Maven JDeprscan Plugin,Java,9,11,2017-12-09T15:10:49Z,2026-08-28T09:00:22Z
maven-jdeps-plugin,Apache Maven JDeps Plugin,Java,18,18,2017-12-09T15:11:19Z,2026-09-11T19:29:53Z
maven-jenkins-env,Apache Maven Jenkins Environment,Groovy,7,3,2017-11-26T22:02:41Z,2026-08-04T11:45:04Z
maven-jenkins-lib,Jenkins shared library for Apache Maven CI pipelines,Groovy,10,10,2017-11-26T22:03:07Z,2026-08-05T12:48:08Z
maven-jlink-plugin,Apache Maven JLink Plugin,Java,64,37,2017-12-09T15:11:58Z,2026-08-28T09:00:09Z
maven-jmod-plugin,Apache Maven JMod Plugin,Java,16,11,2017-12-09T15:12:22Z,2026-08-24T11:19:21Z
maven-jxr,Apache Maven JXR (Plugin),Java,16,30,2009-05-21T02:28:15Z,2026-09-11T20:17:52Z
maven-linkcheck-plugin,Apache Maven Linkcheck Plugin,Java,4,7,2017-12-09T15:12:57Z,2026-08-07T14:22:55Z
maven-mapping,Apache Maven Mapping,Java,2,7,2017-12-07T18:17:57Z,2026-09-10T12:16:25Z
maven-mercury,[deprecated] Mirror of Apache Maven mercury,Java,2,4,2009-05-21T01:03:45Z,2023-07-25T13:41:18Z
maven-metric-extension,Apache Maven Metric Extension,não informado,0,0,2020-05-09T21:02:48Z,2026-07-22T02:51:41Z
maven-mvnd,Apache Maven Daemon,Java,3459,250,2019-09-21T17:49:30Z,2026-09-11T19:24:37Z
maven-osgi,Apache Maven OSGi - This project is retired,Java,2,1,2017-12-07T18:18:11Z,2023-07-25T14:13:24Z
maven-parent,Apache Maven Project Parent POMs,não informado,36,30,2017-11-04T08:53:09Z,2026-09-08T04:11:31Z
maven-patch-plugin,Apache Maven Patch Plugin,Java,8,7,2017-12-09T15:13:15Z,2024-12-18T09:54:59Z
maven-pdf-plugin,Apache Maven PDF Plugin,Java,10,11,2017-12-07T19:05:20Z,2026-08-07T14:22:56Z
maven-plugin-testing,Apache Maven Plugin Testing,não informado,17,41,2009-05-21T02:08:54Z,2026-08-22T11:42:02Z
maven-plugin-tools,Apache Maven Plugin Tools,Java,64,71,2009-05-21T08:41:42Z,2026-09-10T21:36:09Z
maven-plugins,[deprecated] Mirror of Apache Maven plugins,Java,241,265,2009-05-21T00:33:19Z,2026-08-06T14:00:59Z
maven-pmd-plugin,Apache Maven PMD Plugin,Java,66,55,2017-12-09T15:13:30Z,2026-09-12T09:21:27Z
maven-pom-retired,"Mirror of Apache Maven pom. Repo retired, see  https://github.com/apache/maven-parent and  https://github.com/apache/maven-apache-parent",Shell,16,11,2009-05-21T02:11:27Z,2024-01-20T18:48:01Z
maven-project-info-reports-plugin,Apache Maven Project Info Reports Plugin,Java,29,41,2017-12-09T15:13:57Z,2026-09-10T06:53:32Z
maven-project-utils,Apache Maven Project Utils (RETIRED),Java,1,22,2017-12-07T18:18:26Z,2025-07-26T03:43:31Z
maven-rar-plugin,Apache Maven RAR Plugin,Java,11,8,2017-12-09T15:14:14Z,2026-09-11T20:17:32Z
maven-release,Apache Maven Release (Plugin),Java,128,145,2009-05-21T00:59:16Z,2026-08-24T12:12:25Z
maven-remote-resources-plugin,Apache Maven Remote Resources Plugin,Java,17,18,2017-12-09T15:14:40Z,2026-09-10T16:52:33Z
maven-reporting-api,Apache Maven Reporting API,Java,8,6,2017-12-07T18:18:42Z,2026-09-11T22:20:34Z
maven-reporting-exec,Apache Maven Reporting Executor,Java,8,6,2017-12-07T18:18:54Z,2026-09-11T22:20:05Z
maven-reporting-impl,Apache Maven Reporting Implementation,Java,7,12,2017-12-07T18:19:07Z,2026-09-10T12:17:29Z
maven-repository-builder-retired,Apache Maven Repository Builder,Java,3,2,2017-12-07T18:19:27Z,2023-07-25T14:13:24Z
maven-repository-plugin,Apache Maven Repository Plugin,Java,1,6,2017-12-09T15:15:10Z,2023-07-25T14:13:31Z
maven-repository-tools,[deprecated] Mirror of Apache Maven repository tools,Perl,4,3,2009-05-21T01:35:26Z,2025-08-25T03:11:30Z
maven-resolver,Apache Maven Artifact Resolver,Java,152,160,2016-09-14T07:00:07Z,2026-09-11T21:13:45Z
maven-resolver-ant-tasks,Apache Maven Artifact Resolver Ant Tasks,Java,15,18,2017-11-25T21:59:02Z,2026-09-08T17:26:33Z
maven-resources,[deprecated] Mirror of Apache Maven resources,Java,2,8,2009-05-20T02:01:27Z,2023-07-25T13:41:18Z
maven-resources-plugin,Apache Maven Resources Plugin,Java,61,36,2017-12-09T15:14:54Z,2026-08-25T15:42:49Z
maven-runtime,Apache Maven Runtime -- Archived,Java,1,5,2017-12-07T18:19:38Z,2023-07-25T14:13:24Z
maven-sandbox,[deprecated] Mirror of Apache Maven sandbox,Java,4,5,2009-05-21T02:09:15Z,2023-07-25T13:41:20Z
maven-scm,Apache Maven SCM (Plugin),Java,104,189,2009-05-21T00:33:04Z,2026-09-11T19:25:14Z
maven-scm-publish-plugin,Apache Maven SCM Publish Plugin,Java,19,17,2017-12-09T15:15:40Z,2026-08-10T20:56:25Z
maven-script-interpreter,Apache Maven Script Interpreter,Java,14,9,2017-12-07T18:19:57Z,2026-09-11T12:40:45Z
maven-scripting-plugin,Apache Maven Scripting Plugin,Java,15,10,2017-12-09T15:16:01Z,2026-08-10T20:50:35Z
maven-shade-plugin,Apache Maven Shade Plugin,Java,188,103,2017-12-09T15:16:16Z,2026-09-11T16:13:29Z
maven-shared,[deprecated] Mirror of Apache Maven shared,Java,29,36,2009-05-21T01:21:13Z,2026-08-07T14:20:23Z
maven-shared-incremental,Apache Maven Shared Incremental,Java,4,10,2017-12-07T18:20:17Z,2026-09-10T12:15:53Z
maven-shared-io,Apache Maven Shared IO,Java,4,25,2017-12-07T18:20:28Z,2026-09-10T12:16:08Z
maven-shared-jar,Apache Maven JAR Analysis Utilities,Java,4,9,2017-12-07T18:20:38Z,2026-09-11T04:52:45Z
maven-shared-resources,Apache Maven Shared Resources,Shell,8,8,2017-12-07T18:20:53Z,2026-09-10T16:52:55Z
maven-shared-utils,Apache Maven Shared Utils,Java,36,32,2017-12-07T18:21:07Z,2026-09-11T17:13:55Z
maven-site,Apache Maven site,Java,123,302,2009-05-21T02:09:00Z,2026-09-11T14:54:23Z
maven-site-plugin,Apache Maven Site Plugin,Java,55,50,2017-12-07T19:04:58Z,2026-09-10T12:18:15Z
maven-skins,Mirror of Apache Maven skins,CSS,26,13,2009-05-21T01:35:11Z,2026-07-22T02:01:55Z
maven-source-plugin,Apache Maven Source Plugin,Java,37,38,2017-12-09T15:16:33Z,2026-08-28T08:10:26Z
maven-sources,Apache Maven Sources,não informado,125,104,2017-12-30T17:52:05Z,2026-08-25T16:33:49Z
maven-stage-plugin,Apache Maven Stage Plugin (RETIRED),Java,9,8,2017-12-09T15:16:49Z,2026-08-11T19:01:04Z
maven-studies,Apache Maven Studies,não informado,14,7,2018-02-04T11:25:06Z,2026-07-22T02:36:04Z
maven-surefire,Apache Maven Surefire,Java,461,587,2010-08-12T03:32:41Z,2026-09-10T10:52:06Z
maven-toolchains-plugin,Apache Maven Toolchains Plugin,Java,27,31,2017-12-09T15:17:23Z,2026-08-07T20:59:41Z
maven-verifier,Apache Maven Verifier (deprecated),Java,6,17,2017-12-07T18:21:20Z,2026-09-10T12:16:57Z
maven-verifier-plugin,Apache Maven Verifier Plugin (RETIRED),Java,16,7,2017-12-09T15:17:47Z,2026-08-11T19:00:58Z
maven-wagon,Apache Maven Wagon,Java,54,106,2009-05-20T02:01:12Z,2026-09-10T11:18:38Z
maven-war-plugin,Apache Maven WAR Plugin,Java,50,97,2017-12-09T15:18:01Z,2026-08-24T19:59:26Z
maven-wrapper,Apache Maven Wrapper,Java,254,78,2021-12-05T10:36:02Z,2026-09-08T06:39:22Z
maven-wrapper-plugin,Apache Maven Wrapper Plugin,Java,14,1,2020-02-08T09:58:01Z,2024-09-29T08:29:35Z
maven-xinclude-extension,Apache maven,Java,5,2,2024-07-08T08:17:18Z,2026-07-29T22:43:38Z
mesos,Apache Mesos,C++,5367,1654,2013-07-17T07:00:13Z,2026-09-12T16:37:51Z
mesos-site,Apache Mesos Website,HTML,5,4,2017-06-06T07:00:08Z,2026-07-22T02:21:15Z
metamodel,Mirror of Apache Metamodel,Java,159,149,2013-08-07T07:00:14Z,2026-08-13T17:31:56Z
metamodel-membrane,Mirror of Apache MetaModel Membrane,Java,16,17,2017-07-23T07:00:08Z,2024-04-30T01:50:45Z
metron,Apache Metron,Java,870,503,2015-12-08T08:00:05Z,2026-07-19T03:29:43Z
metron-bro-plugin-kafka,Apache Metron,Shell,60,37,2017-04-11T07:00:06Z,2025-07-23T02:16:07Z
mina,Mirror of Apache MINA,Java,922,427,2009-05-21T01:13:51Z,2026-09-08T09:34:25Z
mina-asyncweb,Apache Mina Async Web,Java,3,7,2019-01-12T09:32:56Z,2026-07-22T02:42:21Z
mina-ftpserver,Apache Mina FTP Server,Java,67,38,2019-01-12T09:33:20Z,2026-07-22T02:42:23Z
mina-site,Website sources for Apache MINA,HTML,8,2,2020-02-24T08:37:41Z,2026-07-31T15:56:35Z
mina-sshd,Apache MINA sshd is a comprehensive Java library for client- and server-side SSH.,Java,1094,400,2010-05-26T23:38:08Z,2026-09-10T13:51:57Z
mina-vysper,Apache Mina Vysper,Java,29,9,2019-01-12T09:33:56Z,2026-08-19T06:54:16Z
mnemonic,Apache Mnemonic - A non-volatile hybrid memory storage oriented library,Java,119,60,2016-03-29T07:00:06Z,2026-07-28T12:51:26Z
mnemonic-site,Apache Mnemonic Site,SCSS,5,6,2019-01-25T14:08:12Z,2025-04-21T17:17:17Z
mod_perl,Mirror of Apache mod_perl,Perl,38,17,2010-09-04T07:00:06Z,2026-07-23T15:13:34Z
mrunit,Mirror of Apache MRUnit,Java,39,22,2011-03-26T07:00:07Z,2026-04-17T02:02:31Z
mxnet,"Lightweight, Portable, Flexible Distributed/Mobile Deep Learning with Dynamic, Mutation-aware Dataflow Dep Scheduler; for Python, R, Julia, Scala, Go, Javascript and more",C++,20809,6686,2015-04-30T16:21:15Z,2026-09-10T12:53:46Z
mxnet-ci,Continuous Integration and other infrastructure code that serves Apache MXNet incubating. This repository is not intended for end-users.,Python,9,12,2019-08-15T19:40:23Z,2023-11-17T16:30:27Z
mxnet-events,Apache MXNet Events,não informado,2,1,2020-11-02T18:37:17Z,2023-11-17T16:30:25Z
mxnet-examples,Apache MXNet Examples,não informado,6,3,2020-07-16T20:23:02Z,2023-11-17T16:30:27Z
mxnet-site,Apache MXNet Site,HTML,22,20,2017-07-17T22:35:50Z,2025-08-20T16:15:30Z
mxnet-test,Mirror of Apache MXNet Test (Incubating),C++,9,4,2017-06-21T07:00:08Z,2023-11-17T16:30:26Z
myfaces,Apache MyFaces Core,Java,131,75,2018-05-08T11:41:08Z,2026-09-10T11:58:18Z
myfaces-build-tools,Apache MyFaces build tools,Java,6,8,2018-05-04T18:44:42Z,2026-07-22T02:37:38Z
myfaces-extcdi,Apache MyFaces ExtCDI (CODI),Java,8,9,2010-11-11T08:00:17Z,2026-08-06T14:01:09Z
myfaces-extval,Apache MyFaces ExtVal,Java,3,5,2010-11-11T08:00:18Z,2025-02-19T14:43:01Z
myfaces-homepage,Apache MyFaces Homepage,HTML,3,11,2020-08-07T10:59:49Z,2026-09-04T17:18:58Z
myfaces-html5,Apache MyFaces Html5 Renderkit,Java,5,5,2010-09-18T07:00:07Z,2025-02-19T14:40:54Z
myfaces-master-pom,Apache MyFaces Master POM,não informado,2,3,2018-04-28T04:45:56Z,2026-07-22T02:37:30Z
myfaces-scripting,Apache MyFaces Scripting,Java,2,2,2010-05-26T23:38:08Z,2025-02-19T15:00:19Z
myfaces-test,Apache MyFaces test framework,Java,0,0,2018-05-03T06:08:37Z,2025-02-19T15:01:12Z
myfaces-tobago,Apache MyFaces Tobago,Java,36,31,2017-08-18T08:17:41Z,2026-09-10T16:07:27Z
myfaces-trinidad,Apache MyFaces Trinidad,Java,5,8,2017-08-18T08:18:09Z,2025-03-31T11:09:59Z
myfaces-trinidad-maven,Apache MyFaces Trinidad Maven Plugins,Java,2,2,2017-09-17T12:41:49Z,2025-02-19T14:42:11Z
mynewt-artifact,"Golang library for parsing, analyzing, and manipulating Mynewt files",Go,4,6,2019-06-13T16:31:41Z,2026-07-23T23:33:11Z
mynewt-blinky,Apache Blinky is a skeleton for new Apache Mynewt projects,C,8,15,2015-10-29T07:00:07Z,2026-07-22T02:15:19Z
mynewt-core,"An OS to build, deploy and securely manage billions of devices",C,890,381,2015-10-29T07:00:07Z,2026-09-11T11:56:03Z
mynewt-documentation,Apache MyNewt Documentation,Makefile,21,49,2015-10-29T07:00:06Z,2026-07-22T02:15:13Z
mynewt-imgmod,Apache mynewt image modification tool,Go,2,3,2019-03-19T16:46:45Z,2026-07-22T02:43:35Z
mynewt-lorawan,Apache mynewt,não informado,3,1,2018-04-03T17:45:32Z,2026-07-22T02:36:58Z
mynewt-mcumgr,Apache mynewt,C,135,86,2017-12-06T05:34:08Z,2026-07-28T07:33:54Z
mynewt-mcumgr-cli,MCU Manager CLI,Go,83,43,2018-01-11T16:47:19Z,2026-08-06T18:42:27Z
mynewt-newt,"An OS to build, deploy and securely manage billions of devices",Go,126,98,2015-10-29T07:00:07Z,2026-09-08T11:16:22Z
mynewt-newtmgr,Newt Manager (newtmgr) is the application tool that enables a user to communicate with and manage remote devices running the Mynewt OS,Go,39,82,2016-03-26T07:00:06Z,2026-07-22T02:16:38Z
mynewt-nfc,Apache mynewt,não informado,4,0,2018-04-03T21:08:17Z,2026-08-17T04:01:46Z
mynewt-nffs,Apache NFFS filesystem,C,36,13,2017-09-06T14:53:18Z,2026-07-22T02:22:59Z
mynewt-nimble,Apache mynewt,C,893,512,2017-12-04T19:34:47Z,2026-09-11T13:54:44Z
mynewt-pkg-bsp,This is a basic definition of a sample Mynewt package,C,3,2,2016-10-12T07:00:06Z,2025-11-12T13:38:11Z
mynewt-pkg-pkg,This is a basic definition of a sample Mynewt package,C,3,1,2016-10-12T07:00:07Z,2025-11-12T13:38:16Z
mynewt-pkg-sdk,This is a basic definition of a sample Mynewt package,C,3,1,2016-10-12T07:00:07Z,2025-11-12T13:38:23Z
mynewt-site,Apache MyNewt Website Repo,HTML,31,62,2016-02-11T08:00:06Z,2026-07-27T06:48:31Z
nano,Nano is now part of Apache CouchDB. Repo moved to https://GitHub.com/apache/couchdb-nano,JavaScript,1120,152,2011-08-11T23:17:21Z,2026-07-20T23:28:17Z
netbeans,Apache NetBeans,Java,3139,936,2017-09-01T07:00:11Z,2026-09-12T16:23:45Z
netbeans-antora,Apache netbeans,JavaScript,7,8,2023-10-04T13:41:10Z,2026-09-01T07:43:01Z
netbeans-antora-site,Apache netbeans,HTML,15,1479,2023-10-04T13:42:10Z,2026-09-01T08:25:13Z
netbeans-antora-tutorials,Apache netbeans,Java,9,583,2023-10-04T13:15:51Z,2026-08-20T20:34:58Z
netbeans-antora-ui,Apache netbeans,SCSS,6,7,2023-10-04T11:56:07Z,2026-09-01T07:41:47Z
netbeans-antora-wiki,Apache netbeans,não informado,3,32,2023-10-04T13:13:37Z,2026-08-20T20:34:58Z
netbeans-docs,Apache NetBeans Javadoc hosting,não informado,1,2,2018-10-05T10:24:43Z,2025-10-17T18:06:18Z
netbeans-html4j,Apache NetBeans HTML4J,Java,30,19,2017-09-01T07:00:11Z,2026-07-22T02:22:41Z
netbeans-jackpot30,Apache NetBeans Jackpot 3.0,Java,6,7,2017-09-01T07:00:11Z,2026-09-09T11:06:55Z
netbeans-jenkins-lib,Apache NetBeans jenkins,Groovy,7,10,2019-05-10T12:23:27Z,2026-09-11T07:39:07Z
netbeans-l10n,Apache NetBeans Internationalization and localization,HTML,16,13,2020-02-04T10:23:03Z,2026-07-22T02:49:09Z
netbeans-mavenutils-archetype-nbm-archetype,Apache NetBeans Maven Archetype for Apache NetBeans Module,Groovy,2,4,2019-05-09T12:12:45Z,2026-07-22T02:44:39Z
netbeans-mavenutils-archetype-nbm-suite-root,Apache NetBeans Maven Archetypes for Apache NetBeans Modules Suite,Groovy,2,3,2019-05-09T12:14:42Z,2026-07-22T02:44:41Z
netbeans-mavenutils-archetype-netbeans-platform-app-archetype,Apache NetBeans Maven Archetypes for Apache NetBeans Platform,Java,3,4,2019-05-09T12:15:37Z,2026-07-22T02:44:43Z
netbeans-mavenutils-archetypes,Apache NetBeans Maven Archetypes,Groovy,1,4,2023-05-26T08:40:48Z,2026-08-04T13:06:58Z
netbeans-mavenutils-nb-repository-plugin,This repository have been merged to https://github.com/apache/netbeans-mavenutils-nbm-maven-plugin/,não informado,2,1,2019-05-09T12:08:50Z,2023-01-27T23:18:36Z
netbeans-mavenutils-nbm-maven-harness,This repository have been merged to https://github.com/apache/netbeans-mavenutils-nbm-maven-plugin/,não informado,0,3,2019-05-09T12:07:59Z,2023-07-25T14:25:43Z
netbeans-mavenutils-nbm-maven-plugin,Apache NetBeans Maven Utils parent pom,Java,17,28,2019-05-09T12:11:36Z,2026-09-08T08:47:40Z
netbeans-mavenutils-nbm-shared,This repository have been merged to https://github.com/apache/netbeans-mavenutils-nbm-maven-plugin/,não informado,2,2,2019-05-09T12:07:06Z,2023-01-27T23:18:38Z
netbeans-mavenutils-parent,This repository have been merged to https://github.com/apache/netbeans-mavenutils-nbm-maven-plugin/,não informado,2,1,2019-05-09T12:05:50Z,2023-01-27T23:18:36Z
netbeans-native-installers,Apache NetBeans Native Installers,C,0,2,2022-10-24T12:21:15Z,2025-10-17T17:54:29Z
netbeans-native-launchers,Apache NetBeans Native Launchers,C++,4,5,2021-06-24T16:11:50Z,2025-10-17T17:54:41Z
netbeans-nbpackage,Apache NetBeans NBPackage,Java,35,12,2022-11-30T13:34:36Z,2026-09-02T21:57:21Z
netbeans-parent,Apache NetBeans parent pom,Groovy,6,7,2018-10-16T08:51:09Z,2026-08-04T13:03:14Z
netbeans-samples,Apache NetBeans Samples,Java,3,2,2024-04-09T12:49:35Z,2026-07-22T03:09:40Z
netbeans-temp,Apache NetBeans temporary repository,não informado,2,0,2016-10-22T07:00:07Z,2025-10-17T18:05:31Z
netbeans-tools,Apache NetBeans Tools,PHP,18,23,2017-09-21T07:00:08Z,2026-07-22T02:23:06Z
netbeans-vscode,Apache NetBeans for VS Code,TypeScript,11,13,2025-06-17T08:04:47Z,2026-08-28T16:41:40Z
netbeans-website,Apache NetBeans Website,não informado,242,176,2016-11-28T08:00:10Z,2026-07-22T02:19:01Z
netbeans-website-cleanup,A repository to cleanup the older NetBeans website sources to have a clean repository for the new website to cleanup history and big files etc,HTML,5,5,2017-12-17T22:58:10Z,2025-10-17T17:54:56Z
netbeans-webskin,Apache NetBeans maven site skin for maven build,JavaScript,0,1,2019-05-09T12:03:15Z,2025-10-17T18:06:58Z
nifi,Apache NiFi,Java,6229,2974,2014-12-12T08:00:05Z,2026-09-11T13:42:59Z
nifi-api,Apache NiFi API,Java,8,25,2024-09-09T19:13:30Z,2026-09-08T15:30:59Z
nifi-container,Mirror of Apache NiFi containerization efforts,não informado,8,5,2017-11-21T08:00:10Z,2026-07-22T02:33:00Z
nifi-fds,Mirror of Apache NiFi Flow Design System,HTML,48,25,2018-03-22T07:00:13Z,2026-08-14T07:09:31Z
nifi-maven,Apache NiFi NAR Maven Plugin,Java,29,33,2015-08-23T07:00:06Z,2026-08-24T15:49:03Z
nifi-minifi,Apache MiNiFi (a subproject of Apache NiFi),Java,127,103,2016-03-19T07:00:06Z,2026-08-13T17:31:57Z
nifi-minifi-cpp,Apache NiFi - MiNiFi C++,C++,176,104,2016-04-21T07:00:06Z,2026-09-09T12:08:06Z
nifi-python-extensions,Apache NiFi Python Extensions,Python,27,17,2024-06-24T13:10:13Z,2026-08-14T07:10:29Z
nifi-registry,Apache NiFi Registry,Java,112,96,2017-02-14T08:00:07Z,2026-08-13T17:31:56Z
nifi-site,Apache NiFi website,HTML,19,54,2015-08-23T07:00:06Z,2026-08-19T18:24:53Z
nifi-standard-libraries,A collection of standard implementations used across the Apache NiFi ecosystem.,não informado,11,7,2019-09-06T14:28:53Z,2026-04-13T12:50:29Z
npanday,Mirror of Apache NPanday,C#,16,13,2010-09-18T07:00:08Z,2026-07-23T06:22:21Z
npanday-its,Mirror of Apache NPanday ITs,C#,4,5,2011-08-15T07:00:09Z,2026-07-23T15:13:32Z
nutch,Apache Nutch is an extensible and scalable web crawler,Java,3289,1279,2009-05-21T01:17:48Z,2026-09-12T15:34:09Z
nutch-airflow-tools,Apache nutch,não informado,0,0,2023-09-28T13:42:46Z,2026-07-22T03:07:47Z
nutch-site,Apache Nutch Website,CSS,5,3,2020-09-16T10:27:43Z,2026-09-08T11:11:34Z
nutch-webapp,Apache Nutch is an extensible and scalable web crawler,Java,10,3,2021-07-12T15:02:02Z,2026-07-22T02:58:14Z
nuttx,"Apache NuttX is a mature, real-time embedded operating system (RTOS)",C,4029,1691,2019-12-14T23:27:55Z,2026-09-12T04:43:33Z
nuttx-apps,"Apache NuttX Apps is a collection of tools, shells, network utilities, libraries, interpreters and can be used with the NuttX RTOS",C,464,778,2019-12-14T23:26:26Z,2026-09-12T00:09:32Z
nuttx-ntfc,NuttX Test Framework for Community.,Python,3,5,2026-02-02T12:56:55Z,2026-09-10T15:14:41Z
nuttx-ntfc-testing,Default test cases for NuttX Test Framework (NTFC).,Python,3,5,2026-02-02T12:57:28Z,2026-08-31T15:47:02Z
nuttx-nxdart,Apache nuttx,não informado,1,0,2026-02-02T12:56:09Z,2026-07-22T06:09:58Z
nuttx-testing,Apache NuttX Testing contains shared test infrastructure for Apache NuttX (incubating),não informado,9,21,2020-01-09T13:01:50Z,2026-07-22T02:48:53Z
nuttx-website,Apache NuttX Website,CSS,24,37,2019-12-26T17:37:13Z,2026-09-09T12:23:46Z
nuvem,Mirror of Apache Nuvem,Java,3,2,2010-08-12T03:32:41Z,2026-07-22T02:11:13Z
ode,Mirror of Apache ODE,Java,47,59,2009-05-21T02:41:15Z,2026-05-12T06:20:08Z
ode-console,Mirror of Apache ODE Console,JavaScript,4,5,2015-03-12T07:00:05Z,2026-03-10T04:55:50Z
ode-jacob,Mirror of Apache Ode Jacob,Java,12,5,2013-04-29T22:27:17Z,2026-03-10T04:54:40Z
odftoolkit,Apache ODF Toolkit (Incubating) - Project Retired.,Java,38,22,2012-07-28T07:00:12Z,2026-06-23T14:35:18Z
ofbiz,Apache OFBiz - Main development has moved to the ofbiz-frameworks repository.,Java,806,552,2009-05-20T01:47:56Z,2026-09-06T14:01:27Z
ofbiz-framework,"Apache OFBiz is an open source product for the automation of enterprise processes. It includes framework components and business applications for ERP, CRM, E-Business/E-Commerce, Supply Chain Management and Manufacturing Resource Planning. OFBiz provides a foundation and starting point for reliable, secure and scalable enterprise solutions.",Java,1124,728,2017-02-13T08:00:07Z,2026-09-12T15:15:17Z
ofbiz-plugins,"Apache OFBiz is an open source product for the automation of enterprise processes. It includes framework components and business applications for ERP, CRM, E-Business/E-Commerce, Supply Chain Management and Manufacturing Resource Planning. OFBiz provides a foundation and starting point for reliable, secure and scalable enterprise solutions.",FreeMarker,176,220,2017-03-05T08:00:07Z,2026-09-12T15:15:57Z
ofbiz-site,Apache ofbiz Site,HTML,13,20,2019-10-22T05:47:57Z,2026-08-14T06:14:24Z
ofbiz-tools,Apache ofbiz tools,HTML,22,26,2019-10-22T13:24:25Z,2026-07-22T02:47:35Z
olingo-odata2,Mirror of Apache Olingo,Java,43,78,2014-04-16T07:00:07Z,2026-06-11T01:06:58Z
olingo-odata3-js,Apache Olingo OData 3 JS,JavaScript,1,0,2018-12-11T20:04:30Z,2026-06-02T21:03:12Z
olingo-odata4,Mirror of Apache Olingo,Java,185,206,2014-04-16T07:00:08Z,2026-06-02T21:03:13Z
olingo-odata4-js,Mirror of Apache Olingo,JavaScript,44,25,2014-04-16T07:00:08Z,2026-06-02T21:03:15Z
olingo-site,Apache Olingo Website,HTML,3,2,2021-05-31T18:37:03Z,2026-06-02T21:03:14Z
oltu,Mirror of Apache Oltu,Java,169,112,2013-05-28T07:00:14Z,2026-07-22T02:09:56Z
onami,Apache Onami (retired),Java,11,0,2019-01-25T13:52:00Z,2023-01-28T08:57:22Z
oodt,Mirror of Apache OODT,Java,65,58,2013-01-21T08:00:15Z,2026-05-12T06:12:10Z
oozie,Mirror of Apache Oozie,Java,728,466,2011-09-14T07:00:10Z,2026-09-11T23:50:13Z
oozie-site,Apache Oozie Website,não informado,1,0,2021-05-31T18:45:13Z,2025-03-24T17:59:41Z
opendal,"Apache OpenDAL: One Layer, All Storage.",Rust,5375,824,2022-02-14T05:18:44Z,2026-09-12T16:53:58Z
opendal-ghac-service-continuous-integration,Apache opendal,não informado,1,0,2026-06-09T08:13:09Z,2026-08-06T02:23:18Z
opendal-go-services,Apache OpenDAL Go Binding Services Releases,Go,16,3,2024-07-13T07:46:08Z,2026-07-22T03:10:40Z
opendal-oli,`oli` stands for OpenDAL Command Line Interface. It aims to provide a unified and user-friendly way to manipulate data stored in various storage service.,Rust,27,6,2025-10-17T07:48:49Z,2026-09-02T07:40:37Z
opendal-reqsign,Signing HTTP requests without heavy SDKs.,Rust,169,75,2022-03-12T11:58:40Z,2026-09-10T09:57:55Z
opendal-yinyang,Apache OpenDAL™ YinYang: a cross-platform filesystem foundation.,Rust,51,5,2025-10-15T05:29:04Z,2026-09-11T14:00:14Z
openejb,Mirror of Apache OpenEJB,Java,13,25,2013-01-23T08:00:17Z,2026-07-22T02:10:04Z
openjpa,Apache OpenJPA,Java,148,160,2009-05-21T01:13:25Z,2026-09-12T12:44:48Z
openjpa-site,Apache Openjpa Website,Python,1,1,2021-05-31T18:37:58Z,2026-07-22T02:57:39Z
openmeetings,Mirror of Apache Openmeetings,Java,685,264,2015-03-13T07:00:05Z,2026-09-11T07:49:43Z
openmeetings-site,Mirror of Apache openmeetings,HTML,6,12,2017-04-27T07:00:07Z,2026-08-13T04:22:40Z
opennlp,Apache OpenNLP,Java,1603,506,2011-11-09T08:00:09Z,2026-09-11T17:28:05Z
opennlp-addons,Apache OpenNLP Add-ons,Java,21,12,2016-10-05T07:00:08Z,2026-09-12T17:36:55Z
opennlp-corpus,Apache opennlp,não informado,1,0,2017-07-19T14:43:20Z,2026-07-22T02:22:00Z
opennlp-models,Apache OpenNLP Models,Shell,17,4,2023-12-22T12:17:41Z,2026-08-03T05:07:58Z
opennlp-sandbox,Apache OpenNLP Sandbox,Java,52,40,2016-10-05T07:00:08Z,2026-09-08T19:12:31Z
opennlp-site,Website sources for the Apache OpenNLP website,Java,10,17,2016-10-20T07:00:07Z,2026-09-11T17:46:57Z
openoffice,Apache OpenOffice,C++,1241,374,2013-11-13T08:00:13Z,2026-09-12T05:30:40Z
openoffice-devtools,Apache openoffice,Java,3,1,2025-02-25T22:07:45Z,2026-09-12T19:22:20Z
openoffice-docs,Apache OpenOffice Documentation,não informado,5,9,2021-02-03T01:54:51Z,2026-07-22T02:55:45Z
openoffice-externals,Apache openoffice External Resources,não informado,3,1,2021-11-16T12:13:08Z,2026-07-22T03:00:06Z
openoffice-forums,Apache OpenOffice Forums,não informado,3,1,2020-12-15T18:38:07Z,2026-07-22T02:55:18Z
openoffice-mwiki,Apache OpenOffice MediaWiki,CSS,2,3,2020-12-15T15:14:25Z,2026-07-22T02:55:17Z
openoffice-org,OpenOffice.org Website,HTML,12,18,2019-10-02T19:33:56Z,2026-08-19T19:35:26Z
openoffice-project,Apache OpenOffice Project Website,HTML,7,5,2019-10-02T19:34:39Z,2026-07-22T02:47:17Z
openoffice-translation,Apache openoffice,não informado,2,0,2024-10-05T20:02:06Z,2026-07-22T03:11:17Z
openserverless,Apache OpenServerless (incubating),Python,577,28,2024-07-02T12:41:21Z,2026-09-12T15:33:36Z
openserverless-admin,Apache openserverless,não informado,1,0,2025-05-13T13:59:09Z,2026-07-22T03:13:36Z
openserverless-admin-api,OpenServerless Admin API,Python,3,6,2025-07-26T09:53:20Z,2026-09-11T07:25:07Z
openserverless-agent,Apache openserverless,não informado,1,0,2026-06-08T16:48:14Z,2026-07-22T06:09:23Z
openserverless-build,Apache openserverless,Scala,0,5,2025-05-13T13:58:36Z,2026-09-11T05:14:11Z
openserverless-cli,Apache openserverless,Go,23,27,2024-07-02T12:43:25Z,2026-09-11T04:54:01Z
openserverless-devcontainer,Apache openserverless,Dockerfile,3,7,2025-10-30T13:22:08Z,2026-09-11T05:15:50Z
openserverless-documentation,Apache openserverless,não informado,0,0,2024-07-02T12:46:21Z,2026-07-22T03:10:27Z
openserverless-mcp,Apache openserverless,TypeScript,1,3,2026-06-22T03:02:52Z,2026-08-29T08:27:45Z
openserverless-mvdansh-fork,Apache openserverless,não informado,0,0,2024-07-16T11:08:10Z,2026-07-22T03:10:42Z
openserverless-nodejs-starter,Apache openserverless,não informado,0,0,2024-07-02T12:47:43Z,2026-07-22T03:10:30Z
openserverless-operator,Apache openserverless,Python,11,16,2024-07-02T12:42:49Z,2026-09-08T07:31:20Z
openserverless-patches,Apache openserverless,Go,0,0,2026-09-12T12:03:01Z,2026-09-12T12:27:03Z
openserverless-php-starter,Apache openserverless,não informado,0,0,2024-07-02T12:48:18Z,2026-07-22T03:10:31Z
openserverless-python-starter,Apache openserverless,não informado,0,0,2024-07-02T12:47:05Z,2026-07-22T03:10:28Z
openserverless-runtimes,Apache openserverless,Go,6,14,2024-07-02T12:44:58Z,2026-09-07T15:14:38Z
openserverless-site,Apache OpenServerless website,CSS,10,17,2024-07-02T12:42:10Z,2026-09-09T18:41:12Z
openserverless-streamer,Apache OpenServerless (incubating),Go,1,6,2024-12-07T15:39:12Z,2026-09-07T12:42:41Z
openserverless-task,Apache openserverless,JavaScript,12,20,2024-07-02T12:44:02Z,2026-09-01T13:12:31Z
openserverless-taskfile-fork,Apache openserverless,não informado,0,0,2024-07-16T11:08:57Z,2026-07-22T03:10:43Z
openserverless-testing,Apache openserverless,Shell,3,10,2024-07-02T12:45:44Z,2026-08-18T12:44:29Z
openserverless-tutorial,Apache openserverless,JavaScript,0,0,2025-03-23T18:09:39Z,2026-07-22T03:13:18Z
openserverless-vscode,Apache openserverless,não informado,1,2,2024-09-17T13:29:10Z,2026-07-22T03:11:08Z
openserverless-vscode-extension,Apache openserverless,TypeScript,1,0,2025-08-11T08:34:38Z,2026-07-22T06:10:42Z
openwebbeans,Apache OpenWebBeans,Java,74,70,2011-01-28T08:00:11Z,2026-08-03T20:04:06Z
openwebbeans-build-tools,Apache openwebbeans,não informado,0,0,2023-01-24T14:30:22Z,2026-07-22T03:05:00Z
openwebbeans-meecrowave,Apache OpenWebBeans meecrowave,Java,62,30,2016-12-10T08:00:06Z,2026-08-13T07:06:50Z
openwebbeans-meecrowave-examples,Examples for Apache Meecrowave,Java,7,7,2018-06-28T21:05:48Z,2026-07-22T02:38:40Z
openwebbeans-peeco,Apache OpenWebBeans Peeco,Java,0,2,2020-08-31T14:22:46Z,2026-07-22T02:54:16Z
openwebbeans-site,Apache Openwebbeans Website,HTML,1,2,2021-05-31T18:39:05Z,2026-08-10T07:40:33Z
openwhisk,Apache OpenWhisk is an open source serverless cloud platform,Scala,6796,1181,2016-02-18T21:16:19Z,2026-09-12T01:40:36Z
openwhisk-apigateway,Apache OpenWhisk API Gateway service for exposing actions as REST interfaces.,Lua,65,43,2016-11-01T18:45:43Z,2026-07-22T02:18:29Z
openwhisk-catalog,Curated catalog of Apache OpenWhisk packages to interface with event producers and consumers,JavaScript,34,45,2016-06-02T14:43:52Z,2026-07-22T02:17:04Z
openwhisk-cli,Apache OpenWhisk Command Line Interface (CLI),Go,109,98,2017-04-03T16:29:00Z,2026-07-22T02:20:17Z
openwhisk-client-go,Go client library for the Apache OpenWhisk platform,Go,37,44,2016-11-10T23:02:42Z,2026-07-22T02:18:37Z
openwhisk-client-js,JavaScript client library for the Apache OpenWhisk platform,JavaScript,84,55,2016-03-23T09:46:16Z,2026-07-22T02:16:36Z
openwhisk-client-python,[DEPRECATED] - REST API of OpenWhisk can be used directly from Python,não informado,10,5,2016-09-02T19:05:58Z,2023-04-23T09:04:27Z
openwhisk-client-swift,"[DEPRECATED] - openwhisk-client-swift is a Swift client SDK for OpenWhisk with support for iOS, WatchOS2, and Darwin CLI apps",Swift,20,9,2016-03-23T17:37:04Z,2026-06-30T16:34:58Z
openwhisk-composer,Apache OpenWhisk Composer provides a high-level programming model in JavaScript for composing serverless functions,JavaScript,68,18,2018-10-01T14:17:28Z,2026-07-22T02:40:31Z
openwhisk-composer-python,Apache OpenWhisk Composer Python provides a high-level programming model in Python for composing serverless functions,Python,9,12,2018-11-29T21:10:10Z,2026-08-21T17:27:40Z
openwhisk-debugger,[DEPRECATED] - The OpenWhisk debugger project,JavaScript,21,6,2016-10-19T16:03:30Z,2023-01-28T17:32:05Z
openwhisk-deploy-kube,The Apache OpenWhisk Kubernetes Deployment repository supports deploying the Apache OpenWhisk system on Kubernetes and OpenShift clusters.,Shell,309,231,2017-05-17T18:38:26Z,2026-09-07T07:06:43Z
openwhisk-deploy-mesos,Apache OpenWhisk deployment scripts and configuration files for running under Apache Mesos.,Python,8,5,2017-07-31T23:32:54Z,2023-01-28T08:27:30Z
openwhisk-deploy-openshift,[DEPRECATED] - This project can be used to deploy Apache OpenWhisk to the OpenShift platform,Shell,22,8,2018-07-10T15:32:14Z,2023-07-25T14:18:27Z
openwhisk-devtools,Development tools for building and deploying Apache OpenWhisk,JavaScript,181,124,2016-11-01T17:41:18Z,2026-07-22T02:18:27Z
openwhisk-external-resources,✨ Curated list of awesome OpenWhisk things ✨,não informado,208,48,2016-10-11T13:15:32Z,2026-08-18T07:33:57Z
openwhisk-GitHubSlackBot,[DEPRECATED] - Demonstration of integration of GitHub Pull Request management with Slack and using Alarms,JavaScript,5,3,2017-02-17T20:53:12Z,2023-01-28T17:32:05Z
openwhisk-intellij-plugin,Intellij plugin for Apache OpenWhisk,Java,5,5,2021-01-12T05:46:23Z,2026-07-22T02:55:30Z
openwhisk-package-alarms,"Apache OpenWhisk package that can be used to create periodic, time-based alarms.",JavaScript,24,46,2016-10-19T13:11:40Z,2026-07-22T02:18:17Z
openwhisk-package-cloudant,The Apache OpenWhisk cloudant package enables you to work with a Cloudant/CouchDB database,Scala,17,31,2016-10-19T12:50:11Z,2026-07-22T02:18:15Z
openwhisk-package-deploy,Apache openwhisk,Scala,7,10,2017-10-31T04:16:39Z,2026-07-22T02:32:40Z
openwhisk-package-jira,"[DEPRECATED] - Interact with JIRA software software development tool used for issue tracking, and project management functions",Shell,1,3,2016-06-02T14:20:37Z,2023-01-28T17:32:04Z
openwhisk-package-kafka,Apache OpenWhisk package for communicating with Kafka or Message Hub,Python,30,40,2016-10-10T14:53:54Z,2026-07-22T02:18:03Z
openwhisk-package-pushnotifications,OpenWhisk Package for Bluemix Push Notifications Service,JavaScript,10,13,2016-05-16T18:09:04Z,2026-07-22T02:16:56Z
openwhisk-package-rss,[DEPRECATED] - RSS feed package,JavaScript,5,8,2016-07-21T19:32:13Z,2023-01-28T17:32:05Z
openwhisk-package-template,[DEPRECATED] - This is a template to be use when creating new packages for OpenWhisk,Scala,2,10,2016-06-28T15:42:41Z,2024-06-06T03:53:55Z
openwhisk-playground,[DEPRECATED] - This library provides functionality of executing a snippet of source code as OpenWhisk action for OpenWhisk Xcode Source Editor Extension,JavaScript,5,3,2017-02-01T21:36:09Z,2023-01-28T17:32:05Z
openwhisk-pluggable-provider,Apache OpenWhisk pluggable trigger feed event provider,JavaScript,2,3,2019-03-19T16:46:34Z,2026-07-22T02:43:33Z
openwhisk-podspecs,[DEPRECATED] - CocoaPods Podspecs repo for openwhisk-client-swift,Ruby,0,3,2016-03-25T15:29:52Z,2026-06-30T16:34:59Z
openwhisk-release,Tools and documentation for Apache OpenWhisk Release Managers,Shell,12,23,2017-11-08T14:15:49Z,2026-07-22T02:32:56Z
openwhisk-runtime-ballerina,Apache OpenWhisk Runtime Ballerina supports Apache OpenWhisk functions written in Ballerina,Java,7,7,2018-07-14T02:47:51Z,2023-01-28T06:15:45Z
openwhisk-runtime-deno,Apache OpenWhisk Runtime Deno supports Apache OpenWhisk functions written in Deno,Scala,14,9,2020-08-19T04:54:49Z,2026-07-22T02:53:48Z
openwhisk-runtime-docker,"Apache OpenWhisk SDK for building Docker ""blackbox"" runtimes",Python,25,41,2017-10-05T19:31:46Z,2026-07-22T02:23:34Z
openwhisk-runtime-dotnet,Apache OpenWhisk Runtime .Net supports Apache OpenWhisk functions written in .Net languages,C#,34,27,2018-10-11T17:24:23Z,2026-07-22T02:40:49Z
openwhisk-runtime-go,Apache OpenWhisk Runtime Go supports Apache OpenWhisk functions written in Go,Go,45,49,2018-02-28T16:27:41Z,2026-07-22T02:36:28Z
openwhisk-runtime-java,Apache OpenWhisk Runtime Java supports Apache OpenWhisk functions written in Java and other JVM-hosted languages,Java,47,58,2017-09-27T04:55:50Z,2026-07-22T02:23:12Z
openwhisk-runtime-nodejs,Apache OpenWhisk Runtime NodeJS supports Apache OpenWhisk functions written in JavaScript for NodeJS,JavaScript,65,72,2017-09-29T22:45:07Z,2026-07-22T02:23:28Z
openwhisk-runtime-php,Apache OpenWhisk Runtime PHP supports Apache OpenWhisk functions written in PHP,Scala,40,29,2017-09-29T20:44:34Z,2026-07-22T02:23:26Z
openwhisk-runtime-python,Apache OpenWhisk Runtime Python supports Apache OpenWhisk functions written in Python,Scala,53,70,2017-10-04T19:52:21Z,2026-07-22T02:23:32Z
openwhisk-runtime-ruby,Apache OpenWhisk Runtime Ruby supports Apache OpenWhisk functions written in Ruby,Ruby,13,15,2018-07-14T02:47:21Z,2026-07-22T02:38:50Z
openwhisk-runtime-rust,Apache OpenWhisk Runtime Rust supports Apache OpenWhisk functions written in Rust,Python,25,17,2019-02-28T12:57:28Z,2026-07-22T02:43:17Z
openwhisk-runtime-swift,Apache OpenWhisk Runtime Swift supports Apache OpenWhisk functions written in Swift,Swift,26,22,2017-09-29T16:17:39Z,2026-07-22T02:23:24Z
openwhisk-sample-matos,[DEPRECATED] - sample application with Message Hub and Object Store,Java,2,4,2016-09-07T16:04:54Z,2023-01-28T17:32:05Z
openwhisk-sample-slackbot,[DEPRECATED] - A proof-of-concept Slackbot to invoke OpenWhisk actions.,Scala,3,1,2016-07-18T20:27:45Z,2024-06-06T03:54:11Z
openwhisk-selfserve-test,[DEPRECATED] - Apache openwhisk,HTML,1,1,2017-05-25T20:17:58Z,2024-06-06T04:19:20Z
openwhisk-slackinvite,Invite for Apache OpenWhisk Team on Slack,HTML,11,11,2017-01-22T03:43:08Z,2026-07-22T02:19:37Z
openwhisk-test,Test repo. for Apache OpenWhisk client-side tooling.,JavaScript,3,7,2016-12-13T13:22:13Z,2026-07-22T02:19:15Z
openwhisk-tutorial,[DEPRECATED] - An interactive learning environment for the Apache OpenWhisk command line,JavaScript,25,12,2016-07-06T00:45:15Z,2025-03-13T14:04:03Z
openwhisk-utilities,Shared utilities used across Apache OpenWhisk project repositories.,Python,6,12,2017-05-17T18:36:37Z,2026-07-22T02:20:51Z
openwhisk-vscode,[DEPRECATED] - Visual Studio Code extension (prototype) for authoring OpenWhisk actions inside the editor.,JavaScript,19,2,2016-05-12T19:43:06Z,2026-03-31T03:54:35Z
openwhisk-vscode-extension,VSCode extension for Apache OpenWhisk,TypeScript,11,7,2021-01-12T05:47:14Z,2026-07-22T02:55:32Z
openwhisk-website,Apache OpenWhisk website (openwhisk.apache.org) content; built using Jekyll,HTML,21,48,2016-06-29T21:39:24Z,2026-07-22T02:17:18Z
openwhisk-workshop,[DEPRECATED] - OpenWhisk workshop to help developers learn how to build serverless applications using the platform.,JavaScript,36,15,2016-10-10T10:51:26Z,2023-11-23T18:44:38Z
openwhisk-wskdebug,Debugging and live development tool for Apache OpenWhisk,JavaScript,7,7,2020-02-24T18:26:43Z,2026-07-22T02:49:35Z
openwhisk-wskdeploy,Apache OpenWhisk utility for deploying and managing OpenWhisk projects and packages,Go,75,73,2016-10-05T22:36:44Z,2026-07-22T02:18:01Z
openwhisk-xcode,[DEPRECATED] - Collection of OpenWhisk tools for OS X implemented in Swift 3.,Objective-C,9,9,2016-07-21T23:09:35Z,2026-06-30T16:35:15Z
orc,"Apache ORC - the smallest, fastest columnar storage for Hadoop workloads",Java,770,517,2015-05-06T07:00:05Z,2026-09-02T09:10:10Z
orc-format,"Apache ORC - the smallest, fastest columnar storage for Hadoop workloads",não informado,16,7,2023-12-05T08:07:14Z,2026-08-04T20:07:22Z
ossie,"Apache Ossie, industry wide specification effort to standardize how we exchange semantic metadata across analytics, AI and BI platforms, providing a vendor neutral, single source of truth for semantic data",Python,2111,267,2025-11-18T23:27:51Z,2026-09-12T16:06:38Z
ossie-temp,"Apache Ossie, industry wide specification effort to standardize how we exchange semantic metadata across analytics, AI and BI platforms, providing a vendor neutral, single source of truth for semantic data",Java,82,8,2026-07-04T03:55:51Z,2026-08-15T22:34:22Z
ossie-website,Apache Ossie Website,HTML,6,21,2026-07-04T03:56:25Z,2026-09-11T04:11:54Z
otava,Change Detection for Continuous Performance Engineering,Python,177,35,2021-08-24T20:04:22Z,2026-09-12T15:39:38Z
otava-playground,,Python,2,0,2026-01-27T18:06:39Z,2026-07-23T18:52:11Z
otava-website,Website for Apache Otava (incubating),TypeScript,1,5,2024-11-28T09:07:49Z,2026-09-03T06:04:24Z
ozhera,Apache OzHera is an About Application Observable Platform in the Cloud Native Era.,Java,122,46,2023-09-08T09:43:53Z,2026-09-12T15:33:59Z
ozhera-site,Website sources for the Apache OzHera(Incubating) website,Vue,0,6,2024-08-30T16:14:41Z,2026-07-22T03:11:00Z
ozone,"Scalable, reliable, distributed storage system optimized for data analytics and object store workloads.",Java,1274,636,2019-10-02T15:56:19Z,2026-09-12T06:19:17Z
ozone-docker,Repository for building Apache Ozone Docker images,Dockerfile,20,28,2019-01-29T23:42:38Z,2026-08-27T22:35:04Z
ozone-docker-builder,Container image to provide build environment for developing and testing Apache Ozone,Dockerfile,0,3,2020-11-16T17:25:00Z,2026-07-22T02:54:58Z
ozone-docker-runner,Base image with tools for running and testing Apache Ozone,Dockerfile,6,35,2020-11-16T17:27:16Z,2026-08-27T10:17:58Z
ozone-docker-testkrb5,MIT Kerberos KDC for developing and testing Apache Ozone,Dockerfile,3,9,2020-11-16T17:27:44Z,2026-08-27T10:14:36Z
ozone-go,Apache Ozone go client and fuse driver (experimental),Go,7,11,2021-04-02T20:09:53Z,2026-07-22T02:56:40Z
ozone-helm-charts,Helm chart for Apache Ozone,Go Template,22,13,2024-06-20T08:25:32Z,2026-08-27T10:24:43Z
ozone-installer,Install Apache Ozone on bare metal,Python,8,4,2026-01-22T06:07:56Z,2026-07-22T06:10:01Z
ozone-site,Website for Apache Ozone,HTML,33,80,2019-01-25T13:54:49Z,2026-09-10T05:35:17Z
ozone-thirdparty,Third-party libraries for use with Apache Ozone,não informado,1,2,2026-05-19T10:41:37Z,2026-08-04T11:08:43Z
paimon,Apache Paimon is a lake format that enables building a Realtime Lakehouse Architecture with Flink and Spark for both streaming and batch operations.,Java,3399,1395,2022-01-12T03:13:15Z,2026-09-12T18:37:55Z
paimon-cpp,Paimon-cpp is a high-performance C++ implementation of Apache Paimon.,C++,65,25,2026-05-21T12:14:49Z,2026-09-11T10:05:05Z
paimon-full-text,Apache Paimon Full Text: Rust full text index for data lake search.,HTML,6,7,2026-07-03T11:25:58Z,2026-08-04T04:21:05Z
paimon-mosaic,Apache Paimon Mosaic: a columnar-bucket hybrid format optimized for wide tables.,Rust,25,11,2026-05-18T04:57:44Z,2026-09-11T07:14:18Z
paimon-presto,Presto connector for Apache Paimon.,Java,12,15,2023-03-31T04:38:37Z,2026-07-22T03:05:58Z
paimon-python,Apache Paimon Python The Python implementation of Apache Paimon.,Python,20,10,2024-08-07T15:00:09Z,2026-07-22T03:10:49Z
paimon-rust,Apache Paimon Rust The rust implementation of Apache Paimon.,Rust,197,92,2024-07-05T02:36:50Z,2026-09-11T15:13:04Z
paimon-shade,Shade jars for Apache Paimon.,Shell,10,10,2023-03-20T14:00:49Z,2026-07-22T03:05:45Z
paimon-trino,Trino Connector for Apache Paimon.,Java,47,55,2023-03-31T04:38:59Z,2026-09-11T03:07:16Z
paimon-vector-index,Apache Paimon Vector Index: pure Rust IVF-PQ for data lake vector search.,Rust,21,21,2026-06-05T03:49:57Z,2026-09-10T07:09:18Z
paimon-website,Apache Paimon Website,TypeScript,20,25,2023-03-15T04:33:14Z,2026-09-11T02:13:26Z
paimon-webui,Web ui for Apache Paimon.,Java,147,63,2023-07-06T06:15:26Z,2026-07-22T03:07:00Z
parquet-benchmark,Apache parquet,não informado,0,2,2024-08-03T00:16:33Z,2026-07-22T03:10:48Z
parquet-cpp,Apache Parquet,não informado,446,186,2014-06-10T07:00:07Z,2026-08-20T20:51:59Z
parquet-format,Apache Parquet Format,Thrift,2572,507,2014-06-10T07:00:07Z,2026-09-11T13:01:51Z
parquet-java,Apache Parquet Java,Java,3079,1568,2014-06-10T07:00:07Z,2026-09-11T11:08:34Z
parquet-site,Apache Parquet Site,HTML,17,55,2019-10-28T09:29:01Z,2026-09-04T13:06:42Z
parquet-testing,Apache Parquet Testing,Python,90,79,2018-08-14T17:31:31Z,2026-09-03T17:59:34Z
pdfbox,Mirror of Apache PDFBox,Java,3118,964,2009-09-26T08:00:19Z,2026-09-12T17:55:54Z
pdfbox-docs,Mirror of Apache PDFBox Docs,HTML,33,50,2014-11-04T08:00:08Z,2026-09-09T18:00:46Z
pdfbox-jbig2,Mirror of Apache PDFBox,Java,35,15,2017-10-16T07:00:09Z,2026-09-12T04:35:47Z
pdfbox-testfiles,Mirror of Apache PDFBox Testfiles,não informado,2,0,2017-11-13T08:00:09Z,2026-07-22T02:32:58Z
pekko,"Build highly concurrent, distributed, and resilient message-driven applications using Java/Scala",Scala,1635,211,2022-10-31T08:40:39Z,2026-09-11T21:04:15Z
pekko-connectors,"Apache Pekko Connectors is a Reactive Enterprise Integration library for Java and Scala, based on Reactive Streams and Apache Pekko.",Scala,82,50,2022-10-31T08:52:35Z,2026-09-11T21:06:12Z
pekko-connectors-kafka,"Apache Pekko Kafka Connector - Pekko-Connectors is a Reactive Enterprise Integration library for Java and Scala, based on Reactive Streams and Apache Pekko.",Scala,30,17,2022-10-31T08:53:01Z,2026-09-11T21:19:38Z
pekko-connectors-samples,Example projects building Reactive Integrations using Apache Pekko Connectors,Java,5,5,2023-03-12T10:21:17Z,2026-09-06T20:46:54Z
pekko-grpc,Apache Pekko gRPC,Scala,55,30,2022-10-31T08:45:17Z,2026-09-08T19:15:36Z
pekko-grpc-quickstart-java.g8,Apache Pekko gRPC Quickstart for Java,Java,3,3,2023-12-04T19:15:15Z,2026-09-06T20:46:18Z
pekko-grpc-quickstart-scala.g8,Apache Pekko gRPC Quickstart for Scala,Scala,4,4,2023-12-04T19:14:51Z,2026-08-31T08:11:43Z
pekko-http,The Streaming-first HTTP server/module of Apache Pekko,Scala,196,55,2022-10-31T08:43:27Z,2026-09-12T09:16:07Z
pekko-http-quickstart-java.g8,Apache Pekko HTTP Quickstart for Java,Java,2,3,2023-12-02T21:50:44Z,2026-09-12T08:06:28Z
pekko-http-quickstart-scala.g8,Apache Pekko HTTP Quickstart for Scala,Scala,3,3,2023-12-02T21:50:00Z,2026-08-29T23:34:19Z
pekko-management,Apache Pekko Management is a suite of tools for operating Pekko Clusters.,Scala,33,19,2022-10-31T08:46:17Z,2026-09-12T11:16:28Z
pekko-persistence-cassandra,A replicated Apache Pekko Persistence journal backed by Apache Cassandra,Scala,15,17,2022-10-31T08:47:39Z,2026-09-10T15:56:37Z
pekko-persistence-dynamodb,DynamoDBJournal for Apache Pekko Persistence,Scala,13,10,2022-10-31T08:48:25Z,2026-09-06T20:45:32Z
pekko-persistence-jdbc,Asynchronously writes journal and snapshot entries to configured JDBC databases so that Apache Pekko Actors can recover state,Scala,26,25,2022-10-31T08:49:00Z,2026-09-11T08:37:31Z
pekko-persistence-r2dbc,Asynchronously writes journal and snapshot entries to configured R2DBC databases so that Apache Pekko Actors can recover state,Scala,21,14,2022-10-31T08:49:44Z,2026-09-12T08:29:43Z
pekko-platform-guide,Examples how to implement Microservices using Apache Pekko,Java,3,9,2022-10-31T08:50:30Z,2026-09-06T20:46:06Z
pekko-projection,"Apache Pekko Projections is intended for building systems with the CQRS pattern, and facilitate in event-based service-to-service communication.",Scala,27,16,2022-10-31T08:50:52Z,2026-09-11T21:06:36Z
pekko-quickstart-java.g8,A minimal seed template for an Apache Pekko in Java,Java,7,3,2023-05-06T16:50:48Z,2026-09-12T11:16:57Z
pekko-quickstart-scala.g8,A minimal seed template for an Apache Pekko in Scala,Scala,15,4,2023-05-06T13:04:59Z,2026-09-06T20:46:31Z
pekko-samples,Apache Pekko Sample Projects,Scala,74,35,2022-10-31T08:51:29Z,2026-09-09T21:40:28Z
pekko-sbt-paradox,Theme and sbt-paradox settings used by Pekko projects,StringTemplate,6,11,2023-01-07T19:07:33Z,2026-09-06T20:43:57Z
pekko-site,Build the Home Page for Apache Pekko,HTML,58,15,2023-01-12T21:57:43Z,2026-08-24T09:45:36Z
perl-apache-test,Mirror of SVN perl/Apache-Test,Perl,1,0,2026-05-19T07:41:18Z,2026-07-22T06:09:33Z
petri,Apache Petri,HTML,4,3,2019-11-21T06:46:28Z,2026-07-22T02:48:07Z
phoenix,Apache Phoenix,Java,1058,1007,2014-06-04T07:00:08Z,2026-09-10T04:17:20Z
phoenix-adapters,Apache Phoenix Adapters,Java,121,14,2025-11-06T06:44:19Z,2026-08-13T18:20:42Z
phoenix-connectors,Apache Phoenix Connectors,Java,56,60,2018-12-18T01:41:28Z,2026-07-22T02:41:49Z
phoenix-omid,Mirror of Apache Omid Incubator,Java,93,62,2016-04-14T07:00:06Z,2026-07-22T02:16:48Z
phoenix-omid-site,Apache Omid Site (Incubating),HTML,1,1,2019-01-17T04:40:31Z,2026-07-22T02:42:29Z
phoenix-queryserver,Apache Phoenix Query Server,Python,53,67,2018-12-19T22:15:18Z,2026-09-02T13:09:13Z
phoenix-site,Apache phoenix,HTML,5,8,2025-12-10T09:51:37Z,2026-09-08T07:59:45Z
phoenix-tephra,Mirror of Apache Tephra (Incubating),Java,34,48,2016-06-02T07:00:07Z,2026-08-12T08:08:11Z
phoenix-thirdparty,Apache phoenix Third Party Libs,não informado,0,10,2020-07-23T14:41:54Z,2026-07-22T02:53:10Z
photark,Mirror of Apache Photark (incubating),HTML,12,5,2010-08-12T03:32:41Z,2026-07-24T19:31:19Z
photark-mobile,Mirror of Apache Photark - Mobile (Incubating),JavaScript,5,4,2012-03-22T07:00:39Z,2026-07-22T02:10:29Z
pig,Mirror of Apache Pig,Java,686,440,2009-05-21T01:10:43Z,2026-08-20T20:50:32Z
pinot,Apache Pinot - A realtime distributed OLAP datastore,Java,6135,1507,2014-05-19T23:27:48Z,2026-09-12T17:47:27Z
pinot-docs,Apache pinot docs,não informado,1,0,2020-03-25T17:20:19Z,2026-07-22T02:50:35Z
pinot-site,Apache Pinot Website,não informado,12,23,2018-10-22T23:19:26Z,2026-07-22T02:41:05Z
pivot,Mirror of Apache Pivot,Java,48,25,2011-08-18T07:00:12Z,2026-08-31T08:09:29Z
plc4x,PLC4X The Industrial IoT adapter,Java,1733,504,2017-12-20T08:00:09Z,2026-09-12T13:50:39Z
plc4x-build-tools,Apache plc4x Build Tools,Java,21,17,2019-06-24T15:40:22Z,2026-09-07T12:27:15Z
plc4x-extras,PLC4X The Industrial IoT adapter,Go,19,20,2024-03-24T09:55:37Z,2026-09-07T15:38:14Z
plc4x-website,Apache PLC4X generated Website,HTML,12,12,2018-11-23T09:29:27Z,2026-09-07T10:27:16Z
pluto,Mirror of Apache Pluto,não informado,4,6,2009-05-21T01:09:18Z,2026-07-22T02:01:31Z
poi,Mirror of Apache POI gitbox. The Java API for Microsoft Documents.,Java,2269,843,2009-05-21T01:15:15Z,2026-09-12T07:31:29Z
poi-site,Apache POI Website,não informado,1,0,2021-07-13T17:05:26Z,2026-08-25T06:07:55Z
poi-xmlbeans,Mirror of Apache XMLBeans gitbox.,Java,63,69,2009-08-06T08:06:50Z,2026-09-12T21:15:41Z
poi-xmlbeans-site,Apache XMLBeans Website,HTML,1,0,2021-07-13T17:34:39Z,2026-08-25T06:07:48Z
polaris,"Apache Polaris, the interoperable, open source catalog for Apache Iceberg",Java,2055,522,2024-05-29T18:44:27Z,2026-09-12T01:22:41Z
polaris-tools,"Apache Polaris Tools, additional tooling for Apache Polaris",TypeScript,33,46,2025-02-25T13:50:06Z,2026-09-10T14:02:19Z
polygene-java,Mirror of Apache Polygene java,Java,97,29,2015-03-28T07:00:06Z,2026-07-23T12:56:55Z
polygene-sandbox,Mirror of Apache Polygene sandbox,Java,2,2,2015-03-28T07:00:06Z,2023-01-28T08:57:21Z
polygene-website,Mirror of Apache Polygene Website,não informado,1,0,2016-12-31T08:00:07Z,2025-08-20T16:15:44Z
ponymail,Apache Pony Mail (Incubating) - Email for Ponies & People,JavaScript,80,32,2015-09-08T17:12:08Z,2026-09-10T08:46:35Z
ponymail-foal,Apache Pony Mail Foal (Next Generation Suite),Python,45,23,2020-08-12T12:15:40Z,2026-08-13T07:00:26Z
ponymail-site,Apache Pony Mail,HTML,15,6,2016-05-30T07:00:06Z,2026-08-08T04:10:45Z
ponymail-unit-tests,Apache Pony Mail Unit Tests,Python,0,0,2020-08-11T10:28:12Z,2026-08-04T18:18:05Z
portals-pluto,Mirror of Apache Pluto,Java,27,39,2014-05-23T07:00:07Z,2026-05-13T11:53:15Z
pouchdb,:kangaroo: - PouchDB is a pocket-sized database.,JavaScript,17606,1505,2010-06-10T18:34:24Z,2026-09-12T20:40:31Z
pouchdb-site,Apache pouchdb,HTML,1,1,2026-02-16T09:59:03Z,2026-07-22T06:09:53Z
predictionio,"PredictionIO, a machine learning server for developers and ML engineers.",Scala,12519,1895,2013-01-25T19:42:32Z,2026-09-11T17:00:34Z
predictionio-sdk-java,PredictionIO Java SDK,Java,109,53,2013-02-06T02:06:28Z,2026-03-19T08:10:35Z
predictionio-sdk-php,PredictionIO PHP SDK,PHP,265,53,2013-03-12T15:56:47Z,2026-03-14T21:03:16Z
predictionio-sdk-python,PredictionIO Python SDK,Python,196,78,2013-02-06T02:07:28Z,2026-04-07T13:49:13Z
predictionio-sdk-ruby,PredictionIO Ruby SDK,Ruby,191,37,2013-02-01T13:29:10Z,2025-07-27T10:09:23Z
predictionio-sdk-swift,PredictionIO iOS / OS X SDK,Swift,3,5,2015-08-07T13:38:14Z,2026-06-30T16:34:32Z
predictionio-site,Apache PredictionIO Site,HTML,3,2,2018-11-03T19:37:38Z,2024-06-06T04:13:06Z
predictionio-template-attribute-based-classifier,PredictionIO Classification Engine Template (Scala-based parallelized engine),Scala,40,57,2015-01-27T16:11:41Z,2026-06-16T01:13:36Z
predictionio-template-ecom-recommender,PredictionIO E-Commerce Recommendation Engine Template (Scala-based parallelized engine),Scala,76,52,2015-02-17T00:47:57Z,2026-05-22T03:38:08Z
predictionio-template-java-ecom-recommender,PredictionIO E-Commerce Recommendation Engine Template (Java-based parallelized engine),Java,40,39,2015-05-01T08:07:51Z,2026-06-16T11:12:40Z
predictionio-template-recommender,PredictionIO Recommendation Engine Template (Scala-based parallelized engine),Scala,81,72,2015-01-27T16:10:44Z,2026-04-12T09:48:23Z
predictionio-template-similar-product,PredictionIO Similar Product Engine Template (Scala-based parallelized engine),Scala,51,52,2015-01-27T16:11:20Z,2026-06-12T19:34:20Z
predictionio-template-skeleton,PredictionIO vanilla engine template (Scala-based parallelized engine),Scala,25,38,2015-01-27T16:10:13Z,2026-06-30T16:10:58Z
predictionio-template-text-classifier,Text Classification Engine,Scala,37,31,2015-05-06T22:11:46Z,2026-04-28T01:46:17Z
privacy-website,Web site for Apache Data Privacy,SCSS,10,17,2020-12-23T12:48:05Z,2026-07-22T02:55:24Z
publicaffairs-website,ASF Public Affairs Website,não informado,1,0,2023-07-24T07:02:27Z,2026-07-22T03:07:09Z
pulsar,Apache Pulsar - distributed pub-sub messaging system,Java,15329,3756,2016-06-28T07:00:03Z,2026-09-12T20:46:42Z
pulsar-adapters,Apache Pulsar Adapters,Java,24,30,2020-04-12T18:37:05Z,2026-07-22T02:51:10Z
pulsar-client-cpp,Apache Pulsar C++ client library,C++,71,90,2022-09-29T01:10:49Z,2026-09-01T17:43:54Z
pulsar-client-go,Apache Pulsar Go Client Library,Go,745,389,2019-05-06T22:08:46Z,2026-08-26T02:35:05Z
pulsar-client-node,Apache Pulsar NodeJS Client,C++,164,98,2019-03-01T12:35:51Z,2026-08-23T15:34:49Z
pulsar-client-python,Apache Pulsar Python client library,Python,75,53,2022-09-29T01:10:23Z,2026-07-22T03:03:23Z
pulsar-client-reactive,Reactive client for Apache Pulsar,Java,67,23,2022-09-07T17:29:14Z,2026-08-16T18:35:50Z
pulsar-client-ruby,Apache Pulsar Ruby client,não informado,7,14,2019-05-30T19:00:12Z,2026-07-22T02:44:59Z
pulsar-connectors,Apache Pulsar Connectors - source and sink connectors for Apache Pulsar,Java,26,25,2020-04-12T18:36:41Z,2026-08-21T22:03:51Z
pulsar-dotpulsar,The official .NET client library for Apache Pulsar,C#,271,87,2018-11-07T18:22:16Z,2026-09-09T10:38:20Z
pulsar-helm-chart,Official Apache Pulsar Helm Chart,Shell,240,260,2020-04-14T05:15:14Z,2026-09-07T14:52:38Z
pulsar-java-contrib,"Contributor repository for code samples, plugins and libraries in Java for Apache Pulsar",Java,17,9,2024-08-20T12:26:05Z,2026-07-22T03:10:54Z
pulsar-manager,Apache Pulsar Manager,Vue,539,239,2018-10-31T18:09:47Z,2026-09-03T07:55:19Z
pulsar-presto,"Pulsar Presto (outdated), go to https://github.com/apache/pulsar-sql instead",Java,18,4,2020-04-12T18:37:20Z,2024-10-22T16:18:59Z
pulsar-release,Apache Pulsar Release,Java,3,3,2020-11-12T07:51:32Z,2026-07-22T02:54:55Z
pulsar-site,Apache Pulsar Site,HTML,46,217,2021-11-17T23:14:02Z,2026-09-12T01:18:32Z
pulsar-sql,Pulsar SQL extracted from apache/pulsar,Java,5,2,2024-10-18T04:48:49Z,2026-07-22T03:11:27Z
pulsar-test-infra,Apache Pulsar CI Tooling,TypeScript,19,27,2020-02-04T19:43:28Z,2026-08-27T08:35:06Z
pulsar-translation,Pulsar documentation translation - https://crowdin.com/project/apache-pulsar,não informado,25,33,2019-07-21T07:01:50Z,2023-01-27T20:18:17Z
puppet-backuppc,,Puppet,0,0,2019-09-02T19:08:54Z,2026-07-22T02:46:51Z
puppet-datadog-agent,Puppet module to install the Datadog agent,Ruby,0,3,2018-05-15T18:05:03Z,2026-07-22T02:37:48Z
puppet-etherpad_lite,Puppet module for Etherpad Lite,Puppet,0,0,2019-07-23T13:17:06Z,2026-07-22T02:46:28Z
puppet-fail2ban,,Puppet,0,0,2019-02-18T11:41:12Z,2026-07-22T02:43:05Z
puppet-module-ssh,Puppet module to manage SSH,Ruby,0,1,2020-04-26T19:24:30Z,2026-07-22T02:51:25Z
puppet-postfix,Puppet Postfix module,HTML,1,3,2019-02-18T11:37:57Z,2026-07-22T02:43:03Z
qpid,Mirror of Apache Qpid,Java,136,86,2009-05-21T03:17:04Z,2026-06-23T08:11:56Z
qpid-broker-j,Mirror of Apache Qpid Broker-J,Java,71,69,2017-04-19T07:00:07Z,2026-09-09T13:33:56Z
qpid-cpp,Archive of Apache Qpid C++,não informado,98,71,2016-07-06T07:00:07Z,2026-07-31T01:34:28Z
qpid-dispatch,Archive of Apache Qpid Dispatch,não informado,72,86,2014-02-05T08:00:07Z,2026-04-25T16:06:10Z
qpid-interop-test,Mirror of Apache Qpid Interop Test,Python,3,7,2017-07-22T07:00:09Z,2026-08-14T14:46:55Z
qpid-jms,Mirror of Apache Qpid JMS,Java,81,158,2014-09-24T07:00:07Z,2026-08-07T16:41:14Z
qpid-jms-amqp-0-x,Archive of Apache Qpid JMS AMQP 0-x,não informado,12,5,2017-02-18T08:00:07Z,2026-04-25T16:06:11Z
qpid-proton,Mirror of Apache Qpid Proton,C++,248,228,2014-11-07T08:00:07Z,2026-08-21T22:34:25Z
qpid-proton-dotnet,Apache qpid,C#,15,5,2022-05-10T18:45:17Z,2026-08-16T22:16:29Z
qpid-proton-j,Mirror of Apache Qpid Proton-J,Java,38,58,2016-12-16T08:00:07Z,2026-09-01T19:14:54Z
qpid-protonj2,Mirror of Apache Qpid ProtonJ2,Java,23,15,2021-04-19T22:45:58Z,2026-09-10T15:18:35Z
qpid-python,Archive of Apache Qpid Python,não informado,14,15,2016-07-06T07:00:07Z,2026-04-25T16:06:10Z
qpid-site,Mirror of Apache Qpid Site,HTML,2,6,2017-07-19T07:00:08Z,2026-09-01T13:52:33Z
rai-site,Apache Responsible AI Website,HTML,1,5,2026-07-30T00:41:35Z,2026-08-21T00:52:15Z
rampart,Mirror of Apache Rampart,Java,2,12,2011-08-14T07:00:07Z,2026-07-22T02:10:45Z
ranger,"Apache Ranger - To enable, monitor and manage comprehensive data security across the Hadoop platform and beyond",Java,1076,1088,2014-07-27T07:00:08Z,2026-09-12T04:46:46Z
ranger-site,Apache ranger,HTML,2,2,2023-03-31T07:30:13Z,2026-07-22T03:06:02Z
ranger-tools,Utilities for docker base image development/testing and examples to use Apache Ranger,Shell,1,4,2025-06-18T14:09:27Z,2026-08-07T17:55:56Z
ratis,Open source Java implementation for Raft consensus protocol.,Java,1478,455,2017-01-31T08:00:07Z,2026-09-11T10:18:35Z
ratis-hadoop-projects,Open source Java implementation for Raft consensus protocol.,Java,1,5,2022-01-30T09:11:18Z,2026-07-22T03:00:44Z
ratis-thirdparty,Third-party dependencies for Apache Ratis,Shell,13,32,2018-09-18T21:51:27Z,2026-08-27T06:48:07Z
rave,Mirror of Apache Rave,Java,16,10,2014-03-19T07:00:06Z,2026-02-19T22:30:24Z
reef,Mirror of Apache REEF,Java,99,91,2014-10-23T07:00:10Z,2026-03-16T10:32:36Z
river-container,Mirror of Apache River,Java,7,5,2014-01-06T17:23:04Z,2026-07-03T09:04:25Z
river-ldj-tests,"Apache river JiniTM Technology Lookup, Discovery, and Join Compatibility Kit",não informado,1,0,2021-02-09T08:34:28Z,2023-01-28T02:50:54Z
river-site,Apache River Website,HTML,1,0,2021-05-31T18:39:57Z,2024-06-06T04:16:47Z
rocketmq,"Apache RocketMQ is a cloud native messaging and streaming platform, making it simple to build event-driven applications.",Java,22590,12004,2016-11-30T08:00:08Z,2026-09-11T19:48:02Z
rocketmq-a2a,Integrate Apache RocketMQ with A2A,Java,46,14,2025-11-21T07:37:58Z,2026-08-02T07:02:31Z
rocketmq-amqp,Apache rocketmq,não informado,1,0,2024-03-14T09:46:56Z,2026-07-22T03:09:29Z
rocketmq-apis,RocketMQ APIs - Protobuf definition for Apache RocketMQ,Starlark,32,26,2021-10-01T10:02:28Z,2026-08-20T06:35:09Z
rocketmq-awesome,"Apache RocketMQ is a cloud native messaging and streaming platform, making it simple to build event-driven applications.",não informado,7,2,2022-08-03T01:41:56Z,2026-08-18T06:25:55Z
rocketmq-client-cpp,Apache RocketMQ cpp client,C++,393,167,2018-10-11T02:36:54Z,2026-08-18T06:26:10Z
rocketmq-client-csharp,Apache rocketmq,C#,18,9,2022-02-11T11:55:21Z,2026-08-18T06:26:40Z
rocketmq-client-go,Apache RocketMQ go client,Go,1411,446,2018-10-11T02:38:19Z,2026-08-31T09:10:24Z
rocketmq-client-nodejs,Apache RocketMQ nodejs client,C++,193,36,2018-10-11T02:39:56Z,2026-08-21T03:30:16Z
rocketmq-client-python,Apache RocketMQ python client,Python,305,98,2018-10-11T02:37:36Z,2026-09-04T06:07:12Z
rocketmq-client-rust,Apache rocketmq,Rust,12,3,2022-02-18T07:12:52Z,2026-08-18T06:25:24Z
rocketmq-clients,RocketMQ Clients - Collection of Client Bindings for Apache RocketMQ,Java,505,313,2022-06-17T07:53:53Z,2026-09-12T13:45:09Z
rocketmq-cloudevents,Apache RocketMQ CloudEvents Client,Java,8,1,2021-10-29T02:06:20Z,2026-08-18T06:25:46Z
rocketmq-connect,A tool for scalable and reliably streaming data between Apache RocketMQ and other systems.,Java,141,120,2020-01-10T13:05:15Z,2026-08-18T06:25:40Z
rocketmq-dashboard,"The state-of-the-art Dashboard of Apache RoccketMQ provides excellent monitoring capability. Various graphs and statistics of events, performance and system information of clients and application is evidently made available to the user.",Java,1387,683,2021-08-09T11:30:56Z,2026-09-06T02:38:13Z
rocketmq-docker,Apache RocketMQ Docker,Shell,706,247,2019-06-03T05:59:50Z,2026-09-03T22:28:07Z
rocketmq-e2e,Apache rocketmq,Java,16,17,2022-05-10T11:38:19Z,2026-08-18T06:26:12Z
rocketmq-eventbridge,Apache rocketmq,Java,149,52,2022-02-09T03:14:00Z,2026-08-26T01:27:30Z
rocketmq-exporter,Apache RocketMQ Prometheus Exporter,Java,324,178,2019-06-03T06:03:24Z,2026-08-27T14:56:13Z
rocketmq-externals,Mirror of Apache RocketMQ (Incubating),Java,4594,3019,2017-03-14T07:00:06Z,2026-09-11T00:53:14Z
rocketmq-flink,RocketMQ integration for Apache Flink. This module includes the RocketMQ source and sink that allows a flink job to either write messages into a topic or read from topics in a flink job.,Java,174,104,2021-08-23T09:34:44Z,2026-09-03T13:32:44Z
rocketmq-mqtt,Apache rocketmq,Java,209,72,2022-01-26T03:59:30Z,2026-08-18T06:25:48Z
rocketmq-ons,Apache RocketMQ lite client,Java,26,11,2019-06-14T08:03:20Z,2026-08-18T06:26:41Z
rocketmq-ons-cpp,Apache RocketMQ lite cpp client,C++,11,5,2019-07-30T08:05:26Z,2026-08-18T06:26:57Z
rocketmq-operator,Apache RocketMQ Operator,Go,336,128,2019-06-03T06:01:27Z,2026-08-26T07:06:26Z
rocketmq-remoting,Apache RocketMQs  communication component,Java,3,4,2019-06-27T09:36:01Z,2026-08-18T06:25:42Z
rocketmq-schema-registry,Apache RocketMQ Schema Registry,Java,34,20,2022-07-08T07:39:44Z,2026-08-18T06:25:56Z
rocketmq-site,"Apache RocketMQ is a cloud native messaging and streaming platform, making it simple to build event-driven applications.",JavaScript,66,262,2016-12-21T08:00:06Z,2026-09-03T07:29:32Z
rocketmq-spring,Apache RocketMQ Spring Integration,Java,2269,943,2018-10-15T06:07:53Z,2026-09-10T14:48:21Z
rocketmq-streams,Apache rocketmq,Java,177,85,2021-07-11T11:23:39Z,2026-08-18T06:26:51Z
rocketmq-test-tool,Apache RocketMQ Test Tool,Shell,4,7,2023-02-22T07:24:29Z,2026-07-22T03:05:19Z
rocketmq-v6,Apache RocketMQ v6.0,não informado,1,0,2019-03-07T08:37:52Z,2026-08-18T06:26:13Z
roller,Mirror of Apache Roller,Java,133,163,2009-05-21T02:42:21Z,2026-09-11T21:34:07Z
roller-website,Mirror of Apache Roller Website,HTML,1,4,2016-09-04T07:00:06Z,2026-08-12T16:59:11Z
royale-asjs,Apache Royale ASJS,ActionScript,380,120,2013-05-16T07:00:17Z,2026-08-19T11:50:53Z
royale-compiler,Apache Royale Compiler,Java,113,54,2012-08-30T07:00:20Z,2026-08-17T10:22:58Z
royale-docs,Apache Royale Documentation,HTML,10,18,2017-10-03T20:16:11Z,2026-08-03T11:00:39Z
royale-ds,Apache Royale Data Services,não informado,0,0,2020-09-22T19:16:14Z,2026-07-22T02:54:29Z
royale-tourjs,Apache Royale 'Tour de JS',não informado,3,0,2017-01-13T08:00:06Z,2026-07-22T02:19:31Z
royale-typedefs,Apache Royale TypeDefs,ActionScript,9,6,2016-07-17T07:00:06Z,2026-08-14T15:27:36Z
royale-website,Apache Royale Website,JavaScript,8,4,2017-09-27T15:15:06Z,2026-07-22T02:23:14Z
rya,Mirror of Apache Rya,Java,115,71,2015-10-06T07:00:05Z,2026-07-22T02:15:12Z
rya-site,Apache Rya Website,SCSS,2,6,2016-10-27T07:00:06Z,2026-07-22T02:18:23Z
samza,Mirror of Apache Samza,Java,846,332,2015-03-14T07:00:05Z,2026-08-20T01:23:55Z
samza-beam-examples,Apache samza,Java,7,10,2019-01-04T00:20:18Z,2026-07-22T02:41:59Z
samza-hello-samza,Mirror of Apache Samza,Java,111,133,2014-03-13T07:00:06Z,2026-07-22T02:11:13Z
sandesha,Mirror of Apache Sandesha,Java,2,1,2011-08-13T07:01:15Z,2026-07-22T02:10:46Z
sanselan,Mirror of Apache Sanselan (incubating),Java,38,15,2009-05-21T01:48:24Z,2026-07-22T02:02:11Z
santuario-cpp,Mirror of Apache Santuario C++,C++,6,13,2011-07-22T07:00:13Z,2024-07-03T07:32:18Z
santuario-java,Mirror of Apache Santuario Java,Java,25,30,2011-07-23T07:00:31Z,2024-05-15T10:14:30Z
santuario-xml-security-java,Apache Santuario - XML Security for Java,Java,58,71,2020-05-14T07:46:45Z,2026-08-26T18:12:55Z
savan,Mirror of Apache Savan,Java,7,2,2011-08-15T18:14:20Z,2026-07-23T15:13:35Z
sdap-doms,Mirror of Apache sdap (Incubating),não informado,1,0,2017-10-27T07:00:09Z,2026-07-22T02:32:26Z
sdap-edge,Mirror of Apache sdap (Incubating),Python,5,7,2017-10-27T07:00:10Z,2026-07-22T02:32:28Z
sdap-in-situ-data-services,Software for in situ data analytics,Python,4,5,2021-10-20T06:52:56Z,2026-07-22T02:59:49Z
sdap-ingester,Software for ingesting data into SDAP NEXUS,Python,5,17,2020-06-03T22:01:32Z,2026-07-22T02:52:13Z
sdap-mudrod,Mirror of Apache sdap (Incubating),Java,12,13,2017-10-27T07:00:10Z,2026-07-22T02:32:30Z
sdap-nexus,Mirror of Apache sdap (Incubating),Python,26,36,2017-10-27T07:00:11Z,2026-08-04T05:35:39Z
sdap-nexusproto,Mirror of Google Protobuf definition of a SDAP NEXUS Tile with bindings to both Java and Python.,Python,2,8,2018-01-10T08:00:09Z,2026-07-22T02:35:42Z
sdap-ningester,Mirror of Java batch job used to ingest datasets into SDAP NEXUS,Java,3,4,2018-01-10T08:00:11Z,2026-07-22T02:35:45Z
sdap-ningesterpy,Mirror of Python module exposing an HTTP interface that can be used to transform SDAP NEXUS tiles during ingestion.,Python,1,6,2018-01-10T08:00:11Z,2026-07-22T02:35:46Z
sdap-website,Mirror of Apache sdap (Incubating),HTML,3,6,2017-10-27T07:00:11Z,2026-07-22T02:32:34Z
seatunnel,"SeaTunnel is a multimodal, high-performance, distributed, massive data integration tool.",Java,9641,2403,2017-08-05T09:14:47Z,2026-09-12T15:55:34Z
seatunnel-datasource-sdk,"SeaTunnel is a distributed, high-performance data integration platform for the synchronization and transformation of massive data (offline & real-time).",Java,5,4,2022-12-19T02:32:12Z,2026-07-22T03:04:39Z
seatunnel-shade,"SeaTunnel is a next-generation super high-performance, distributed, massive data integration tool.",Java,2,7,2023-01-04T08:32:42Z,2026-08-11T04:33:59Z
seatunnel-tools,"SeaTunnel is a multimodal, high-performance, distributed, massive data integration tool.",Java,42,9,2025-08-14T07:03:49Z,2026-09-03T06:28:14Z
seatunnel-web,"SeaTunnel is a distributed, high-performance data integration platform for the synchronization and transformation of massive data (offline & real-time).",Java,878,368,2022-09-26T02:58:17Z,2026-09-08T07:25:45Z
seatunnel-website,Apache SeaTunnel documents,MDX,73,230,2021-12-13T04:46:32Z,2026-09-11T06:42:50Z
security-dash,Apache security,JavaScript,0,4,2026-08-12T16:08:49Z,2026-09-10T14:58:09Z
security-site,Website sources for the Apache Security website,CSS,14,16,2022-02-14T12:13:54Z,2026-09-12T11:30:03Z
security-vulnogram,Vulnogram is a tool for creating and editing CVE information in CVE JSON format,JavaScript,8,6,2019-08-06T17:45:56Z,2026-09-10T15:56:58Z
sedona,A cluster computing framework for processing large-scale geospatial data,Java,2405,784,2015-04-24T18:01:29Z,2026-09-12T14:45:35Z
sedona-db,A single-node analytical database engine with geospatial as a first-class citizen,Rust,502,61,2025-08-25T00:08:50Z,2026-09-11T19:07:12Z
sedona-spatialbench,A benchmark for assessing geospatial SQL analytics query performance across database systems,Rust,47,23,2025-08-25T00:05:34Z,2026-09-07T22:14:29Z
sedona-testing,Apache sedona,Python,8,3,2025-06-04T00:07:17Z,2026-07-24T17:58:07Z
sedona-website,Apache Sedona Website,não informado,5,2,2020-09-02T07:37:28Z,2026-07-22T02:54:17Z
sentry,Mirror of Apache Sentry,Java,121,90,2016-03-26T07:00:07Z,2026-03-23T13:56:03Z
serf,Mirror of Apache Serf,C,30,9,2016-10-14T07:00:06Z,2026-07-22T02:18:13Z
servicecomb-docs,Apache servicecomb user documents,Python,452,82,2018-05-21T07:25:36Z,2026-07-22T02:37:56Z
servicecomb-fence,Apache servicecomb security module for java-chassis,JavaScript,423,22,2019-05-23T07:42:41Z,2026-08-29T11:18:29Z
servicecomb-java-chassis,"ServiceComb Java Chassis is a Software Development Kit (SDK) for rapid development of microservices in Java, providing service registration, service discovery, dynamic routing, and service management features",Java,1943,815,2017-05-18T09:29:30Z,2026-09-12T06:44:05Z
servicecomb-kie,Apache ServiceComb MetaConfig,Go,545,70,2019-04-29T02:19:15Z,2026-07-22T02:44:27Z
servicecomb-mesher,A high performance service mesh implementation written in go,Go,688,69,2018-08-29T09:24:08Z,2026-08-06T16:53:18Z
servicecomb-pack,Apache ServiceComb Pack is an eventually data consistency solution for micro-service applications. ServiceComb Pack currently provides TCC and Saga distributed transaction co-ordination solutions by using Alpha as a transaction coordinator and Omega as an transaction agent .,Java,1912,427,2017-07-18T08:27:38Z,2026-08-13T07:25:02Z
servicecomb-saga-actuator,Apache ServiceComb Saga Actuator,Java,481,39,2018-12-10T08:00:10Z,2026-03-23T20:01:15Z
servicecomb-samples,Apache servicecomb,Java,505,147,2019-02-21T13:02:49Z,2026-07-22T02:43:09Z
servicecomb-service-center,A standalone service center to allow services to register their instance information and to discover providers of a given service,Go,1346,341,2017-05-18T09:53:58Z,2026-09-05T09:06:01Z
servicecomb-toolkit,Apache servicecomb,Java,440,35,2019-06-21T06:54:48Z,2026-09-05T04:42:14Z
servicecomb-website,Apache ServiceComb,HTML,489,86,2017-12-05T08:00:11Z,2026-07-22T02:33:22Z
servicemix,Apache ServiceMix,Java,170,152,2014-03-28T07:00:07Z,2026-07-30T17:22:30Z
servicemix-archetypes,Mirror of Apache Servicemix archetypes,Java,8,5,2009-06-12T08:00:47Z,2026-07-22T02:11:46Z
servicemix-bundles,Mirror of Apache ServiceMix Bundles,Java,62,105,2015-03-10T19:06:30Z,2026-07-30T17:22:31Z
servicemix-components,Mirror of Apache ServiceMix components,Java,13,11,2010-12-14T08:00:08Z,2026-07-22T02:11:05Z
servicemix-documentation,Mirror of Apache ServiceMix Documentation,JavaScript,16,7,2010-10-19T07:00:23Z,2026-07-22T02:11:09Z
servicemix-features,Mirror of Apache Servicemix-Features,não informado,1,1,2017-02-03T08:00:08Z,2026-07-30T17:22:30Z
servicemix-maven-plugins,Mirror of Apache Servicemix Maven plug-ins,Java,9,15,2009-06-12T08:05:21Z,2026-07-30T17:22:32Z
servicemix-pom,Mirror of Apache Servicemix POM,não informado,3,2,2009-06-12T08:00:26Z,2026-07-22T02:11:48Z
servicemix-specs,Mirror of Apache ServiceMix Specs,Java,1,23,2015-03-10T19:06:30Z,2026-07-30T17:22:29Z
servicemix-utils,Mirror of Apache Servicemix utils,Java,15,10,2009-06-12T08:05:14Z,2026-07-22T02:11:40Z
servicemix-website,Mirror of Apache ServiceMix website,CSS,7,8,2011-07-01T07:00:48Z,2026-07-22T02:10:50Z
servicemix3,Mirror of Apache Servicemix 3,Java,6,3,2009-06-12T08:04:00Z,2026-07-24T06:05:32Z
servicemix4-bundles,Mirror of Apache Servicemix 4 bundles,Java,18,17,2009-06-12T08:01:13Z,2026-07-22T02:11:44Z
servicemix4-features,Mirror of Apache Servicemix 4 features,Java,16,5,2009-06-12T08:03:43Z,2026-07-22T02:11:42Z
servicemix4-kernel,Mirror of Apache Servicemix 4 kernel,Java,4,3,2009-06-12T08:03:25Z,2026-07-22T02:11:43Z
servicemix4-legal,Mirror of Apache Servicemix 4 legal,não informado,3,2,2009-06-12T08:01:09Z,2026-07-22T02:11:45Z
servicemix4-nmr,Mirror of Apache Servicemix 4 NMR,Java,5,3,2009-06-12T08:00:36Z,2026-07-22T02:11:47Z
servicemix4-specs,Mirror of Apache Servicemix 4 specs,Java,10,4,2009-06-12T08:05:23Z,2026-07-22T02:11:39Z
servicemix5,Mirror of Apache ServiceMix 5,CSS,11,6,2011-06-30T07:00:12Z,2026-07-22T02:10:51Z
shardingsphere,"Empowering Data Intelligence with Distributed SQL for Sharding, Scalability, and Security Across All Databases.",Java,20799,6901,2016-01-18T12:49:26Z,2026-09-12T18:50:11Z
shardingsphere-acceptance-test,Apache ShardingSphere,Java,5,2,2019-12-05T09:53:58Z,2026-03-10T08:59:04Z
shardingsphere-benchmark,Distributed database middleware,Java,27,17,2019-08-30T04:38:04Z,2026-07-22T02:46:47Z
shardingsphere-doc,Sharding-Sphere website & documents,HTML,174,196,2017-09-19T11:12:01Z,2026-09-10T07:47:10Z
shardingsphere-elasticjob,Distributed scheduled job,Java,8209,3246,2015-09-11T11:28:52Z,2026-09-11T01:49:38Z
shardingsphere-elasticjob-cloud,,Java,242,144,2017-12-18T09:12:10Z,2026-06-14T06:02:49Z
shardingsphere-elasticjob-doc,,HTML,59,62,2017-10-27T09:05:21Z,2024-06-06T04:14:51Z
shardingsphere-elasticjob-example,Elastic-Job example,Java,200,176,2017-10-27T08:34:50Z,2026-09-01T04:11:24Z
shardingsphere-elasticjob-ui,Administrator console of ElasticJob,Java,169,100,2020-07-15T07:42:35Z,2026-07-22T02:53:05Z
shardingsphere-example,Sharding-Sphere examples,Java,979,726,2017-09-19T10:30:33Z,2026-08-28T01:41:53Z
shardingsphere-externals,Distributed database middleware,não informado,2,4,2020-08-27T10:53:41Z,2026-07-22T02:53:59Z
shardingsphere-on-cloud,A collection of tools and best practices to take ShardingSphere into the cloud,Go,88,33,2022-03-14T07:04:21Z,2026-07-22T03:01:20Z
shardingsphere-plugin,Provides plugins for ShardingSphere pluggable architecture.,Java,39,23,2023-09-08T03:42:50Z,2026-07-22T03:07:34Z
shardingsphere-ui,Distributed database middleware,Java,54,41,2020-06-19T05:40:03Z,2025-09-25T14:51:59Z
shenyu,"Apache ShenYu is a Java native API Gateway for service proxy, protocol conversion and API governance.",Java,8834,3072,2018-07-11T08:17:45Z,2026-09-12T14:24:53Z
shenyu-client-dotnet,Apache ShenYu Client SDK for donet.,C#,12,9,2022-04-18T06:52:51Z,2026-07-22T03:01:41Z
shenyu-client-golang,Apache ShenYu Client SDK for golang.,Go,18,13,2022-04-18T06:54:46Z,2026-07-22T03:01:42Z
shenyu-client-java,"Apache ShenYu is a Java native API Gateway for service proxy, protocol conversion and API governance.",Java,7,7,2025-02-10T07:18:08Z,2026-09-11T10:44:30Z
shenyu-client-python,Apache ShenYu Client SDK for python.,Python,14,12,2022-02-09T06:47:52Z,2026-07-22T03:00:57Z
shenyu-client-rust,Apache shenyu,Rust,14,5,2024-09-30T07:27:05Z,2026-07-22T03:11:13Z
shenyu-dashboard,Apache ShenYu Dashboard,JavaScript,201,246,2018-07-22T14:40:54Z,2026-08-20T07:49:26Z
shenyu-helm-chart,Helm Chart for deploying Apache ShenYu in Kubernetes,Smarty,18,11,2022-03-21T04:03:34Z,2026-07-22T03:01:27Z
shenyu-nginx,Apache ShenYu Nginx.,Lua,33,17,2021-11-23T11:41:33Z,2026-07-22T03:00:13Z
shenyu-plugin-sore,Apache shenyu,não informado,1,0,2026-03-30T10:24:41Z,2026-07-22T06:09:47Z
shenyu-plugin-store,Apache shenyu,Java,3,2,2026-03-30T10:32:09Z,2026-07-22T06:09:46Z
shenyu-shenyu-plugin-store,Apache shenyu,não informado,2,0,2026-03-30T10:24:05Z,2026-07-23T19:23:27Z
shenyu-wasm,Apache ShenYu WASM SDK for java.,Java,6,5,2023-07-17T08:28:38Z,2026-09-03T13:14:58Z
shenyu-watcher,Apache ShenYu release check.,Python,11,3,2022-09-09T08:36:11Z,2026-07-22T03:03:10Z
shenyu-website,Apache ShenYu website.,TypeScript,82,238,2021-05-06T06:55:11Z,2026-09-11T03:43:53Z
shindig,Mirror of Apache Shindig (incubating),Java,66,66,2009-05-21T08:41:05Z,2026-05-13T11:12:04Z
shiro,"Apache Shiro is a powerful and easy-to-use Java security framework that performs authentication, authorization, cryptography, and session management",Java,4461,2292,2009-08-29T08:00:17Z,2026-09-12T17:15:40Z
shiro-site,Apache Shiro Website,HTML,24,193,2016-07-19T07:00:09Z,2026-09-08T17:38:40Z
singa,a distributed deep learning platform,C++,3607,1265,2015-04-02T07:00:05Z,2026-09-06T07:21:01Z
singa-doc,Apache singa,JavaScript,9,20,2019-12-17T05:30:24Z,2026-07-22T02:48:31Z
singa-site,Apache singa site,HTML,4,6,2019-07-10T20:13:45Z,2026-07-22T02:46:06Z
sirona,Mirror of Apache Sirona (Incubating),JavaScript,110,42,2013-10-24T07:00:14Z,2026-07-22T02:10:00Z
sis,Java language library for developing geospatial applications following OGC/ISO standards.,Java,126,52,2013-06-11T07:00:15Z,2026-09-12T13:53:39Z
sis-site,Website sources for the Apache SIS website,HTML,9,6,2021-04-25T08:26:27Z,2026-08-25T23:28:40Z
skywalking,"APM, Application Performance Monitoring System",Java,24948,6635,2015-11-07T03:30:36Z,2026-09-12T11:16:37Z
skywalking-agent-test-tool,"The integration test tool for Apache SkyWalking, including Mock OAP server and trace validator.",Java,36,35,2020-02-28T02:18:33Z,2026-08-01T14:31:54Z
skywalking-ai-sessionizer,Apache SkyWalking AI Sessionizer - conversation-level observability for long-lived AI agents,Go,4,0,2026-09-03T01:29:59Z,2026-09-11T23:52:00Z
skywalking-banyandb,"An observability database aims to ingest, analyze and store Metrics, Tracing and Logging data.",Go,350,118,2021-03-26T02:26:42Z,2026-09-12T04:34:36Z
skywalking-banyandb-client-proto,BanyanDB public client Protocol Buffer and gRPC definitions,Python,5,1,2025-12-08T08:21:10Z,2026-07-22T06:10:21Z
skywalking-banyandb-helm,BanyanDB Helm Chart repository provides ways to install and configure BanyanDB running in a cluster natively on Kubernetes.,Go Template,11,3,2023-08-11T07:59:30Z,2026-09-08T04:06:52Z
skywalking-banyandb-java-client,The client implementation for SkyWalking BanyanDB in Java,Java,22,12,2021-08-31T03:18:08Z,2026-09-02T12:42:49Z
skywalking-booster-ui,Apache SkyWalking 3rd generation UI,Vue,206,155,2021-12-05T13:54:04Z,2026-07-22T03:00:19Z
skywalking-cli,Apache SkyWalking CLI,Go,98,47,2019-11-01T06:57:28Z,2026-09-05T03:12:09Z
skywalking-client-js,Client-side JavaScript exception and tracing library for Apache SkyWalking APM.,TypeScript,267,82,2019-12-06T08:59:04Z,2026-07-22T02:48:21Z
skywalking-data-collect-protocol,Data Collect Protocols of Apache SkyWalking,Starlark,117,111,2018-02-23T02:52:44Z,2026-07-22T02:36:26Z
skywalking-docker,SkyWalking Docker file archive for all official releases,Dockerfile,265,140,2018-10-25T03:39:52Z,2026-02-12T16:31:46Z
skywalking-eyes,A full-featured license tool to check and fix license headers and resolve dependencies' licenses.,Go,314,71,2020-12-21T04:38:31Z,2026-09-01T14:47:32Z
skywalking-go,"The Golang auto-instrument Agent for Apache SkyWalking, which provides the native tracing/metrics/logging abilities for Golang projects.",Go,361,118,2023-04-11T03:32:47Z,2026-09-03T08:31:27Z
skywalking-goapi,Apache SkyWalking API in Golang.,Shell,48,28,2021-03-25T07:44:54Z,2026-09-05T02:18:08Z
skywalking-graalvm-distro,GraalVM native-image distribution of Apache SkyWalking OAP server,Java,13,1,2023-11-09T02:38:40Z,2026-09-11T03:49:26Z
skywalking-grafana-plugins,SkyWalking Grafana Plugins provide extensions for Apache SkyWalking to visualize telemetry data on Grafana.,TypeScript,31,7,2023-04-11T08:44:26Z,2026-07-22T03:06:05Z
skywalking-helm,Apache SkyWalking Kubernetes Deployment Helm Chart,Shell,550,206,2018-10-25T03:41:03Z,2026-09-11T10:40:03Z
skywalking-horizon-ui,Apache SkyWalking next-generation UI (Horizon),TypeScript,16,8,2026-05-12T00:19:19Z,2026-09-12T00:43:04Z
skywalking-infra-e2e,Apache SkyWalking Infra E2E,Go,54,33,2020-12-27T13:45:18Z,2026-07-22T02:55:26Z
skywalking-java,The Java agent for Apache SkyWalking,Java,925,690,2021-08-26T13:08:54Z,2026-09-10T11:23:10Z
skywalking-kong,Kong agent for Apache SkyWalking,Java,34,12,2021-04-16T11:36:37Z,2026-08-12T08:11:15Z
skywalking-kubernetes-event-exporter,Export Kubernetes events to Apache SkyWalking OAP.,Go,39,12,2021-03-27T02:57:44Z,2026-07-22T02:56:36Z
skywalking-mcp,Apache SkyWalking MCP Server,Go,36,13,2025-05-11T12:51:01Z,2026-09-12T06:31:00Z
skywalking-nginx-lua,The Nginx Lua agent for Apache SkyWalking,Lua,199,68,2020-02-19T12:55:53Z,2026-07-22T02:49:29Z
skywalking-nodejs,The NodeJS agent for Apache SkyWalking,TypeScript,179,69,2020-06-25T03:42:13Z,2026-08-17T00:11:08Z
skywalking-oal-tool,Apache skywalking,Java,9,2,2018-07-13T17:25:46Z,2023-01-28T06:35:35Z
skywalking-php,Apache SkyWalking PHP Agent,Rust,180,23,2022-08-31T00:26:13Z,2026-07-22T03:03:06Z
skywalking-python,The Python agent for Apache SkyWalking,Python,219,113,2020-05-05T12:13:49Z,2026-08-31T15:07:29Z
skywalking-query-protocol,Query Protocol for Apache SkyWalking in GraphQL format,não informado,72,70,2018-09-03T08:09:40Z,2026-09-10T07:11:16Z
skywalking-rocketbot-ui,SkyWalking RocketBot UI,Vue,780,344,2018-10-16T13:59:29Z,2026-09-07T14:50:16Z
skywalking-rover,"Monitor and profiler powered by eBPF to monitor network traffic, and diagnose CPU and network performance.",Go,237,49,2022-02-18T01:34:32Z,2026-08-28T08:11:31Z
skywalking-ruby,The Ruby agent for Apache SkyWalking,Ruby,5,1,2024-12-21T08:50:36Z,2026-07-22T03:12:34Z
skywalking-rust,Apache SkyWalking Rust Agent,Rust,82,21,2020-02-28T06:01:19Z,2026-07-22T02:49:49Z
skywalking-satellite,The Sidecar Project of Apache SkyWalking,Go,115,56,2020-10-31T09:52:07Z,2026-09-09T02:28:06Z
skywalking-showcase,Showcase Application to demonstrate features of Apache SkyWalking,Makefile,135,80,2021-09-15T08:02:49Z,2026-09-09T01:50:06Z
skywalking-swck,Apache SkyWalking Cloud on Kubernetes,Go,145,57,2020-02-19T12:53:10Z,2026-09-09T02:28:56Z
skywalking-terraform,Terraform modules and Ansible playbook for Apache SkyWalking,HCL,12,5,2023-04-23T05:59:01Z,2026-07-22T03:06:13Z
skywalking-ui,[ARCHIVED] The web UI for skywalking APM,JavaScript,272,160,2017-03-02T03:57:15Z,2026-09-08T09:35:05Z
skywalking-website,Apache SkyWalking Website,HTML,106,150,2018-01-13T01:05:48Z,2026-09-12T09:53:35Z
sling,Apache Sling Aggregator,Groovy,12,12,2017-10-24T12:16:11Z,2026-07-22T02:32:22Z
sling-adapter-annotations,Apache Sling Adapter Annotations,Java,2,5,2017-10-18T16:43:52Z,2026-07-22T02:31:20Z
sling-apache-sling-jar-resource-bundle,Apache Sling JAR Resource Bundle,não informado,0,1,2017-10-18T16:44:00Z,2026-07-22T02:31:22Z
sling-archetype-parent,Apache Sling Archetype Parent (deprecated),não informado,1,0,2017-10-18T16:44:48Z,2026-07-22T02:31:34Z
sling-bundle-archetype,Apache Sling Bundle Archetype (deprecated),não informado,1,0,2017-10-18T16:44:16Z,2026-07-22T02:31:26Z
sling-content-package-archetype,Apache Sling Content Package Archetype (deprecated),não informado,1,0,2020-05-18T10:23:06Z,2026-07-22T02:52:01Z
sling-feature-converter-maven-plugin,Apache Sling Feature Converter Maven Plugin,Java,0,1,2019-08-16T09:34:02Z,2026-07-22T02:46:41Z
sling-feature-launcher-maven-plugin,Apache Sling Feature Launcher Maven Plugin,Java,0,1,2020-06-29T14:49:28Z,2026-07-22T02:52:49Z
sling-htl-maven-plugin,Apache Sling HTL Maven Plugin,Java,1,5,2017-10-18T16:45:20Z,2026-07-22T02:31:42Z
sling-ide-tooling,Apache Sling IDE Tools,Java,2,6,2017-10-18T16:46:39Z,2026-07-22T02:32:02Z
sling-initial-content-archetype,Apache Sling Initial Content Archetype (deprecated),não informado,1,0,2017-10-18T16:44:25Z,2026-07-22T02:31:28Z
sling-jcrinstall-bundle-archetype,Apache Sling JCRInstall Bundle Archetype (deprecated),não informado,0,0,2017-10-18T16:44:08Z,2026-07-22T02:31:24Z
sling-jspc-maven-plugin,Apache Sling Maven JSP Compiler Plugin,Java,1,5,2017-10-18T16:45:36Z,2026-07-22T02:31:46Z
sling-kickstart-maven-plugin,Apache Sling Kickstart Maven Plugin,Java,0,0,2020-02-13T10:40:25Z,2026-07-22T02:49:25Z
sling-launchpad-debian,Apache Sling Launchpad Debian Package Builder,Shell,0,0,2017-10-18T16:35:16Z,2026-07-22T02:29:08Z
sling-launchpad-standalone-archetype,Apache Sling Launchpad Standalone Archetype (deprecated),não informado,0,0,2017-10-18T16:44:33Z,2026-07-22T02:31:30Z
sling-launchpad-webapp-archetype,Apache Sling Launchpad Webapp Archetype (deprecated),não informado,0,0,2017-10-18T16:44:41Z,2026-07-22T02:31:32Z
sling-maven-enforcer-rules,Apache Sling Maven Enforcer Rules,Java,0,0,2022-06-03T08:02:08Z,2026-07-22T03:02:07Z
sling-maven-jcrocm-plugin,Apache Sling Maven JCROCM Plugin (deprecated),não informado,0,3,2017-10-18T16:45:28Z,2026-07-22T02:31:44Z
sling-maven-launchpad-plugin,Apache Sling Maven Launchpad Plugin,Java,1,2,2017-10-18T16:45:44Z,2026-07-22T02:31:48Z
sling-maven-plugin,Apache Sling Maven Plugin,Java,4,3,2017-10-18T16:45:52Z,2026-07-22T02:31:50Z
sling-old-svn-mirror,Mirror of Apache Sling,não informado,215,245,2009-03-27T15:41:54Z,2026-07-22T02:00:45Z
sling-org-apache-sling-adapter,Apache Sling Adapter Manager Implementation,Java,2,3,2017-10-18T16:17:25Z,2026-07-22T02:24:26Z
sling-org-apache-sling-adapter-annotations,Apache Sling Adapter Annotations,Java,3,4,2020-10-06T15:55:45Z,2026-07-22T02:54:36Z
sling-org-apache-sling-adapter-annotations-it,Apache Sling Adapter Annotations Integration Tests (deprecated),não informado,0,2,2020-10-06T15:56:23Z,2026-07-22T02:54:37Z
sling-org-apache-sling-api,Apache Sling API,Java,16,25,2017-10-18T16:13:19Z,2026-07-22T02:23:44Z
sling-org-apache-sling-app-cms,Apache Sling - CMS Reference App,Java,74,49,2018-06-25T16:46:31Z,2026-07-22T02:38:34Z
sling-org-apache-sling-auth-core,Apache Sling Authentication Service,Java,3,20,2017-10-18T16:14:39Z,2026-07-22T02:23:46Z
sling-org-apache-sling-auth-form,Apache Sling Form Based Authentication Handler,Java,5,7,2017-10-18T16:14:48Z,2026-07-22T02:23:48Z
sling-org-apache-sling-auth-oauth-client,Apache Sling OAuth client,Java,1,4,2024-12-05T14:17:10Z,2026-08-27T12:05:24Z
sling-org-apache-sling-auth-saml2,An OSGi bundle that provides a SAML2 Web Profile Service Provider Authentication for Apache Sling,Java,3,4,2021-04-16T08:51:54Z,2026-07-22T02:56:57Z
sling-org-apache-sling-auth-xing-api,Apache Sling Authentication XING API,Java,2,2,2017-10-18T16:27:42Z,2026-07-22T02:27:22Z
sling-org-apache-sling-auth-xing-login,Apache Sling Authentication XING Login,Java,1,2,2017-10-18T16:27:50Z,2026-07-22T02:27:24Z
sling-org-apache-sling-auth-xing-oauth,Apache Sling Authentication XING OAuth,Java,0,1,2017-10-18T16:27:59Z,2026-07-22T02:27:26Z
sling-org-apache-sling-bnd-models,Apache Sling Models bnd Plugin,Java,3,0,2017-10-18T16:43:44Z,2026-07-22T02:31:18Z
sling-org-apache-sling-bnd-plugin-headers-parameters-remove,Apache Sling bnd Remove Parameters from OSGi Headers Plugin,Java,0,0,2019-09-11T08:00:21Z,2026-07-22T02:46:59Z
sling-org-apache-sling-bnd-plugins,[Archived] Apache Sling bnd Plugins,Java,1,0,2019-01-21T19:50:40Z,2023-01-28T17:01:21Z
sling-org-apache-sling-bundleresource-impl,Apache Sling Bundle Resource Provider,Java,1,2,2017-10-18T16:17:34Z,2026-07-22T02:24:28Z
sling-org-apache-sling-caconfig-api,Apache Sling Context-Aware Configuration API,Java,2,3,2017-10-18T16:17:38Z,2026-07-22T02:24:30Z
sling-org-apache-sling-caconfig-bnd-plugin,Apache Sling Context-Aware Configuration bnd Plugin,Java,1,1,2017-10-18T16:43:35Z,2026-07-22T02:31:16Z
sling-org-apache-sling-caconfig-impl,Apache Sling Context-Aware Configuration Implementation,Java,0,5,2017-10-18T16:17:46Z,2026-07-22T02:24:32Z
sling-org-apache-sling-caconfig-integration-tests,Apache Sling Context-Aware Configuration Integration Tests (deprecated),não informado,0,0,2017-10-18T16:17:50Z,2026-07-22T02:24:34Z
sling-org-apache-sling-caconfig-spi,Apache Sling Context-Aware Configuration SPI,Java,0,1,2017-10-18T16:17:58Z,2026-07-30T16:19:54Z
sling-org-apache-sling-capabilities,Apache Sling Capabilities,Java,0,0,2018-06-21T12:14:54Z,2026-07-22T02:38:32Z
sling-org-apache-sling-capabilities-jcr,Apache Sling JCR Capabilities,Java,0,0,2018-10-18T12:43:55Z,2026-07-22T02:41:03Z
sling-org-apache-sling-cassandra,Apache Sling Cassandra Resource Provider (deprecated),não informado,1,0,2017-10-18T16:30:21Z,2026-07-22T02:27:58Z
sling-org-apache-sling-clam,Apache Sling Clam,Java,1,0,2018-09-01T10:00:03Z,2026-07-22T02:40:07Z
sling-org-apache-sling-committer-cli,Apache Sling Commiter CLI,Java,0,0,2019-04-16T14:50:24Z,2026-08-25T20:25:12Z
sling-org-apache-sling-commons-cache-api,Apache Sling Commons Cache API (deprecated),não informado,0,1,2017-10-18T16:29:38Z,2026-07-22T02:27:49Z
sling-org-apache-sling-commons-cache-container-test,Apache Sling OSGi PAX Exam support library (deprecated),não informado,0,1,2017-10-18T16:29:46Z,2026-07-22T02:27:50Z
sling-org-apache-sling-commons-cache-ehcache,Apache Sling Cache API EhCache implementation (deprecated),não informado,0,1,2017-10-18T16:29:54Z,2026-07-22T02:27:52Z
sling-org-apache-sling-commons-cache-impl,Apache Sling Cache API Implementation support library,não informado,1,1,2017-10-18T16:30:02Z,2026-07-22T02:27:54Z
sling-org-apache-sling-commons-cache-portal,Apache Sling Cache Portal Cache (deprecated),não informado,0,0,2017-10-18T16:30:12Z,2026-07-22T02:27:56Z
sling-org-apache-sling-commons-clam,Apache Sling Commons Clam,Java,1,0,2018-06-01T21:05:27Z,2026-07-22T02:38:10Z
sling-org-apache-sling-commons-classloader,Apache Sling Dynamic Class Loader Support,Java,3,0,2017-10-18T16:15:04Z,2026-07-22T02:23:50Z
sling-org-apache-sling-commons-compiler,Apache Sling Commons Java Compiler,Java,0,1,2017-10-18T16:15:13Z,2026-07-22T02:23:52Z
sling-org-apache-sling-commons-content-analyzing,Apache Sling Commons Content Analyzing,Java,0,0,2020-08-15T15:00:43Z,2026-07-22T02:53:34Z
sling-org-apache-sling-commons-content-processing,Apache Sling Commons Content Processing,Java,0,0,2020-08-15T15:01:28Z,2026-07-22T02:53:36Z
sling-org-apache-sling-commons-contentdetection,Apache Sling Content Detection Support,Java,0,2,2017-10-18T16:15:33Z,2026-07-22T02:23:54Z
sling-org-apache-sling-commons-crypto,Apache Sling Commons Crypto,Java,0,1,2019-12-05T19:36:41Z,2026-08-19T07:49:54Z
sling-org-apache-sling-commons-fsclassloader,Apache Sling Commons FileSystem ClassLoader,Java,1,4,2017-10-18T16:15:42Z,2026-07-22T02:23:56Z
sling-org-apache-sling-commons-html,Apache Sling Commons HTML Utilities,Java,0,1,2017-10-18T16:28:12Z,2026-07-22T02:27:28Z
sling-org-apache-sling-commons-jcr-file,Apache Sling Commons JCR File,Java,1,0,2018-08-22T21:02:49Z,2026-07-22T02:39:55Z
sling-org-apache-sling-commons-johnzon,Apache Sling Commons Johnzon Wrapper Library,Java,0,3,2017-10-18T16:15:45Z,2026-07-22T02:23:58Z
sling-org-apache-sling-commons-json,Apache Sling Commons JSON (deprecated),não informado,0,1,2024-03-08T08:44:44Z,2026-07-22T03:09:26Z
sling-org-apache-sling-commons-log,Apache Sling Commons Log,Java,2,10,2017-10-18T16:15:50Z,2026-07-22T02:24:00Z
sling-org-apache-sling-commons-log-webconsole,Apache Sling Log WebConsole,Java,2,2,2017-10-18T16:16:06Z,2026-07-22T02:24:04Z
sling-org-apache-sling-commons-logservice,Apache Sling OSGi LogService Implementation,Java,0,1,2017-10-18T16:15:58Z,2026-07-22T02:24:03Z
sling-org-apache-sling-commons-messaging,Apache Sling Commons Messaging,Java,1,3,2017-10-18T16:16:38Z,2026-07-22T02:24:14Z
sling-org-apache-sling-commons-messaging-mail,Apache Sling Commons Messaging Mail,Java,2,4,2017-10-18T16:16:35Z,2026-07-22T02:24:13Z
sling-org-apache-sling-commons-metrics,Apache Sling Metrics,Java,1,6,2017-10-18T16:16:13Z,2026-07-22T02:24:06Z
sling-org-apache-sling-commons-metrics-prometheus,Apache Sling Commons Prometheus Metrics Exporter,Java,0,0,2023-08-31T09:31:34Z,2026-07-22T03:07:28Z
sling-org-apache-sling-commons-metrics-rrd4j,Apache Sling RRD4J metrics reporter,Java,0,3,2017-10-18T16:16:21Z,2026-07-22T02:24:08Z
sling-org-apache-sling-commons-mime,Apache Sling Commons MIME type mapping support,Java,1,5,2017-10-18T16:16:26Z,2026-07-22T02:24:10Z
sling-org-apache-sling-commons-osgi,Apache Sling Commons OSGi support,Java,0,3,2017-10-18T16:16:48Z,2026-07-22T02:24:16Z
sling-org-apache-sling-commons-permissions,Apache sling,Java,0,0,2022-11-20T13:28:32Z,2026-07-22T03:04:11Z
sling-org-apache-sling-commons-permissions-sling,Apache sling,Java,0,0,2022-11-20T13:29:10Z,2026-07-22T03:04:12Z
sling-org-apache-sling-commons-scheduler,Apache Sling Commons Scheduler Support,Java,2,7,2017-10-18T16:16:56Z,2026-07-22T02:24:18Z
sling-org-apache-sling-commons-testing,Apache Sling Testing Utilities,Java,0,1,2017-11-22T20:53:25Z,2026-07-22T02:33:04Z
sling-org-apache-sling-commons-threaddump,Apache Sling Thread Dumper,Java,2,1,2017-10-18T16:17:05Z,2026-07-22T02:24:20Z
sling-org-apache-sling-commons-threads,Apache Sling Thread Support,Java,6,5,2017-10-18T16:17:12Z,2026-07-22T02:24:22Z
sling-org-apache-sling-connection-timeout-agent,Apache Sling Connection Timeout Agent,Java,1,2,2019-06-19T11:42:13Z,2026-07-22T02:45:27Z
sling-org-apache-sling-contentparser-api,Apache Sling Content Parser API,Java,1,0,2019-07-22T08:02:01Z,2026-07-22T02:46:14Z
sling-org-apache-sling-contentparser-json,Apache Sling Content Parser for JSON,Java,0,1,2019-07-22T08:03:30Z,2026-07-22T02:46:16Z
sling-org-apache-sling-contentparser-testutils,Apache Sling Content Parser Test Utilities,Java,0,0,2019-07-22T09:11:45Z,2026-07-22T02:46:22Z
sling-org-apache-sling-contentparser-xml,Apache Sling Content Parser for XML,Java,0,0,2019-07-22T08:04:12Z,2026-07-22T02:46:18Z
sling-org-apache-sling-contentparser-xml-jcr,Apache Sling Content Parser for JackRabbit FileVault XML,Java,0,0,2019-07-22T08:05:21Z,2026-07-22T02:46:20Z
sling-org-apache-sling-crankstart-launcher,Apache Sling Crankstart Launcher (deprecated),não informado,1,0,2017-10-18T16:29:04Z,2026-07-22T02:27:40Z
sling-org-apache-sling-crankstart-test-model,Apache Sling Crankstart Test Provisioning Model (deprecated),não informado,0,0,2017-10-18T16:29:13Z,2026-07-22T02:27:42Z
sling-org-apache-sling-crankstart-test-services,Apache Sling Crankstart Test Services (deprecated),não informado,0,0,2017-10-18T16:29:21Z,2026-07-22T02:27:44Z
sling-org-apache-sling-datasource,Apache Sling DataSource Provider,Java,2,2,2017-10-18T16:30:38Z,2026-07-22T02:28:01Z
sling-org-apache-sling-discovery-api,Apache Sling Discovery API,Java,0,1,2017-10-18T16:18:15Z,2026-07-22T02:24:40Z
sling-org-apache-sling-discovery-base,Apache Sling Discovery Base,Java,1,7,2017-10-18T16:18:19Z,2026-08-06T22:24:55Z
sling-org-apache-sling-discovery-commons,Apache Sling Discovery Commons,Java,0,6,2017-10-18T16:18:27Z,2026-07-22T02:24:44Z
sling-org-apache-sling-discovery-impl,Apache Sling Resource-Based Discovery Service,Java,0,3,2017-10-18T16:18:35Z,2026-07-22T02:24:46Z
sling-org-apache-sling-discovery-oak,Apache Sling Oak-Based Discovery Service,Java,0,7,2017-10-18T16:18:39Z,2026-07-22T02:24:48Z
sling-org-apache-sling-discovery-standalone,Apache Sling Discovery Standalone Implementation,Java,0,1,2017-10-18T16:18:47Z,2026-07-22T02:24:50Z
sling-org-apache-sling-discovery-support,Apache Sling Discovery Support Bundle,Java,0,2,2017-10-18T16:18:55Z,2026-07-22T02:24:52Z
sling-org-apache-sling-distribution-api,Apache Sling Distribution API,Java,0,7,2017-10-18T16:30:49Z,2026-07-22T02:28:03Z
sling-org-apache-sling-distribution-avro-serializer,Apache Sling Distribution Avro Serializer (deprecated),não informado,0,0,2017-10-18T16:30:58Z,2026-07-22T02:28:06Z
sling-org-apache-sling-distribution-core,Apache Sling Distribution Core,Java,6,29,2017-10-18T16:31:09Z,2026-07-22T02:28:08Z
sling-org-apache-sling-distribution-it,Apache Sling Distribution Integration Tests,Java,0,1,2017-10-18T16:31:18Z,2026-07-22T02:28:10Z
sling-org-apache-sling-distribution-journal,Apache Sling Journal based Content Distribution - Core,Java,9,18,2019-04-16T11:54:10Z,2026-07-22T02:44:09Z
sling-org-apache-sling-distribution-journal-it,Apache Sling Distribution Journal - ITs,Java,0,2,2019-04-16T11:59:28Z,2026-07-22T02:44:15Z
sling-org-apache-sling-distribution-journal-kafka,Apache Sling Journal Messaging based on Apache Kafka,Java,0,3,2019-04-16T11:58:48Z,2026-07-22T02:44:13Z
sling-org-apache-sling-distribution-journal-messages,Apache Sling Journal based Content Distribution - Messages,Java,2,5,2019-04-16T11:58:27Z,2026-07-22T02:44:11Z
sling-org-apache-sling-distribution-kryo-serializer,Apache Sling Distribution Kryo Serializer (deprecated),não informado,0,0,2017-10-18T16:31:26Z,2026-07-22T02:28:12Z
sling-org-apache-sling-distribution-sample,Apache Sling Distribution Sample,Java,5,2,2017-10-18T16:31:34Z,2026-07-22T02:28:14Z
sling-org-apache-sling-dynamic-include,Apache Sling Dynamic Include,Java,20,23,2017-10-18T16:33:46Z,2026-07-22T02:28:46Z
sling-org-apache-sling-engine,Apache Sling Engine Implementation,Java,15,19,2017-10-18T16:17:16Z,2026-09-04T09:17:52Z
sling-org-apache-sling-event,Apache Sling Event Support,Java,7,28,2017-10-18T16:19:10Z,2026-07-29T12:23:22Z
sling-org-apache-sling-event-api,Apache Sling Event API,Java,0,4,2017-10-18T16:19:03Z,2026-07-22T02:24:54Z
sling-org-apache-sling-event-dea,Apache Sling Distributed Event Admin,Java,0,1,2017-10-18T16:18:07Z,2026-07-22T02:24:38Z
sling-org-apache-sling-extensions-classloader-leak-detector,Apache Sling ClassLoader Leak Detector,Java,1,0,2017-10-18T16:32:15Z,2026-07-22T02:28:24Z
sling-org-apache-sling-extensions-logback-groovy-fragment,Apache Sling Logback Groovy Fragment,não informado,0,0,2017-10-18T16:32:23Z,2026-07-22T02:28:26Z
sling-org-apache-sling-extensions-slf4j-mdc,Apache Sling SLF4J MDC Filter,Java,0,1,2017-10-18T16:33:38Z,2026-07-22T02:28:44Z
sling-org-apache-sling-extensions-webconsolebranding,Apache Sling Web Console Branding,não informado,1,1,2017-10-18T16:22:42Z,2026-07-22T02:26:00Z
sling-org-apache-sling-extensions-webconsolesecurityprovider,Apache Sling Web Console Security Provider,Java,1,4,2017-10-18T16:22:50Z,2026-07-22T02:26:02Z
sling-org-apache-sling-feature,Apache Sling OSGi Feature Model,Java,13,11,2018-04-26T20:47:40Z,2026-07-22T02:37:12Z
sling-org-apache-sling-feature-analyser,Apache Sling Feature Model Analyser,Java,2,9,2018-04-26T20:48:51Z,2026-08-11T15:15:23Z
sling-org-apache-sling-feature-analyser-classes,Apache Sling Feature Model Analyser For Classes,Java,1,0,2023-10-13T11:19:52Z,2026-07-22T03:08:01Z
sling-org-apache-sling-feature-apiregions,Apache Sling Feature API Regions Runtime,Java,2,7,2018-11-07T11:15:07Z,2026-07-22T02:41:17Z
sling-org-apache-sling-feature-apiregions-model,Apache Sling Feature Model API Regions,Java,0,0,2019-04-10T12:46:03Z,2026-07-22T02:43:59Z
sling-org-apache-sling-feature-applicationbuilder,Apache Sling Feature Model Application Builder,Java,0,0,2018-04-26T20:50:37Z,2023-06-23T05:05:56Z
sling-org-apache-sling-feature-cpconverter,Apache Sling Content Package to Feature Model Converter,Java,9,11,2019-03-27T15:50:37Z,2026-07-22T02:43:41Z
sling-org-apache-sling-feature-diff,Apache Sling Feature Model Diff Tool,Java,0,0,2019-06-27T15:17:56Z,2026-07-22T02:45:40Z
sling-org-apache-sling-feature-extension-apiregions,Apache Sling Feature Model API Regions Extension,Java,0,10,2018-11-07T11:13:14Z,2026-07-22T02:41:15Z
sling-org-apache-sling-feature-extension-content,Apache Sling Feature Model - Content Deployment Extension,Java,1,2,2018-10-02T14:52:51Z,2026-07-22T02:40:33Z
sling-org-apache-sling-feature-extension-unpack,Apache Sling Feature Model - Unpack Extension,Java,0,4,2020-08-27T12:29:39Z,2026-07-22T02:54:00Z
sling-org-apache-sling-feature-inventoryprinter,Apache Sling Feature Model - Inventory Printer,Java,0,1,2018-11-12T09:56:57Z,2026-07-22T02:41:21Z
sling-org-apache-sling-feature-io,Apache Sling Feature Model IO,não informado,0,4,2018-04-26T20:51:21Z,2026-07-22T02:37:16Z
sling-org-apache-sling-feature-karaf,Apache Sling Feature Karaf,Java,1,0,2018-04-26T20:51:59Z,2026-07-22T02:37:18Z
sling-org-apache-sling-feature-launcher,Apache Sling Feature Launcher,Java,5,12,2018-04-26T20:52:19Z,2026-07-22T02:37:20Z
sling-org-apache-sling-feature-modelconverter,Apache Sling Feature Model Converter,Java,0,1,2018-04-26T20:52:54Z,2026-07-22T02:37:22Z
sling-org-apache-sling-feature-r2f,Apache Sling Feature Model Runtime Creator,Java,0,0,2019-06-27T15:18:42Z,2026-07-22T02:45:42Z
sling-org-apache-sling-feature-resolver,Apache Sling Feature Resolver,Java,0,2,2018-04-26T20:53:12Z,2026-07-22T02:37:24Z
sling-org-apache-sling-featureflags,Apache Sling Feature Flags,Java,2,2,2017-10-18T16:19:14Z,2026-07-22T02:24:58Z
sling-org-apache-sling-file-optimization,Apache Sling File Optimization,Java,0,0,2018-07-03T16:37:30Z,2026-07-22T02:38:44Z
sling-org-apache-sling-fragment-activation,Apache Sling System Bundle Extension Activation API,não informado,0,0,2017-10-18T16:19:23Z,2026-07-22T02:25:00Z
sling-org-apache-sling-fragment-nashorn,Apache Sling System Bundle Extension Nashorn Scripting API,não informado,0,0,2017-10-18T16:36:13Z,2026-07-22T02:29:22Z
sling-org-apache-sling-fragment-transaction,Apache Sling System Bundle Extension Java Transaction API,não informado,0,0,2017-10-18T16:19:31Z,2026-07-22T02:25:02Z
sling-org-apache-sling-fragment-ws,Apache Sling System Bundle Extension WS APIs,não informado,0,0,2017-10-18T16:19:39Z,2026-07-22T02:25:04Z
sling-org-apache-sling-fragment-xml,Apache Sling System Bundle Extension XML APIs,não informado,0,0,2017-10-18T16:19:43Z,2026-07-22T02:25:06Z
sling-org-apache-sling-fsresource,Apache Sling File System Resource Provider,Java,4,1,2017-10-18T16:19:51Z,2026-07-22T02:25:08Z
sling-org-apache-sling-graphql-core,Apache Sling GraphQL Core,Java,14,13,2020-05-11T12:49:58Z,2026-07-22T02:51:45Z
sling-org-apache-sling-graphql-schema-aggregator,Apache Sling GraphQL Schema Aggregator,Java,1,2,2021-07-15T15:30:49Z,2026-08-19T11:20:10Z
sling-org-apache-sling-hapi,Apache Sling Hypermedia API tools,Java,1,0,2017-10-18T16:31:51Z,2026-07-22T02:28:18Z
sling-org-apache-sling-hapi-client,Apache Sling Hypermedia API client-side tools,Java,1,1,2017-10-18T16:31:43Z,2026-07-22T02:28:16Z
sling-org-apache-sling-hapi-samplecontent,Apache Sling Hypermedia Api Sample Content,HTML,1,0,2017-10-18T16:31:59Z,2026-07-22T02:28:20Z
sling-org-apache-sling-hc-annotations,Apache Sling Health Check Annotations (deprecated),não informado,0,0,2017-10-18T16:19:56Z,2026-07-22T02:25:10Z
sling-org-apache-sling-hc-api,Apache Sling Health Check API (deprecated),não informado,0,1,2017-10-18T16:20:01Z,2026-07-22T02:25:12Z
sling-org-apache-sling-hc-core,Apache Sling Health Check Core (deprecated),não informado,1,0,2017-10-18T16:20:09Z,2026-07-22T02:25:14Z
sling-org-apache-sling-hc-it,Apache Sling Health Check Integration Tests (deprecated),não informado,2,0,2017-10-18T16:20:17Z,2026-07-22T02:25:16Z
sling-org-apache-sling-hc-junit-bridge,Apache Sling Health Check JUnit Bridge (deprecated),não informado,0,0,2017-10-18T16:20:26Z,2026-07-22T02:25:18Z
sling-org-apache-sling-hc-samples,Apache Sling Health Check Samples (deprecated),não informado,2,0,2017-10-18T16:20:29Z,2026-07-22T02:25:20Z
sling-org-apache-sling-hc-support,Apache Sling Health Check Support Components,não informado,1,1,2017-10-18T16:20:33Z,2026-07-22T02:25:22Z
sling-org-apache-sling-hc-webconsole,Apache Sling Health Check Webconsole Plugin (deprecated),não informado,0,0,2017-10-18T16:20:38Z,2026-07-22T02:25:24Z
sling-org-apache-sling-i18n,Apache Sling I18N Support,Java,10,11,2017-10-18T16:20:46Z,2026-07-22T02:25:26Z
sling-org-apache-sling-installer-console,Apache Sling Installer WebConsole Plugin,Java,1,2,2017-10-18T16:37:09Z,2026-07-22T02:29:37Z
sling-org-apache-sling-installer-core,Apache Sling Installer,Java,4,8,2017-10-18T16:37:17Z,2026-07-22T02:29:39Z
sling-org-apache-sling-installer-factory-configuration,Apache Sling Installer Configuration Admin Support,Java,3,8,2017-10-18T16:37:25Z,2026-07-22T02:29:41Z
sling-org-apache-sling-installer-factory-deploymentpackage,Apache Sling Deployment Package Installer,Java,0,0,2017-10-18T16:37:33Z,2026-07-22T02:29:44Z
sling-org-apache-sling-installer-factory-feature,Apache Sling Installer Feature Model Support,Java,0,2,2020-04-29T09:40:20Z,2026-07-22T02:51:31Z
sling-org-apache-sling-installer-factory-model,Apache Sling Installer Provisioning Model Support,Java,0,0,2017-10-18T16:37:41Z,2026-07-22T02:29:46Z
sling-org-apache-sling-installer-factory-packages,Apache Sling Installer Content Package Support,Java,0,0,2017-10-18T16:37:48Z,2026-07-22T02:29:48Z
sling-org-apache-sling-installer-factory-subsystems,Apache Sling Subsystems Installer  (deprecated),não informado,1,0,2017-10-18T16:38:03Z,2026-07-22T02:29:52Z
sling-org-apache-sling-installer-factory-subsystems-base,Apache Sling Subsystems Base Installer,Java,0,0,2017-10-18T16:37:56Z,2026-07-22T02:29:50Z
sling-org-apache-sling-installer-hc,Apache Sling Installer Health Checks,Java,1,0,2017-10-18T16:38:11Z,2026-07-22T02:29:54Z
sling-org-apache-sling-installer-it,Apache Sling Installer Integration Tests,Java,1,3,2017-10-18T16:38:19Z,2026-07-22T02:29:56Z
sling-org-apache-sling-installer-provider-file,Apache Sling File Installer,Java,1,1,2017-10-18T16:38:26Z,2026-07-22T02:29:58Z
sling-org-apache-sling-installer-provider-installhook,Apache Sling JCR Installer Install Hook,Java,1,2,2018-08-31T06:50:21Z,2026-07-22T02:40:03Z
sling-org-apache-sling-installer-provider-jcr,Apache Sling JCR Installer,Java,3,8,2017-10-18T16:38:34Z,2026-07-22T02:30:00Z
sling-org-apache-sling-javax-activation,Apache Sling javax.activation bundle,Java,1,4,2017-10-18T16:20:54Z,2026-07-22T02:25:28Z
sling-org-apache-sling-jaxp-configurator,Apache Sling JAXP Configurator,Java,4,1,2026-01-26T09:33:28Z,2026-07-23T22:30:50Z
sling-org-apache-sling-jcr-api,Apache Sling JCR API,Java,1,2,2017-10-18T16:23:02Z,2026-07-22T02:26:06Z
sling-org-apache-sling-jcr-base,Apache Sling JCR Base Bundle,Java,0,7,2017-10-18T16:23:10Z,2026-07-22T02:26:08Z
sling-org-apache-sling-jcr-classloader,Apache Sling JCR ClassLoader,Java,1,1,2017-10-18T16:23:14Z,2026-07-22T02:26:11Z
sling-org-apache-sling-jcr-contentloader,Apache Sling Initial Content Loader,Java,1,9,2017-10-18T16:23:22Z,2026-07-22T02:26:12Z
sling-org-apache-sling-jcr-contentparser,Apache Sling JCR Content Parser (deprecated),não informado,0,2,2017-10-18T16:23:31Z,2026-07-22T02:26:14Z
sling-org-apache-sling-jcr-davex,Apache Sling JCR DavEx,Java,1,3,2017-10-18T16:23:35Z,2026-08-11T11:29:26Z
sling-org-apache-sling-jcr-filetransfer,Apache Sling JCR File Transfer,Java,0,0,2018-08-22T21:03:03Z,2026-07-22T02:39:57Z
sling-org-apache-sling-jcr-jackrabbit-accessmanager,Apache Sling Jackrabbit JSR-283 Access Control Manager Support,Java,2,3,2017-10-18T16:23:47Z,2026-07-22T02:26:20Z
sling-org-apache-sling-jcr-jackrabbit-base,Apache Sling JCR Jackrabbit Base,Java,0,1,2017-10-18T16:23:55Z,2026-07-22T02:26:22Z
sling-org-apache-sling-jcr-jackrabbit-usermanager,Apache Sling Jackrabbit UserManager Support,Java,1,4,2017-10-18T16:24:03Z,2026-07-22T02:26:24Z
sling-org-apache-sling-jcr-jcr-wrapper,Apache Sling Wrapper Bundle for the JCR API,não informado,0,0,2017-10-18T16:24:08Z,2026-07-22T02:26:26Z
sling-org-apache-sling-jcr-js-nodetypes,Apache Sling JCR JS NodeTypes,Java,1,1,2017-10-18T16:35:00Z,2026-07-22T02:29:04Z
sling-org-apache-sling-jcr-maintenance,Apache Sling JCR Maintenance,Java,2,4,2021-01-19T14:01:27Z,2026-07-22T02:55:35Z
sling-org-apache-sling-jcr-oak-server,Apache Sling JCR Oak Repository Server,Java,2,4,2017-10-18T16:24:12Z,2026-07-22T02:26:28Z
sling-org-apache-sling-jcr-packageinit,Apache Sling JCR Package Initializer Module,Java,0,2,2018-10-02T14:55:26Z,2026-07-22T02:40:35Z
sling-org-apache-sling-jcr-presence,Apache Sling JCR Presence,Java,0,1,2020-05-19T11:26:56Z,2026-07-22T02:52:03Z
sling-org-apache-sling-jcr-registration,Apache Sling JCR Repository Registration,Java,0,2,2017-10-18T16:24:20Z,2026-07-22T02:26:30Z
sling-org-apache-sling-jcr-repoinit,Apache Sling JCR RepoInit module,Java,3,11,2017-10-18T16:24:28Z,2026-07-22T02:26:32Z
sling-org-apache-sling-jcr-repository-it-resource-versioning,Apache Sling Versioning Integration Tests,Java,0,0,2017-10-18T16:23:43Z,2026-07-22T02:26:18Z
sling-org-apache-sling-jcr-resource,Apache Sling JCR Resource Resolver,Java,5,10,2017-10-18T16:24:32Z,2026-07-22T02:26:34Z
sling-org-apache-sling-jcr-resourcesecurity,Apache Sling JCR Resource Security,Java,0,0,2017-10-18T16:35:09Z,2026-07-22T02:29:06Z
sling-org-apache-sling-jcr-webconsole,Apache Sling JCR WebConsole Bundle,Java,0,0,2017-10-18T16:24:37Z,2026-07-22T02:26:36Z
sling-org-apache-sling-jcr-webdav,Apache Sling JCR WebDAV,Java,1,2,2017-10-18T16:24:45Z,2026-07-22T02:26:38Z
sling-org-apache-sling-jms,Apache Sling MoM Implementation using JMS with AMQ,Java,3,3,2017-10-18T16:28:28Z,2026-07-22T02:27:32Z
sling-org-apache-sling-jmx-provider,Apache Sling JMX Resource Provider,Java,1,1,2017-10-18T16:32:07Z,2026-07-22T02:28:22Z
sling-org-apache-sling-jobs,Apache Sling Jobs Support,Java,4,3,2017-10-18T16:28:37Z,2026-07-22T02:27:34Z
sling-org-apache-sling-jobs-it,Apache Sling Jobs Integration Tests,Java,0,0,2017-10-18T16:28:46Z,2026-07-22T02:27:36Z
sling-org-apache-sling-jobs-it-services,Apache Sling Jobs Service Integration Tests Bundle,Java,0,0,2017-10-18T16:28:56Z,2026-07-22T02:27:38Z
sling-org-apache-sling-junit-core,Apache Sling JUnit Core,Java,2,5,2017-10-18T16:41:28Z,2026-07-22T02:30:44Z
sling-org-apache-sling-junit-healthcheck,Apache Sling JUnit Health Checks,Java,1,1,2017-10-18T16:41:36Z,2026-07-22T02:30:46Z
sling-org-apache-sling-junit-performance,Apache Sling JUnit Performance,Java,0,0,2017-10-18T16:41:44Z,2026-07-22T02:30:48Z
sling-org-apache-sling-junit-remote,Apache Sling JUnit Remote Tests Runners,Java,0,0,2017-10-18T16:41:52Z,2026-07-22T02:30:50Z
sling-org-apache-sling-junit-scriptable,Apache Sling JUnit Scriptable Tests Provider,Java,0,0,2017-10-18T16:42:08Z,2026-07-22T02:30:54Z
sling-org-apache-sling-junit-teleporter,Apache Sling JUnit Tests Teleporter,Java,0,6,2017-11-22T20:53:17Z,2026-07-22T02:33:02Z
sling-org-apache-sling-karaf-configs,Apache Sling - Karaf Configs,não informado,4,1,2017-10-18T16:38:42Z,2026-07-22T02:30:02Z
sling-org-apache-sling-karaf-distribution,Apache Sling - Karaf Distribution,não informado,3,1,2017-10-18T16:38:50Z,2026-07-22T02:30:04Z
sling-org-apache-sling-karaf-features,Apache Sling - Karaf Features,não informado,4,4,2017-10-18T16:38:58Z,2026-07-22T02:30:06Z
sling-org-apache-sling-karaf-integration-tests,Apache Sling - Karaf Integration Tests,Java,1,1,2017-10-18T16:39:06Z,2026-07-22T02:30:08Z
sling-org-apache-sling-karaf-launchpad-oak-tar-integration-tests,Apache Sling - Karaf Launchpad Integration Tests Oak Tar,Java,0,0,2017-10-18T16:39:14Z,2026-07-22T02:30:10Z
sling-org-apache-sling-kickstart,Apache Sling Kickstart Launcher,Java,3,1,2020-02-13T10:39:38Z,2026-07-22T02:49:23Z
sling-org-apache-sling-launchpad-api,Apache Sling Launchpad API,Java,1,0,2017-10-18T16:39:21Z,2026-07-22T02:30:12Z
sling-org-apache-sling-launchpad-base,Apache Sling Launchpad Base,Java,2,7,2017-11-07T09:00:55Z,2026-07-22T02:32:54Z
sling-org-apache-sling-launchpad-contrib-testing,Apache Sling Launchpad Contrib Testing,Java,0,0,2017-10-18T16:35:25Z,2026-07-22T02:29:10Z
sling-org-apache-sling-launchpad-installer,Apache Sling Launchpad Installer,Java,2,1,2017-10-18T16:39:44Z,2026-07-22T02:30:18Z
sling-org-apache-sling-launchpad-startupmanager,Apache Sling Launchpad Startup Manager,Java,0,0,2018-12-05T13:28:08Z,2026-07-22T02:41:37Z
sling-org-apache-sling-launchpad-test-bundles,Apache Sling Launchpad Test Bundles (deprecated),não informado,0,0,2017-10-18T16:40:08Z,2026-07-22T02:30:24Z
sling-org-apache-sling-launchpad-test-fragment,Apache Sling Launchpad Testing Fragment Bundle (deprecated),não informado,0,0,2017-10-18T16:40:17Z,2026-07-22T02:30:26Z
sling-org-apache-sling-launchpad-test-services-war,Apache Sling Launchpad Testing Services WAR (deprecated),não informado,0,0,2017-10-18T16:40:48Z,2026-07-22T02:30:34Z
sling-org-apache-sling-launchpad-testing,Apache Sling Launchpad Testing (deprecated),não informado,2,1,2017-10-18T16:40:25Z,2026-07-22T02:30:28Z
sling-org-apache-sling-launchpad-testing-war,Apache Sling Launchpd Testing WAR (deprecated),não informado,0,0,2017-10-18T16:40:32Z,2026-07-22T02:30:30Z
sling-org-apache-sling-mcp-server,Apache Sling MCP Server,Java,3,3,2026-01-15T14:30:45Z,2026-07-22T06:10:03Z
sling-org-apache-sling-mcp-server-contributions,Apache Sling MCP Server Contributions,Java,1,1,2026-05-04T09:31:25Z,2026-07-22T06:09:39Z
sling-org-apache-sling-models-api,Apache Sling Models API,Java,2,6,2017-10-18T16:21:02Z,2026-07-22T02:25:30Z
sling-org-apache-sling-models-caconfig,Apache Sling Models Context-Aware Configuration,Java,0,0,2019-01-09T15:59:04Z,2026-07-22T02:42:15Z
sling-org-apache-sling-models-impl,Apache Sling Models Implementation,Java,21,32,2017-10-18T16:21:11Z,2026-07-22T02:25:32Z
sling-org-apache-sling-models-integration-tests,Apache Sling Models Integration Tests (deprecated),não informado,0,2,2017-10-18T16:21:19Z,2026-07-22T02:25:34Z
sling-org-apache-sling-models-jacksonexporter,Apache Sling Models Jackson Exporter,Java,1,2,2017-10-18T16:21:28Z,2026-07-22T02:25:36Z
sling-org-apache-sling-models-validation-impl,Apache Sling Models Validation Implementation,Java,0,0,2017-10-18T16:21:37Z,2026-07-22T02:25:38Z
sling-org-apache-sling-mom,Apache Sling Message oriented Middleware API,Java,1,1,2017-10-18T16:28:20Z,2026-07-22T02:27:30Z
sling-org-apache-sling-mongodb,Apache Sling MongoDB Resource Provider (deprecated),não informado,3,0,2017-10-18T16:32:38Z,2026-07-22T02:28:30Z
sling-org-apache-sling-nosql-couchbase-client,Apache Sling NoSQL Couchbase Client (deprecated),não informado,0,2,2017-10-18T16:35:34Z,2026-07-22T02:29:12Z
sling-org-apache-sling-nosql-couchbase-resourceprovider,Apache Sling NoSQL Couchbase Resource Provider (deprecated),não informado,0,1,2017-10-18T16:35:41Z,2026-07-22T02:29:14Z
sling-org-apache-sling-nosql-generic,Apache Sling NoSQL Generic Resource Provider (deprecated),não informado,1,1,2017-10-18T16:35:50Z,2026-07-22T02:29:16Z
sling-org-apache-sling-nosql-launchpad,Apache Sling NoSQL Launchpad (deprecated),não informado,0,1,2017-10-18T16:35:57Z,2026-07-22T02:29:18Z
sling-org-apache-sling-nosql-mongodb-resourceprovider,Apache Sling NoSQL MongoDB Resource Provider (deprecated),não informado,2,4,2017-10-18T16:36:05Z,2026-07-22T02:29:20Z
sling-org-apache-sling-oak-restrictions,Apache Sling Oak Restrictions,Java,0,2,2017-10-18T16:32:46Z,2026-07-22T02:28:32Z
sling-org-apache-sling-paxexam-util,Apache Sling Pax Exam Utilities,Java,0,1,2017-10-18T16:43:27Z,2026-07-22T02:31:14Z
sling-org-apache-sling-performance,Apache Sling Performance Test Tools Reactor,Java,1,1,2017-10-18T16:46:55Z,2026-07-22T02:32:06Z
sling-org-apache-sling-pipes,Apache Sling Pipes,Java,8,19,2017-10-18T16:33:55Z,2026-07-22T02:28:48Z
sling-org-apache-sling-providertype-bnd-plugin,Apache Sling Provider Type Checker Bnd Plugin,Java,0,0,2023-12-05T15:50:05Z,2026-07-22T03:08:36Z
sling-org-apache-sling-provisioning-model,Apache Sling Provisioning Model,Java,0,0,2017-10-18T16:46:23Z,2026-07-22T02:31:58Z
sling-org-apache-sling-query,Apache Sling Query,Java,10,1,2017-10-18T16:34:03Z,2026-07-22T02:28:50Z
sling-org-apache-sling-repoinit-filevault-validator,Apache Sling Repoinit FileVault Validator,Java,1,0,2022-12-19T08:05:07Z,2026-07-22T03:04:41Z
sling-org-apache-sling-repoinit-it,Apache Sling RepoInit Integration Tests(deprecated),não informado,0,0,2018-01-30T09:16:56Z,2026-07-22T02:36:02Z
sling-org-apache-sling-repoinit-parser,Apache Sling RepoInit Parser,Java,5,9,2017-10-18T16:21:48Z,2026-07-22T02:25:42Z
sling-org-apache-sling-reqanalyzer,Apache Sling Request Processing Analyzer,Java,3,3,2017-10-18T16:32:54Z,2026-07-22T02:28:34Z
sling-org-apache-sling-resource-editor,Apache Sling Resource Editor (deprecated),não informado,2,1,2017-10-18T16:29:30Z,2026-07-22T02:27:46Z
sling-org-apache-sling-resource-filter,Apache Sling Resource Filter,Java,6,3,2018-06-28T09:04:30Z,2026-07-22T02:38:38Z
sling-org-apache-sling-resource-inventory,Apache Sling Inventory Printer Based on Resources,Java,0,1,2017-10-18T16:33:03Z,2026-07-22T02:28:36Z
sling-org-apache-sling-resource-observation-annotations,Apache sling,Java,1,0,2024-02-07T11:10:23Z,2026-07-22T03:09:13Z
sling-org-apache-sling-resource-presence,Apache Sling Resource Presence,Java,0,0,2017-10-18T16:21:40Z,2026-07-22T02:25:40Z
sling-org-apache-sling-resourceaccesssecurity,Apache Sling Resource Access Security,Java,1,1,2017-10-18T16:24:53Z,2026-07-22T02:26:40Z
sling-org-apache-sling-resourceaccesssecurity-it,Apache Sling Resource Access Security Integration Tests,Java,0,0,2017-10-18T16:25:00Z,2026-07-22T02:26:42Z
sling-org-apache-sling-resourcebuilder,Apache Sling Resource Builder,Java,1,0,2017-10-18T16:21:52Z,2026-07-22T02:25:44Z
sling-org-apache-sling-resourcecollection,Apache Sling Resource Collection API,Java,1,1,2017-10-18T16:30:29Z,2026-07-22T02:27:59Z
sling-org-apache-sling-resourcemerger,Apache Sling Resource Merger,Java,1,6,2017-10-18T16:33:11Z,2026-07-22T02:28:38Z
sling-org-apache-sling-resourceresolver,Apache Sling Resource Resolver,Java,6,29,2017-10-18T16:25:09Z,2026-09-04T08:35:54Z
sling-org-apache-sling-rewriter,Apache Sling Rewriter,Java,7,8,2017-10-18T16:33:20Z,2026-07-22T02:28:40Z
sling-org-apache-sling-scripting-api,Apache Sling Scripting API,Java,0,0,2017-10-18T16:25:18Z,2026-07-22T02:26:46Z
sling-org-apache-sling-scripting-bundle-tracker,Apache Sling Scripting Bundle Tracker (deprecated),não informado,0,0,2018-12-07T12:32:23Z,2026-07-22T02:41:39Z
sling-org-apache-sling-scripting-bundle-tracker-it,Apache Sling Scripting Bundle Tracker Integration Tests,Java,1,1,2018-12-07T12:37:03Z,2026-07-22T02:41:43Z
sling-org-apache-sling-scripting-console,Apache Sling Script Console (deprecated),não informado,0,1,2017-10-18T16:36:53Z,2026-07-22T02:29:34Z
sling-org-apache-sling-scripting-core,Apache Sling Scripting Core implementation,Java,1,7,2017-10-18T16:25:23Z,2026-07-22T02:26:48Z
sling-org-apache-sling-scripting-el-api,Apache Sling Wrapper Bundle for Apache Tomcat EL API,não informado,0,1,2017-10-18T16:25:32Z,2026-07-22T02:26:50Z
sling-org-apache-sling-scripting-esx,Apache Sling Scripting ESX,JavaScript,0,1,2018-03-15T13:11:11Z,2026-07-22T02:36:30Z
sling-org-apache-sling-scripting-freemarker,Apache Sling Scripting FreeMarker,Java,3,0,2017-10-18T16:36:21Z,2026-07-22T02:29:24Z
sling-org-apache-sling-scripting-groovy,Apache Sling Scripting Groovy Support,Java,0,0,2017-10-18T16:36:29Z,2026-07-22T02:29:26Z
sling-org-apache-sling-scripting-java,Apache Sling Scripting Java Support,Java,0,0,2017-10-18T16:36:37Z,2026-07-22T02:29:28Z
sling-org-apache-sling-scripting-javascript,Apache Sling Scripting JavaScript Support,Java,0,4,2017-10-18T16:25:36Z,2026-07-22T02:26:52Z
sling-org-apache-sling-scripting-jsp,Apache Sling Scripting JSP Support,Java,0,5,2017-10-18T16:26:02Z,2026-07-22T02:26:58Z
sling-org-apache-sling-scripting-jsp-api,Apache Sling Wrapper Bundle for Apache Tomcat JSP API,não informado,1,0,2017-10-18T16:25:45Z,2026-07-22T02:26:54Z
sling-org-apache-sling-scripting-jsp-jstl,Apache Sling Scripting JSP Standard Tag Library,não informado,0,0,2017-10-18T16:25:54Z,2026-07-22T02:26:56Z
sling-org-apache-sling-scripting-jsp-taglib,Apache Sling Scripting JSP Tag Library,Java,0,1,2017-10-18T16:26:06Z,2026-07-22T02:27:00Z
sling-org-apache-sling-scripting-jsp-taglib-compat,Apache Sling Scripting JSP Support Compat,Java,0,1,2019-02-13T12:19:58Z,2026-07-22T02:42:55Z
sling-org-apache-sling-scripting-sightly,Apache Sling Scripting HTL Engine,Java,16,10,2017-10-18T16:26:37Z,2026-07-22T17:23:56Z
sling-org-apache-sling-scripting-sightly-compiler,Apache Sling Scripting HTL Compiler,Java,3,9,2017-10-18T16:26:28Z,2026-07-22T02:27:02Z
sling-org-apache-sling-scripting-sightly-compiler-java,Apache Sling Scripting HTL Java Compiler,Java,0,1,2017-10-18T16:26:42Z,2026-07-22T02:27:06Z
sling-org-apache-sling-scripting-sightly-js-provider,Apache Sling Scripting HTL JavaScript Use Provider,Java,0,1,2017-10-18T16:26:53Z,2026-09-01T13:13:26Z
sling-org-apache-sling-scripting-sightly-models-provider,Apache Sling Scripting HTL Sling Models Use Provider (deprecated),não informado,1,2,2017-10-18T16:27:01Z,2026-07-22T02:27:10Z
sling-org-apache-sling-scripting-sightly-repl,Apache Sling Scripting HTL Read-Eval-Print Loop Environment,JavaScript,0,2,2017-10-18T16:27:09Z,2026-07-22T02:27:12Z
sling-org-apache-sling-scripting-sightly-runtime,Apache Sling Scripting HTL Runtime,Java,1,5,2018-10-18T10:07:17Z,2026-07-22T02:41:01Z
sling-org-apache-sling-scripting-sightly-testing,Apache Sling Scripting HTL Integration Tests,Java,0,2,2017-10-23T08:50:48Z,2026-09-01T12:28:38Z
sling-org-apache-sling-scripting-sightly-testing-content,Apache Sling Scripting HTL Integration Tests Content,HTML,1,3,2017-10-18T16:27:17Z,2026-07-22T02:27:14Z
sling-org-apache-sling-scripting-spi,Apache Sling Servlets Resolver API,Java,1,2,2021-01-29T09:28:42Z,2026-07-22T02:55:39Z
sling-org-apache-sling-scripting-thymeleaf,Apache Sling Scripting Thymeleaf,Java,2,0,2017-10-18T16:36:45Z,2026-07-22T02:29:31Z
sling-org-apache-sling-scripting-xproc,Apache Sling Scripting W3C XML Processing Support,Java,1,0,2017-10-18T16:37:01Z,2026-07-22T02:29:35Z
sling-org-apache-sling-security,Apache Sling Security,Java,6,6,2017-10-18T16:33:29Z,2026-08-20T10:43:04Z
sling-org-apache-sling-serviceuser-webconsole,Apache Sling Service User Web Console,Java,1,3,2018-01-10T13:23:38Z,2026-07-22T02:35:48Z
sling-org-apache-sling-serviceusermapper,Apache Sling Service User Mapper,Java,1,2,2017-10-18T16:22:01Z,2026-07-22T02:25:46Z
sling-org-apache-sling-servlet-helpers,Apache Sling Servlet Helpers,Java,1,6,2017-10-18T16:22:09Z,2026-07-22T02:25:48Z
sling-org-apache-sling-servlets-annotations,Apache Sling Servlet Annotations,Java,3,4,2018-05-29T08:04:47Z,2026-07-22T02:38:03Z
sling-org-apache-sling-servlets-annotations-it,Apache Sling Servlet Annotations Integration Tests (deprecated),não informado,0,0,2018-05-29T08:05:17Z,2026-07-22T02:38:04Z
sling-org-apache-sling-servlets-get,Apache Sling Default GET Servlets,Java,5,7,2017-10-18T16:27:26Z,2026-07-22T02:27:16Z
sling-org-apache-sling-servlets-post,Apache Sling Default POST Servlets,Java,12,18,2017-10-18T16:27:30Z,2026-07-22T02:27:18Z
sling-org-apache-sling-servlets-resolver,Apache Sling Servlets Resolver,Java,9,16,2017-10-18T16:27:38Z,2026-08-20T11:17:26Z
sling-org-apache-sling-settings,Apache Sling Settings,Java,5,2,2017-10-18T16:22:18Z,2026-07-22T02:25:50Z
sling-org-apache-sling-sitemap,Apache Sling Sitemap,Java,4,10,2021-06-25T11:59:25Z,2026-07-22T02:57:57Z
sling-org-apache-sling-starter,Apache Sling Starter Application,Java,34,30,2017-10-18T16:39:29Z,2026-09-09T16:39:37Z
sling-org-apache-sling-starter-content,Apache Sling Starter Content,Java,2,5,2017-10-18T16:39:37Z,2026-07-22T02:30:16Z
sling-org-apache-sling-starter-docker,Apache Sling Starter Docker Image,Dockerfile,4,5,2018-01-26T21:50:27Z,2026-07-22T02:36:00Z
sling-org-apache-sling-starter-integration-tests,Apache Sling Launchpad Integration Tests,Java,7,4,2017-10-18T16:39:52Z,2026-07-22T02:30:20Z
sling-org-apache-sling-starter-startup,Apache Sling Starter Startup Module (deprecated),não informado,0,1,2017-10-18T16:40:00Z,2026-07-22T02:30:22Z
sling-org-apache-sling-starter-test-services,Apache Sling Launchpad Testing Services,Java,1,3,2017-10-18T16:40:40Z,2026-07-22T02:30:32Z
sling-org-apache-sling-startupfilter,Apache Sling Startup Filter,não informado,2,0,2017-10-18T16:34:20Z,2026-07-22T02:28:54Z
sling-org-apache-sling-startupfilter-disabler,Apache Sling Startup Filter Disabler,não informado,1,0,2017-10-18T16:34:12Z,2026-07-22T02:28:52Z
sling-org-apache-sling-superimposing,Apache Sling Superimposing Resource Provider,Java,1,1,2017-10-18T16:34:28Z,2026-07-22T02:28:56Z
sling-org-apache-sling-tail,Apache Sling Log Tail Implementation,Java,2,2,2017-10-18T16:32:31Z,2026-07-22T02:28:28Z
sling-org-apache-sling-tenant,Apache Sling Tenant,Java,1,2,2017-10-18T16:34:36Z,2026-07-22T02:28:58Z
sling-org-apache-sling-testing-caconfig-mock-plugin,Apache Sling Context-Aware Configuration Mock Plugin,Java,0,3,2017-10-18T16:42:16Z,2026-07-22T02:30:56Z
sling-org-apache-sling-testing-clients,Apache Sling Testing Clients,Java,8,25,2017-10-18T16:41:23Z,2026-09-07T12:09:35Z
sling-org-apache-sling-testing-email,Apache Sling Testing Email Support,Java,0,1,2017-10-18T16:41:04Z,2026-07-22T02:30:38Z
sling-org-apache-sling-testing-hamcrest,Apache Sling Testing Hamcrest,Java,1,2,2017-10-18T16:41:14Z,2026-07-22T02:30:40Z
sling-org-apache-sling-testing-jcr-mock,Apache Sling Testing JCR Mock,Java,4,13,2017-10-18T16:42:24Z,2026-07-22T02:30:58Z
sling-org-apache-sling-testing-logging-mock,Apache Sling Testing Mock Log Configuration,não informado,0,0,2017-10-18T16:42:32Z,2026-07-22T02:31:00Z
sling-org-apache-sling-testing-osgi-mock,Apache Sling Testing OSGi Mock,Java,2,14,2017-10-18T16:42:39Z,2026-07-22T02:31:02Z
sling-org-apache-sling-testing-paxexam,Apache Sling Testing PaxExam,Java,1,3,2017-10-18T16:43:11Z,2026-07-22T02:31:10Z
sling-org-apache-sling-testing-resourceresolver-mock,Apache Sling Testing Resource Resolver Mock,Java,1,3,2017-10-18T16:42:47Z,2026-07-22T02:31:04Z
sling-org-apache-sling-testing-rules,Apache Sling Testing Rules,Java,2,4,2017-10-18T16:42:00Z,2026-07-22T02:30:53Z
sling-org-apache-sling-testing-serversetup,Apache Sling Server Setup Tools,Java,2,0,2017-10-18T16:43:19Z,2026-07-22T02:31:12Z
sling-org-apache-sling-testing-sling-mock,Apache Sling Testing Sling Mock,Java,5,13,2017-10-18T16:43:03Z,2026-07-22T02:31:08Z
sling-org-apache-sling-testing-sling-mock-oak,Apache Sling Testing Sling Mock Jackrabbit Oak-based Resource Resolver,Java,3,9,2017-10-18T16:42:55Z,2026-07-22T02:31:06Z
sling-org-apache-sling-thumbnails,Apache Sling Thumbnails,Java,3,1,2021-08-05T17:56:49Z,2026-07-22T02:58:44Z
sling-org-apache-sling-tooling-support-install,Apache Sling Tooling Support Install,Java,1,2,2017-10-18T16:46:15Z,2026-07-22T02:31:56Z
sling-org-apache-sling-tooling-support-source,Apache Sling Tooling Support Source,Java,0,1,2017-10-18T16:46:31Z,2026-07-22T02:32:00Z
sling-org-apache-sling-tracer,Apache Sling Log Tracer,Java,1,3,2017-10-18T16:34:44Z,2026-07-22T02:29:00Z
sling-org-apache-sling-urlrewriter,Apache Sling URL Rewriter,Java,1,1,2017-10-18T16:34:52Z,2026-07-22T02:29:02Z
sling-org-apache-sling-validation-api,Apache Sling Validation Framework API,Java,0,0,2017-10-18T16:22:22Z,2026-07-22T02:25:52Z
sling-org-apache-sling-validation-core,Apache Sling Validation Framework Core Implementation,Java,0,1,2017-10-18T16:22:26Z,2026-07-22T02:25:54Z
sling-org-apache-sling-validation-examples,Apache Sling Validation Framework Examples,Java,0,1,2017-10-18T16:22:34Z,2026-07-22T02:25:56Z
sling-org-apache-sling-validation-test-services,Apache Sling Validation Framework Testing Services,Java,0,0,2017-10-18T16:22:38Z,2026-07-22T02:25:58Z
sling-org-apache-sling-xss,Apache Sling XSS Protection,Java,11,20,2017-10-18T16:22:53Z,2026-08-19T06:33:31Z
sling-parent,Apache Sling Parent,não informado,4,8,2017-10-18T16:40:56Z,2026-07-22T02:30:36Z
sling-project-archetype,Apache Sling Project Archetype,Java,6,2,2019-04-19T08:30:44Z,2026-07-22T02:44:19Z
sling-samples,Apache Sling Samples,Java,34,18,2017-10-18T16:46:47Z,2026-08-19T12:53:07Z
sling-scriptingbundle-maven-plugin,Apache Sling Scripting Bundle Maven Plugin,Java,2,1,2018-12-07T12:35:51Z,2026-08-20T11:15:54Z
sling-servlet-archetype,Apache Sling Servlet Archetype (deprecated),não informado,0,0,2017-10-18T16:44:56Z,2026-07-22T02:31:36Z
sling-site,Apache Sling Website,Smarty,24,100,2017-06-20T07:00:08Z,2026-09-09T07:43:39Z
sling-slingfeature-maven-plugin,Apache Sling OSGi Feature Maven Plugin,Java,3,10,2018-04-26T20:54:27Z,2026-07-22T02:37:26Z
sling-slingpackager,A tool for working with Apache Sling content packages,JavaScript,1,3,2020-05-07T15:18:29Z,2026-07-22T02:51:39Z
sling-slingstart-archetype,Apache Sling Slingstart Archetype (deprecated),não informado,1,0,2017-10-18T16:45:04Z,2026-07-22T02:31:38Z
sling-slingstart-maven-plugin,Apache Sling SlingStart Maven Plugin,Java,1,2,2017-10-18T16:46:00Z,2026-07-22T02:31:52Z
sling-starter-comparator,Apache Sling Launchpad Comparator,Java,0,0,2017-10-18T16:46:08Z,2026-07-22T02:31:54Z
sling-taglib-archetype,Apache Sling Taglib Archetype (deprecated),não informado,1,0,2017-10-18T16:45:12Z,2026-07-22T02:31:40Z
sling-tooling-github,Apache sling,não informado,0,0,2024-10-28T19:01:56Z,2026-07-22T03:11:43Z
sling-tooling-jenkins,Apache Sling Jenkins Tooling,Groovy,2,4,2017-10-18T16:47:11Z,2026-07-22T11:51:32Z
sling-tooling-release,Apache Sling Release Tooling,Shell,0,2,2017-11-22T21:00:25Z,2026-07-22T02:33:06Z
sling-tooling-scm,Apache Sling SCM Tooling,Shell,0,0,2017-10-18T16:47:03Z,2026-07-22T02:32:08Z
sling-whiteboard,Apache Sling Whiteboard - testing ground for new ideas,Java,48,32,2017-11-03T13:58:25Z,2026-07-27T13:38:32Z
solr,Apache Solr open-source search software,Java,1674,863,2021-02-23T00:12:42Z,2026-09-12T14:12:35Z
solr-docker,Official Dockerfile for Apache Solr,Dockerfile,31,28,2021-12-22T12:50:09Z,2026-09-04T05:59:50Z
solr-mcp,Solr MCP Server,Java,19,17,2025-10-17T01:41:33Z,2026-09-11T15:10:42Z
solr-operator,Official Kubernetes operator for Apache Solr,Go,283,148,2019-06-14T18:25:16Z,2026-08-24T12:27:03Z
solr-orbit,Apache Solr Orbit macrobenchmarking framework,Python,3,5,2026-05-21T18:01:10Z,2026-09-03T17:45:03Z
solr-orbit-workloads,Default workload specifications for the Apache Solr Orbit macrobenchmarking framework,Python,2,4,2026-05-21T18:03:45Z,2026-09-04T07:25:39Z
solr-sandbox,Apache Solr open-source search software plugin modules sandbox,Java,14,17,2021-01-14T18:00:03Z,2026-07-22T02:55:33Z
solr-site,Apache solr website,HTML,16,38,2021-02-20T11:54:24Z,2026-09-01T22:09:18Z
sourcelume-registry,Apache sourcelume,não informado,1,0,2026-08-23T17:18:19Z,2026-09-07T15:25:23Z
sourcelume-reports,Apache sourcelume,não informado,1,0,2026-09-01T13:07:51Z,2026-09-07T15:25:26Z
sourcelume-site,Apache Sourcelume,CSS,2,1,2026-08-23T10:20:02Z,2026-09-10T13:00:33Z
sourcelume-spec,"Apache Sourcelume is open-source instrumentation for AI training-data provenance — a metadata specification, a reference registry, and tooling that let dataset curators and model producers publish signed, independently verifiable records of where their data came from and what terms it carries.",Python,3,2,2026-08-23T17:13:59Z,2026-09-12T19:11:15Z
spamassassin,Read-only mirror of Apache SpamAssassin.,Perl,345,88,2009-05-20T01:47:48Z,2026-09-12T08:33:13Z
spark,Apache Spark - A unified analytics engine for large-scale data processing,Scala,43983,29369,2014-02-25T08:00:08Z,2026-09-12T20:34:32Z
spark-connect-gateway,Apache Spark Connect Gateway,Rust,7,3,2026-08-09T17:40:22Z,2026-09-10T20:52:15Z
spark-connect-go,Apache Spark Connect Client for Golang,Go,252,53,2023-05-30T10:09:28Z,2026-09-10T11:56:52Z
spark-connect-rust,Apache Spark Connect Client for Rust (Rust core + Python wrapper),Python,43,18,2025-05-26T07:22:15Z,2026-09-11T07:09:17Z
spark-connect-swift,Apache Spark Connect Client for Swift,Swift,33,10,2025-03-10T23:20:04Z,2026-09-12T04:09:57Z
spark-docker,Official Dockerfile for Apache Spark,Dockerfile,171,62,2022-10-10T05:02:05Z,2026-09-08T02:26:05Z
spark-kubernetes-operator,Apache Spark Kubernetes Operator,Java,323,74,2024-03-29T02:44:06Z,2026-09-11T08:04:47Z
spark-website,Apache Spark Website,HTML,140,247,2016-07-11T07:00:07Z,2026-08-31T12:54:35Z
sqoop,Mirror of Apache Sqoop,Java,976,580,2011-08-04T07:00:07Z,2026-07-24T16:39:25Z
stanbol,Mirror of Apache Stanbol (incubating),Java,118,73,2010-12-11T08:00:07Z,2026-07-01T13:20:52Z
stdcxx,Mirror of Apache C++ Standard Library,C++,65,23,2009-03-27T15:41:56Z,2026-07-22T02:00:53Z
steve,Apache STeVe -- a set of voting tools,Python,28,15,2016-02-06T08:00:07Z,2026-09-08T13:07:20Z
steve-website,Apache STeVe Website,não informado,0,0,2022-03-05T22:51:59Z,2026-07-22T03:01:15Z
storm,Apache Storm,Java,6695,4032,2013-11-05T08:00:14Z,2026-09-11T19:15:49Z
storm-docker,Docker image packaging for Apache Storm,Dockerfile,5,4,2024-01-10T18:50:21Z,2026-07-23T21:28:24Z
storm-site,Source for the Apache Storm web site,CSS,6,11,2017-08-07T07:00:08Z,2026-09-11T17:14:01Z
stormcrawler,"A scalable, mature and versatile web crawler based on Apache Storm",Java,995,292,2013-04-12T14:13:30Z,2026-09-12T16:56:02Z
stormcrawler-site,Source for the Apache StormCrawler web site,HTML,4,4,2024-04-15T18:35:11Z,2026-09-04T13:24:50Z
stratos,Mirror of Apache Stratos,Java,160,114,2014-06-03T07:00:07Z,2026-03-24T07:14:37Z
streampark,The Open Control Plane for Real-Time Data,Java,4333,1089,2019-05-27T05:56:03Z,2026-09-12T12:16:13Z
streampark-quickstart,Apache StreamPark quickstart,Shell,74,72,2021-04-07T10:58:23Z,2026-07-22T02:56:48Z
streampark-website,Apache streampark Website,Less,25,91,2022-01-04T11:04:27Z,2026-07-22T03:00:33Z
streampipes,"Apache StreamPipes - A self-service (Industrial) IoT toolbox to enable non-technical users to connect, analyze and explore IoT data streams.",Java,747,244,2018-04-22T20:06:55Z,2026-09-12T07:38:49Z
streampipes-examples,Examples supporting the StreamPipes developer guide,Java,6,2,2019-02-17T16:29:33Z,2026-07-22T02:43:01Z
streampipes-extensions,"Apache StreamPipes - A self-service (Industrial) IoT toolbox to enable non-technical users to connect, analyze and explore IoT data streams. This repository contains ready-to-use pipeline elements and adapters for StreamPipes Connect",Java,26,16,2018-08-06T21:04:26Z,2024-04-10T07:54:18Z
streampipes-installer,"Apache StreamPipes installation files for Linux, MacOS and Windows",Shell,15,12,2018-05-04T14:12:47Z,2024-04-10T07:54:15Z
streampipes-website,Apache StreamPipes Website,HTML,9,26,2019-11-13T09:26:29Z,2026-09-03T15:06:14Z
streams,Apache Streams,Java,80,44,2014-03-18T07:00:06Z,2026-05-07T10:29:48Z
streams-activitypub,Apache Streams ActivityPub Server,Scala,1,0,2024-01-26T15:04:37Z,2025-01-06T21:00:56Z
streams-examples,Mirror of Apache Streams (Incubating) Examples,Java,4,13,2015-02-17T08:00:05Z,2025-01-06T21:00:55Z
streams-master,Mirror of Apache Streams Master (Incubating),CSS,6,8,2015-06-16T07:00:05Z,2025-06-30T03:50:49Z
struts,"Apache Struts is a free, open-source, MVC framework for creating elegant, modern Java web applications",Java,1366,867,2014-01-15T08:00:08Z,2026-09-12T16:38:01Z
struts-annotations,Mirror of Apache Struts Annotations,Java,4,8,2015-03-10T19:06:30Z,2026-07-22T02:13:20Z
struts-archetypes,Mirror of Apache Struts Archetypes,Java,5,6,2016-07-15T07:00:06Z,2026-07-22T02:17:26Z
struts-archive,Mirror of Apache Struts Archive,HTML,1,3,2015-04-11T07:00:06Z,2026-07-22T02:13:44Z
struts-examples,Mirror of Apache Struts,Java,445,565,2014-03-11T07:00:06Z,2026-09-02T20:18:04Z
struts-extras,Mirror of Apache Struts extras,Java,7,5,2017-03-18T07:00:07Z,2026-07-22T02:20:10Z
struts-intellij-plugin,Apache Struts IntelliJ IDEA plugin,Java,5,3,2024-02-06T09:19:22Z,2026-09-09T04:42:59Z
struts-master,Mirror of Apache Struts,não informado,2,1,2015-01-08T08:00:05Z,2026-07-22T02:12:54Z
struts-maven,Mirror of Apache Struts Maven,Shell,2,3,2009-05-20T02:02:29Z,2026-07-22T02:01:13Z
struts-sandbox,Mirror of Apache Struts Sandbox,Java,5,4,2009-05-21T01:42:37Z,2025-01-14T12:54:31Z
struts-site,Mirror of Apache Struts site,HTML,65,583,2009-05-21T02:24:34Z,2026-09-12T09:25:51Z
struts1,Mirror of Apache Struts 1,Java,35,100,2009-05-21T01:36:19Z,2026-08-11T05:50:46Z
submarine,Submarine is Cloud Native Machine Learning Platform.,Java,704,248,2019-09-19T04:00:17Z,2026-08-19T15:17:59Z
submarine-site,Apache Submarine website,HTML,6,6,2019-10-29T15:16:26Z,2024-07-10T10:51:25Z
subversion,Mirror of Apache Subversion,C,642,196,2009-12-31T09:00:10Z,2026-09-11T20:56:23Z
superset,Apache Superset is a Data Visualization and Data Exploration Platform,Python,74737,18260,2015-07-21T18:55:34Z,2026-09-12T19:22:15Z
superset-kubernetes-operator,Apache Superset Kubernetes Operator,Go,24,9,2025-02-25T00:51:19Z,2026-09-11T23:13:18Z
superset-site,Apache superset (Incubating) website,HTML,11,19,2017-06-27T07:00:08Z,2026-09-12T19:23:19Z
synapse,Apache Synapse is a lightweight and high-performance Enterprise Service Bus (ESB),Java,84,65,2009-05-21T01:01:59Z,2026-09-10T03:38:42Z
synapse-go,Apache synapse,Go,6,5,2025-01-02T03:17:16Z,2026-07-22T03:12:41Z
syncope,Apache Syncope,Java,341,210,2014-10-23T07:00:10Z,2026-09-11T05:47:04Z
systemds,An open source ML system for the end-to-end data science lifecycle,Java,1097,545,2015-11-10T08:00:06Z,2026-09-10T11:44:00Z
systemds-website,Apache SystemDS Website,HTML,22,27,2015-11-21T08:00:05Z,2026-07-24T17:14:47Z
tac-website,Website sources for the Travel Assistance Committee,HTML,11,3,2023-02-09T19:52:36Z,2026-07-22T03:05:14Z
tajo,Mirror of Apache Tajo,Java,136,110,2014-03-21T07:00:07Z,2026-07-13T20:11:16Z
tajo-site,Apache Tajo Website,não informado,1,0,2018-03-06T21:34:46Z,2023-01-28T08:57:20Z
tapestry-5,A component-oriented framework for creating highly scalable web applications in Java.,Java,137,101,2012-05-23T07:00:11Z,2026-08-07T22:42:00Z
tapestry-5-site,Apache tapestry,não informado,2,1,2026-05-03T09:08:45Z,2026-08-29T09:48:51Z
tapestry-5-site-builder,Site configuration and Antora build logic for the Apache Tapestry website.,JavaScript,2,1,2026-05-03T09:09:22Z,2026-08-29T10:11:30Z
tapestry3,Mirror of Apache Tapestry 3,Java,5,10,2009-03-27T15:41:52Z,2025-04-14T03:46:39Z
tapestry4,Mirror of Apache Tapestry 4,Java,7,11,2009-03-27T15:41:53Z,2025-06-19T19:37:14Z
tashi,Mirror of Apache Tashi,Python,11,6,2012-07-11T07:00:13Z,2026-07-22T02:10:22Z
tcl-moddtcl,Apache tcl,C,1,0,2018-08-16T11:51:27Z,2026-07-31T01:27:58Z
tcl-modtcl,Apache Tcl modtcl,C,1,1,2018-08-13T15:44:14Z,2026-07-22T02:39:35Z
tcl-rivet,Apache Tcl  Rivet,Tcl,35,6,2018-07-18T10:39:07Z,2026-08-30T16:23:10Z
tcl-site,Apache tcl,HTML,1,1,2018-08-21T10:00:55Z,2026-09-05T16:42:21Z
tcl-websh,Apache Tcl  Websh,C,2,2,2018-08-10T13:39:32Z,2026-07-22T02:39:27Z
teaclave,"Apache Teaclave™ is an open source universal secure computing platform, making computation on privacy-sensitive data safe and simple.",não informado,805,155,2019-07-08T17:55:43Z,2026-07-23T14:10:53Z
teaclave-crates,A collection of ported and TEE-tailored Rust dependencies.,Assembly,10,9,2022-12-22T05:20:40Z,2026-08-06T02:54:12Z
teaclave-java-tee-sdk,"Apache Teaclave (incubating) Java TEE SDK is an open source universal confidential computing framework, making java computation on privacy-sensitive data safe and simple.",Java,67,21,2022-11-01T03:21:43Z,2026-08-29T05:57:31Z
teaclave-sgx-sdk,"Apache Teaclave™ SGX SDK helps developers to write Intel SGX applications in the Rust programming language, and also known as Rust SGX SDK.",Rust,1230,268,2017-04-27T05:43:24Z,2026-09-03T04:58:46Z
teaclave-trustzone-sdk,"Teaclave TrustZone SDK enables safe, functional, and ergonomic development of trustlets.",Rust,284,83,2019-01-25T22:56:42Z,2026-09-11T11:50:11Z
teaclave-website,Apache Teaclave Website,JavaScript,6,15,2020-05-14T00:32:58Z,2026-07-22T02:51:49Z
template-site,Apache Website Template Repository,HTML,9,5,2021-04-09T16:20:58Z,2026-07-22T02:56:52Z
terraform-provider-iceberg,Iceberg Terraform Provider,Go,16,14,2025-11-24T09:36:38Z,2026-09-04T14:20:11Z
terraform-provider-paimon,Terraform and OpenTofu provider for Apache Paimon,Go,2,2,2026-08-21T13:15:33Z,2026-09-09T05:55:18Z
terraform-provider-polaris,"Terraform provider for Apache Polaris, the interoperable, open source catalog for Apache Iceberg",não informado,1,1,2026-08-24T19:24:43Z,2026-08-25T22:06:29Z
texera,Human-AI Collaborative Data Science Using Visual Workflows,Scala,314,187,2016-03-15T20:38:46Z,2026-09-12T20:36:54Z
tez,Apache Tez,Java,519,443,2013-04-08T07:20:23Z,2026-08-24T13:26:38Z
thrift,Apache Thrift,C++,10957,4109,2009-09-18T08:00:17Z,2026-09-12T15:16:40Z
thrift-website,Apache Thrift Website,CSS,2,8,2020-10-30T10:11:47Z,2026-07-30T21:17:45Z
tika,"The Apache Tika toolkit detects and extracts metadata and text from over a thousand different file types (such as PPT, XLS, and PDF).",Java,4055,969,2009-05-21T02:12:11Z,2026-09-12T17:04:20Z
tika-docker,Convenience Docker images for Apache Tika Server,Dockerfile,245,82,2020-01-08T22:06:03Z,2026-08-15T01:49:47Z
tika-grpc-docker,Apache tika,Shell,1,0,2024-06-26T23:34:56Z,2026-07-22T03:10:09Z
tika-helm,A Helm chart to deploy Apache Tika on Kubernetes.,Go Template,33,25,2021-04-16T15:00:55Z,2026-07-22T02:56:59Z
tiles,Mirror of Apache Tiles,Java,110,88,2011-10-25T07:00:11Z,2026-07-23T23:01:59Z
tiles-autotag,Mirror of Apache Tiles Autotag,Java,13,17,2012-05-09T07:00:16Z,2026-07-23T13:39:36Z
tiles-request,Mirror of Apache Tiles Request,Java,10,23,2012-05-09T07:00:15Z,2026-07-22T02:10:27Z
tinkerpop,Apache TinkerPop - a graph computing framework,Java,2145,864,2015-02-07T08:00:05Z,2026-09-12T12:12:36Z
tomcat,Apache Tomcat,Java,8248,5393,2011-10-01T07:00:19Z,2026-09-11T12:50:13Z
tomcat-connectors,Apache Tomcat Connectors,C,23,36,2010-08-12T03:32:41Z,2026-07-29T19:18:42Z
tomcat-jakartaee-migration,Apache Tomcat migration tool for Jakarta EE,Java,195,67,2020-01-13T12:37:17Z,2026-09-11T17:18:48Z
tomcat-maven-plugin,Apache Tomcat Maven plugin,Java,179,153,2011-09-01T07:00:15Z,2026-09-08T20:44:03Z
tomcat-native,Mirror of Apache Tomcat Native,C,94,64,2010-08-12T03:32:41Z,2026-09-07T20:47:37Z
tomcat-site,Apache Tomcat Site Mirror,XSLT,1,0,2026-07-16T13:48:57Z,2026-09-07T20:53:24Z
tomcat-taglibs-parent,Apache Tomcat Tag Libraries Parent POM,não informado,1,3,2020-04-09T09:38:22Z,2026-07-22T02:50:59Z
tomcat-taglibs-rdc,Apache tomcat,Java,1,1,2020-04-09T09:39:26Z,2026-07-22T02:51:03Z
tomcat-taglibs-site,Apache tomcat,não informado,1,2,2020-04-09T09:38:55Z,2026-07-22T02:51:01Z
tomcat-taglibs-standard,Apache tomcat,Java,6,6,2020-04-09T09:37:41Z,2026-07-22T02:50:57Z
tomcat-tck,Apache tomcat,Java,7,4,2024-01-15T13:55:38Z,2026-08-31T06:36:30Z
tomcat-training,Apache Tomcat Training Material,JavaScript,19,14,2018-02-16T09:43:45Z,2026-07-22T02:36:24Z
tomcat55,Mirror of Apache Tomcat 5.5.x,Java,12,14,2010-08-12T03:32:40Z,2026-03-10T04:54:37Z
tomcat80,Mirror of Apache Tomcat 8.0.x,Java,123,112,2014-11-09T08:00:07Z,2026-08-29T09:00:18Z
tomee,Apache TomEE,Java,478,695,2013-01-22T08:00:16Z,2026-09-12T02:43:47Z
tomee-bval,BVal for Apache TomEE,não informado,1,0,2021-04-30T23:48:02Z,2026-07-22T02:57:15Z
tomee-chatterbox,Apache tomee,Java,4,6,2019-03-05T10:44:54Z,2026-07-22T02:43:23Z
tomee-jakarta,Apache TomEE for Jakarta EE 9,Java,3,10,2020-06-19T08:25:48Z,2026-07-22T02:52:35Z
tomee-jakartaee-api,Jakarta EE API Uber Jar,Java,5,5,2020-05-28T22:12:37Z,2026-07-22T02:52:11Z
tomee-mbean-annotation-api,Apache tomee,não informado,0,0,2022-05-14T15:29:27Z,2026-07-22T03:02:00Z
tomee-patch-plugin,Apache TomEE Patch Plugin,Java,3,7,2020-06-10T19:49:00Z,2026-07-22T02:52:21Z
tomee-quartz-shade,Apache TomEE - Dependencies - Quartz Shade,não informado,0,0,2025-01-07T10:44:24Z,2026-07-22T03:12:43Z
tomee-release-tools,Apache TomEE Release Tools,Java,1,1,2021-05-10T22:57:57Z,2026-07-22T02:57:27Z
tomee-site,Mirror of Apache TomEE - Site,HTML,3,4,2013-01-23T08:00:18Z,2026-07-22T02:10:03Z
tomee-site-generator,Mirror of Apache TomEE Site Generator,Java,13,36,2017-07-05T07:00:07Z,2026-08-28T03:32:23Z
tomee-site-ng,Mirror of Apache TomEE Site-NG,JavaScript,1,0,2017-06-02T07:00:08Z,2026-07-22T02:21:13Z
tomee-site-pub,Apache TomEE published website,HTML,5,8,2020-08-28T01:25:39Z,2026-09-12T12:31:48Z
tomee-tck,Apache TomEE TCK Setup,Java,8,14,2019-01-13T19:14:46Z,2026-08-23T19:04:19Z
toolchain,Ansible,Shell,5,8,2014-06-27T15:39:10Z,2023-11-20T20:11:37Z
tooling-actions,Apache Trusted Release Actions,Makefile,4,4,2025-08-22T13:22:20Z,2026-08-27T16:50:54Z
tooling-asf-example,Apache tooling,Python,2,1,2025-08-12T18:24:23Z,2026-07-22T06:10:39Z
tooling-asfswhid,Python bindings for the swhid-rs SWHID v1.2 reference implementation (ISO/IEC 18670:2025),Rust,0,1,2026-05-20T19:29:12Z,2026-06-24T14:10:38Z
tooling-atr-maven-plugin,Apache Tooling ATR Maven Plugin,Java,5,2,2026-05-11T20:20:11Z,2026-08-29T10:31:14Z
tooling-docs,ASF Tooling Team Documentation Repository,HTML,10,8,2024-12-11T10:22:25Z,2026-08-31T09:18:53Z
tooling-llmao,llmao,Python,1,1,2026-08-05T16:35:33Z,2026-09-12T20:03:09Z
tooling-releases-client,Apache Trusted Releases Client,Python,5,4,2025-07-08T17:39:29Z,2026-09-01T19:39:47Z
tooling-trusted-releases,Apache Trusted Releases,Python,28,27,2025-02-10T16:20:05Z,2026-09-11T19:40:00Z
trafficcontrol,Apache Traffic Control is an Open Source implementation of a Content Delivery Network,Go,1156,355,2016-09-02T07:00:06Z,2026-09-11T16:13:05Z
trafficcontrol-trafficops-types,Apache trafficcontrol,TypeScript,0,4,2022-07-20T20:03:00Z,2025-11-24T16:09:04Z
trafficcontrol-website,Apache Traffic Control Website,HTML,1,5,2018-06-13T18:42:49Z,2025-11-24T16:09:05Z
trafficserver,"Apache Traffic Server™ is a fast, scalable and extensible HTTP/1.1 and HTTP/2 compliant caching proxy server.",C++,1983,875,2009-10-31T08:00:10Z,2026-09-12T19:35:30Z
trafficserver-ci,Apache Trafficserver CI,Shell,7,15,2021-02-18T23:28:36Z,2026-09-11T22:54:10Z
trafficserver-ingress-controller,Apache Traffic Server Ingress Controller for Kubernetes,Go,47,12,2020-04-13T22:57:44Z,2026-09-06T14:53:41Z
trafficserver-libswoc,Apache trafficserver,C++,5,9,2024-01-24T16:25:45Z,2026-09-05T01:41:02Z
trafficserver-qa,Mirror of Apache TrafficServer QA,Python,4,13,2015-01-28T08:00:05Z,2026-07-22T02:13:04Z
trafficserver-site,"Apache Traffic Server™ is a fast, scalable and extensible HTTP/1.1 and HTTP/2 compliant caching proxy server.",HTML,5,6,2019-06-17T19:31:49Z,2026-08-28T17:35:26Z
trafodion,Apache Trafodion,C++,246,148,2015-05-27T07:00:05Z,2026-07-13T20:12:04Z
trafodion-site,Apache Trafodion Site,HTML,1,0,2019-01-09T04:36:10Z,2025-08-20T16:16:13Z
training,Apache training,HTML,34,39,2019-02-21T21:43:59Z,2026-07-22T02:43:11Z
treasurer-site,ASF Corporate Treasurer Information,HTML,1,4,2021-04-08T16:09:54Z,2026-07-22T02:56:51Z
tsfile,Apache TsFile,Java,202,104,2023-11-17T08:07:14Z,2026-09-11T16:46:40Z
tsfile-extras,Apache tsfile,não informado,0,0,2026-08-20T02:49:12Z,2026-08-20T02:49:13Z
tsfile-viewer,Apache TsFile Viewer,Java,30,9,2022-11-13T01:39:31Z,2026-09-01T06:52:28Z
tsfile-website,Apache tsfile,HTML,3,1,2024-01-28T08:35:05Z,2026-09-07T10:34:19Z
turbine-archetypes,Apache Turbine,Java,1,2,2018-06-13T00:03:19Z,2026-07-22T02:38:20Z
turbine-build,"Apache Turbine Build is a collection of main Turbine endpoints Core    Archetypes   shared components Parent, site, .. - provided as modules to allow transparent building.",não informado,0,0,2021-12-09T15:41:58Z,2026-07-22T03:00:23Z
turbine-core,Apache Turbine open-source web framework,Java,11,4,2018-01-07T08:00:08Z,2026-09-11T12:16:47Z
turbine-fulcrum-build,Website sources for the Apache Turbine Fulcrum Subproject,não informado,1,1,2021-09-08T13:42:36Z,2026-07-22T02:59:27Z
turbine-fulcrum-cache,Apache Turbine Fulcrum Cache Component,não informado,1,0,2021-09-06T11:50:20Z,2026-07-22T02:59:06Z
turbine-fulcrum-crypto,Apache Turbine Fulcrum Crypto Service Component,Java,1,2,2021-09-06T11:58:15Z,2026-07-22T02:59:20Z
turbine-fulcrum-factory,Apache Turbine Fulcrum Factory Service Component,Java,1,1,2021-09-06T11:56:57Z,2026-07-22T02:59:17Z
turbine-fulcrum-intake,Apache Turbine Fulcrum Intake Service Component,Java,1,2,2021-09-06T11:57:44Z,2026-07-22T02:59:18Z
turbine-fulcrum-json,Apache Turbine Fulcrum JSON Component,Java,1,1,2021-09-06T11:52:41Z,2026-07-22T02:59:08Z
turbine-fulcrum-localization,Apache Turbine Fulcrum Localization Service Component,Java,1,2,2021-09-06T11:58:39Z,2026-07-22T02:59:21Z
turbine-fulcrum-parser,Apache Turbine Fulcrum Parser Service Component,Java,2,3,2021-09-06T11:56:36Z,2026-08-14T14:27:53Z
turbine-fulcrum-pool,Apache Turbine Fulcrum Pool Service Component,Java,1,1,2021-09-06T11:56:11Z,2026-07-22T02:59:14Z
turbine-fulcrum-quartz,Apache Turbine Fulcrum Quartz Scheduler Component,Java,1,2,2021-09-06T11:55:21Z,2026-07-22T02:59:12Z
turbine-fulcrum-security,Apache Turbine Fulcrum Security Component,Java,2,2,2021-09-06T11:53:43Z,2026-07-22T02:59:09Z
turbine-fulcrum-site,Website Wrapper for Apache Turbine Fulcrum Components,não informado,1,1,2021-09-15T08:35:25Z,2026-07-22T02:59:30Z
turbine-fulcrum-testcontainer,Apache Turbine Fulcrum Test Container Component,Java,1,1,2021-09-06T11:59:34Z,2026-07-22T02:59:23Z
turbine-fulcrum-upload,Apache Turbine Fulcrum Component Upload,Java,1,1,2021-09-21T14:28:19Z,2026-07-22T02:59:33Z
turbine-fulcrum-yaafi,Apache Turbine Fulcrum YAAFI Container Component,Java,1,2,2021-09-06T11:54:40Z,2026-07-22T02:59:11Z
turbine-fulcrum-yaafi-crypto,Apache Turbine Fulcrum YAAFI Crypto Library Component,Java,1,1,2021-09-06T12:00:21Z,2026-07-22T02:59:24Z
turbine-parent,The parent POM for the Apache Turbine and Fulcrum project,não informado,1,0,2021-09-06T13:04:06Z,2026-07-22T02:59:26Z
turbine-parent-assembly-default,Apache turbine,não informado,0,0,2023-10-23T09:59:51Z,2026-07-22T03:08:02Z
turbine-site,Main website sources for the Apache Turbine Project,não informado,2,0,2021-09-06T11:46:16Z,2026-07-22T02:59:05Z
tuscany-das,Mirror of Apache Tuscany DAS,Java,2,6,2009-11-30T09:00:10Z,2026-07-22T02:11:28Z
tuscany-js,Apache Tuscani (retired) JS,não informado,1,0,2019-01-25T13:53:34Z,2023-01-28T08:57:20Z
tuscany-sca-1.x,Mirror of Apache Tuscany SCA 1.x,Java,3,6,2009-11-30T09:00:10Z,2026-07-22T02:11:29Z
tuscany-sca-2.x,Mirror of Apache Tuscany SCA 2.x,Java,25,14,2009-11-30T09:00:10Z,2026-07-22T02:11:27Z
tuscany-sca-cpp,Mirror of Tuscany SCA C++,C++,9,5,2010-04-22T02:00:34Z,2026-07-23T21:28:23Z
tuscany-sdo,Mirror of Apache Tuscany SDO,Java,8,9,2009-11-30T09:00:10Z,2026-07-23T14:10:55Z
tvm,Open Machine Learning Compiler Framework,Python,13741,3974,2016-10-12T22:20:28Z,2026-09-12T18:17:30Z
tvm-ffi,Open ABI and FFI for Machine Learning Systems,C++,462,98,2025-09-13T22:21:46Z,2026-09-12T15:00:55Z
tvm-rfcs,A home for the final text of all TVM RFCs.,não informado,111,78,2021-02-24T21:06:54Z,2026-07-22T02:56:04Z
tvm-site,repo for tvm,JavaScript,26,36,2019-10-08T18:44:15Z,2026-07-22T02:47:21Z
tvm-vta,"Open, Modular, Deep Learning Accelerator",Scala,365,97,2020-03-30T03:44:23Z,2026-09-09T07:34:38Z
twill,Mirror of Apache Twill,Java,69,68,2016-07-29T07:00:06Z,2026-05-08T03:09:02Z
uima-addons,Mirror of Apache UIMA addons,Java,11,13,2013-12-10T08:00:21Z,2026-05-19T12:29:37Z
uima-async-scaleout,Apache UIMA UIMA Asynchronous Scaleout (UIMA-AS),Java,1,3,2020-04-23T13:46:12Z,2026-05-19T12:22:51Z
uima-build,Mirror of Apache UIMA build,XSLT,2,2,2013-12-10T08:00:23Z,2026-05-19T12:27:55Z
uima-build-jenkins-shared-library,Shared Jenkins Library for Apache UIMA builds,Groovy,2,1,2021-01-25T12:17:20Z,2026-07-22T02:55:36Z
uima-build-resources,Build Resources for Apache UIMA builds,XSLT,0,1,2020-11-12T20:51:03Z,2026-07-22T02:54:56Z
uima-ducc,[RETIRED 2022-12-21] Apache UIMA DUCC — Distributed UIMA Cluster Computing. No longer maintained.,Java,1,0,2023-07-18T13:08:57Z,2026-05-19T12:55:38Z
uima-parent-pom,Apache UIMA Parent POM,não informado,1,1,2020-11-04T08:27:22Z,2026-07-22T02:54:52Z
uima-ruta,Apache UIMA Ruta,Java,20,3,2020-05-11T23:07:09Z,2026-07-24T19:00:06Z
uima-sandbox,Mirror of Apache UIMA sandbox,Java,6,4,2013-12-10T08:00:24Z,2026-05-19T12:30:23Z
uima-site,Apache UIMA Website,HTML,1,1,2022-03-28T10:22:36Z,2026-07-22T03:01:33Z
uima-uimacpp,C++ support for Apache UIMA,C++,16,17,2013-12-10T08:00:24Z,2026-07-22T02:10:25Z
uima-uimafit,Apache UIMA uimaFIT,Java,33,16,2013-12-10T08:00:25Z,2026-05-19T12:21:04Z
uima-uimaj,Apache UIMA Java SDK,Java,71,39,2013-11-29T08:00:16Z,2026-09-11T17:18:57Z
uima-uimaj-io-jsoncas,Apache UIMA Java SDK JSON CAS Support,Java,2,2,2022-02-09T14:07:59Z,2026-07-22T03:00:59Z
uniffle,"Uniffle is a high performance, general purpose Remote Shuffle Service.",Java,454,172,2022-06-17T01:47:53Z,2026-09-10T05:38:01Z
uniffle-rust,Apache uniffle,não informado,0,0,2025-03-10T12:52:33Z,2026-07-22T03:13:14Z
uniffle-website,Apache Uniffle Website,JavaScript,7,15,2022-08-25T04:16:37Z,2026-07-22T03:03:02Z
universal-wiki-converter,"Universal Wiki Converter (UWC) is a Java tool used to convert various wikis into Confluence format. No need to fork it, ask for access!",Java,6,2,2018-07-20T20:31:47Z,2026-08-11T11:53:23Z
unomi,Apache Unomi,Java,373,145,2015-11-24T08:00:05Z,2026-09-04T10:03:38Z
unomi-site,Apache Unomi website,HTML,5,10,2018-09-10T08:34:39Z,2026-07-22T02:40:13Z
unomi-tracker,Apache unomi,JavaScript,5,3,2022-08-29T09:26:30Z,2026-07-22T03:03:05Z
usergrid,Mirror of Apache Usergrid,Java,989,408,2013-11-05T08:00:14Z,2026-09-07T12:06:48Z
usergrid-android,Mirror of Apache usergrid Android SDK,Java,11,10,2016-09-01T07:00:07Z,2023-01-28T04:21:10Z
usergrid-dotnet,Mirror of Apache usergrid .NET SDK,C#,5,5,2016-09-01T07:00:07Z,2023-07-25T14:03:45Z
usergrid-java,Mirror of Apache usergrid Java SDK,Java,11,18,2016-09-01T07:00:08Z,2024-11-20T06:48:47Z
usergrid-javascript,Mirror of Apache usergrid JavaScript SDK,JavaScript,15,5,2016-09-01T07:00:08Z,2023-01-28T04:21:10Z
usergrid-nodejs,Mirror of Apache usergrid NodeJS SDK,JavaScript,8,4,2016-09-01T07:00:08Z,2023-08-21T20:59:55Z
usergrid-python,Mirror of Apache usergrid Python SDK,Python,7,4,2016-09-01T07:00:09Z,2023-01-28T04:21:10Z
usergrid-qakka,Mirror of Apache Usergrid - Qakka Queue System,Java,2,2,2016-11-29T08:00:08Z,2023-01-28T04:21:11Z
usergrid-swift,Mirror of Apache usergrid Swift SDK,Swift,14,9,2016-09-01T07:00:09Z,2026-06-30T16:35:21Z
vcl,Mirror of Apache VCL,Perl,14,21,2017-10-17T07:00:08Z,2026-07-22T02:23:42Z
vcl-site,Website sources for the Apache VCL website,HTML,8,3,2020-03-09T19:19:50Z,2026-07-22T02:49:53Z
velocity-engine,Mirror of Apache Velocity Engine,Java,416,136,2013-11-22T08:00:13Z,2026-09-12T16:52:04Z
velocity-master,Apache Velocity,não informado,3,1,2020-04-02T14:29:38Z,2026-07-22T02:50:45Z
velocity-site,Apache Velocity Site,HTML,8,8,2020-04-02T14:33:23Z,2026-07-22T02:50:47Z
velocity-tools,Mirror of Apache Velocity Tools,Java,59,48,2013-11-22T08:00:14Z,2026-08-07T11:14:07Z
voxpupuli-puppet-fail2ban,"This module installs, configures and manages the Fail2ban service.",não informado,1,0,2024-05-12T18:36:44Z,2026-07-22T03:09:54Z
vxquery,Mirror of Apache VXQuery,Java,21,29,2015-03-17T07:00:06Z,2026-05-12T07:02:57Z
wayang,Apache Wayang is the first cross-platform data processing system.,Java,274,140,2020-12-16T12:51:54Z,2026-09-08T04:05:15Z
wayang-website,Apache Wayang Website,HTML,6,16,2021-01-08T16:14:02Z,2026-08-21T06:41:22Z
webservices-commons-xmlschema,Mirror of Apache Web Services Commons XMLSchema,Java,6,4,2010-10-26T07:00:17Z,2026-07-22T02:11:08Z
whimsy,Apache Whimsy is a collection of useful organizational tools used by the ASF and Apache committers,Ruby,125,100,2015-11-26T06:56:46Z,2026-09-06T10:17:36Z
whimsy-test,whimsy test,não informado,1,1,2015-12-04T17:51:54Z,2026-07-22T02:15:49Z
whimsy-whimsical-site,Apache Whimsy Site,HTML,5,4,2019-01-07T18:36:13Z,2026-07-22T02:42:07Z
whirr,Mirror of Apache Whirr,Java,96,55,2010-08-12T03:32:41Z,2026-05-12T03:38:49Z
wicket,Apache Wicket - Component-based Java web framework,Java,796,413,2009-05-21T01:51:51Z,2026-09-12T19:36:44Z
wicket-site,Mirror of Apache Wicket Web Site,HTML,7,16,2015-06-17T07:00:06Z,2026-09-10T12:34:04Z
wink,Apache Wink (Retired),Java,20,21,2009-07-10T08:00:18Z,2023-07-07T12:23:48Z
wink-website,Mirror of Apache Wink Website,HTML,2,1,2016-12-07T08:00:07Z,2024-06-06T04:19:03Z
wookie,Mirror of Apache Wookie -- Moved to the Attic,Java,6,4,2014-02-03T08:00:07Z,2024-02-23T15:04:22Z
ws-axiom,Apache Axiom,Java,19,26,2019-10-31T14:26:11Z,2026-09-05T20:17:28Z
ws-neethi,Apache WebService - Neethi,Java,4,5,2019-10-30T18:14:11Z,2026-09-01T08:12:58Z
ws-parent,Apache Web Services - Parent,não informado,1,0,2019-11-07T20:11:34Z,2026-07-22T02:47:57Z
ws-woden,Apache Woden,não informado,1,0,2019-11-06T22:46:55Z,2026-07-22T02:47:55Z
ws-wss4j,Apache WebServices - WSS4J,Java,45,53,2019-10-31T14:25:13Z,2026-09-11T10:31:17Z
ws-xmlschema,Apache Web Services - XmlSchema,Java,17,21,2019-10-31T14:26:31Z,2026-09-10T06:00:26Z
www-site,The ASF Website,JavaScript,65,162,2021-04-24T13:35:55Z,2026-09-11T14:01:44Z
xalan-c,Apache Xalan C,C++,38,37,2019-04-24T02:57:39Z,2026-07-31T13:14:09Z
xalan-j,Mirror of Apache Xalan Java,Java,26,64,2009-03-27T15:41:55Z,2026-08-29T11:40:30Z
xalan-java,Apache Xalan-Java,Java,30,48,2019-04-15T17:09:30Z,2026-08-29T03:59:34Z
xalan-pmc,Apache Xalan-PMC,não informado,0,0,2019-04-14T19:10:54Z,2026-07-22T02:44:01Z
xalan-site,Apache Xalan-Site,HTML,4,3,2019-04-15T17:08:42Z,2026-08-07T05:48:27Z
xalan-test,Apache Xalan-Test,XSLT,3,6,2019-04-22T01:32:41Z,2026-07-22T02:44:21Z
xerces-c,Apache Xerces-C   validating XML parser,C++,161,102,2020-01-10T10:00:34Z,2026-09-02T14:59:36Z
xerces-c-admin,Apache Xerces-C   admininistration,não informado,2,0,2020-01-10T14:30:26Z,2026-07-22T02:48:59Z
xerces-j,Apache Xerces-J,Java,8,19,2024-04-26T04:54:10Z,2026-09-05T21:19:40Z
xerces2-j,Mirror of Apache Xerces2 Java,Java,43,61,2010-11-15T08:00:08Z,2026-08-29T11:40:35Z
xmlgraphics,Apache xmlgraphics,não informado,1,0,2023-02-10T06:49:13Z,2026-07-22T03:05:16Z
xmlgraphics-batik,Apache XML Graphics Batik,Java,246,154,2009-05-21T02:32:14Z,2026-09-11T14:34:42Z
xmlgraphics-commons,Apache XML Graphics Commons,Java,22,25,2009-05-21T01:35:45Z,2026-07-22T02:01:57Z
xmlgraphics-fop,Apache XML Graphics FOP,Java,229,160,2009-05-21T00:26:43Z,2026-09-07T11:25:15Z
xmlgraphics-fop-pdf-images,Apache XML Graphics FOP PDF Images,Java,20,3,2014-11-08T08:00:07Z,2026-07-22T02:12:39Z
xmlgraphics-website,Apache XML Graphics Website,HTML,6,4,2020-08-25T12:38:24Z,2026-08-20T20:38:47Z
yetus,Apache Yetus,Shell,72,59,2015-09-18T07:00:05Z,2026-08-15T14:18:37Z
yetus-homebrew,Apache Yetus Homebrew Formula,Shell,0,3,2020-10-18T20:28:45Z,2026-07-22T02:54:44Z
yetus-test-patch-action,Apache Yetus test-patch GitHub Action,Shell,1,5,2020-09-23T14:42:46Z,2026-07-22T02:54:33Z
yunikorn-core,Apache YuniKorn Core,Go,1027,287,2019-06-13T15:18:08Z,2026-09-10T15:53:44Z
yunikorn-k8shim,Apache YuniKorn K8shim,Go,167,170,2019-06-13T15:24:21Z,2026-09-10T11:03:39Z
yunikorn-release,Apache YuniKorn Release,Go,48,74,2020-04-14T05:42:59Z,2026-09-10T10:53:41Z
yunikorn-scheduler-interface,Apache YuniKorn Scheduler Interface,Makefile,36,76,2019-06-13T15:20:04Z,2026-09-09T05:32:44Z
yunikorn-site,Apache Yunikorn website - see the master branch for instructions,MDX,31,93,2020-03-20T04:03:45Z,2026-08-25T06:49:51Z
yunikorn-web,Apache YuniKorn Web UI,TypeScript,39,84,2019-06-13T15:18:49Z,2026-08-24T11:46:50Z
zeppelin,"Web-based notebook that enables data-driven, interactive data analytics and collaborative documents with SQL, Scala and more.",Java,6657,2839,2015-03-25T07:00:06Z,2026-09-12T14:13:30Z
zeppelin-site,Apache zeppelin,JavaScript,13,25,2023-09-09T05:38:36Z,2026-07-22T03:07:37Z
zetacomponents,Mirror of Apache Zeta Components,PHP,48,13,2011-03-06T08:00:07Z,2026-07-22T02:10:56Z
zookeeper,Apache ZooKeeper,Java,12803,7317,2009-03-27T15:41:56Z,2026-09-11T19:05:28Z
